CustomerID,ExtPrice_sum,ExtPrice_mean,ExtPrice_std,ExtPrice_count,ExtCost_sum,ExtCost_mean,SalesQty_sum,SalesQty_mean,SalesQty_std,UnitPrice_mean_x,UnitPrice_std_x,UnitPrice_min_x,UnitPrice_max_x,UnitCost_mean,UnitCost_std,OrderNumber_nunique,ProductID_nunique,SalesDate_min,SalesDate_max,TotalProfit,ProfitMargin,AvgOrderValue,PriceVolatility,QuantityVolatility,CustomerLifetime,AvgDaysBetweenOrders,QuoteID_nunique,QuoteVersion_mean,QuoteVersion_max,UnitPrice_mean_y,UnitPrice_std_y,UnitPrice_min_y,UnitPrice_max_y,QuoteQty_sum,QuoteQty_mean,QuoteQty_std,QuoteStatus_<lambda>,ConvertedToOrderNumber_<lambda>,QuoteConversionRate,AvgNegotiationRounds,QuotePriceVolatility
CUST1,27659154.7,81.0919,509.2891,341084,19987430.2762,58.5997,182105681,533.9027,5876.9546,22.3424,35.3167,0.0019,2483.87,17.4788,27.5351,30620,1180,2022-01-04,2025-09-08,7671724.423799999,0.2773665539315993,903.3035499673416,1.5807030578630763,11.007538639531136,1343,0.04386022207707381,494503,1.2189,2,23.9964,38.2863,0.0019,2630.1636,337730152.2911,533.4724,5525.2565,0.5388,436341,0.8823829177982743,1.2189,1.595501825273791
CUST10,30935842.85,217.9855,711.2772,141917,21659364.6204,152.6199,336343568,2370.002,14483.7878,4.646,6.9061,0.0001,577.43,3.3962,5.2405,14357,1882,2022-01-04,2025-09-08,9276478.229600001,0.2998618228887208,2154.7567632513756,1.48646147223418,6.111297711985054,1343,0.09354321933551578,205684,1.2184,2,4.9598,7.3055,0.0001,577.43,627526543.3665,2384.609,14571.3226,0.5393,181449,0.882173625561541,1.2184,1.4729424573571515
CUST100,77583.22,61.8193,71.2393,1255,52855.23,42.1157,47492,37.8422,232.2909,37.915,289.405,0.765,10218.0,26.1305,201.6611,75,141,2022-01-03,2025-08-14,24727.989999999998,0.3187285858978268,1034.4429333333333,7.632994856916787,6.138408971994229,1319,17.586666666666666,1812,1.2223,2,36.1294,213.9527,0.765,10218.0,76750.576,32.9402,207.3393,0.5386,1615,0.8912803532008831,1.2223,5.921844813365293
CUST1000,21.45,10.725,8.0964,2,5.88,2.94,200,100.0,0.0,0.1072,0.081,0.05,0.1645,0.0294,0.0034,2,2,2022-01-11,2025-07-31,15.57,0.7258741258741259,10.725,0.7555970149253731,0.0,1297,648.5,2,1.3333,2,0.0894,0.065,0.05,0.1645,300.0,100.0,0.0,0.6667,3,1.5,1.3333,0.7270693512304252
CUST1001,18.9,18.9,0.0,1,9.24,9.24,70,70.0,0.0,0.27,0.0,0.27,0.27,0.132,0.0,1,1,2022-01-25,2022-01-25,9.659999999999998,0.5111111111111111,18.9,0.0,0.0,0,0.0,2,1.0,1,0.2825,0.0177,0.27,0.2951,144.4979,72.249,3.1805,0.5,1,0.5,1.0,0.06265486725663717
CUST1002,1086.0,217.2,217.365,5,386.81,77.362,30000,6000.0,4058.9031,0.0331,0.0144,0.0219,0.0583,0.0131,0.0011,3,1,2022-06-17,2024-06-06,699.19,0.6438213627992634,362.0,0.43504531722054385,0.67648385,720,240.0,6,1.1429,2,0.0383,0.0164,0.0219,0.0639,39995.332,5713.6189,4226.9081,0.7143,6,1.0,1.1429,0.42819843342036557
CUST1003,420.48,210.24,0.0,2,208.8,104.4,288,144.0,0.0,1.46,0.0,1.46,1.46,0.725,0.0212,2,1,2022-03-31,2022-10-27,211.68,0.5034246575342466,210.24,0.0,0.0,210,105.0,2,1.3333,2,1.6804,0.3817,1.46,2.1211,432.0,144.0,0.0,0.6667,3,1.5,1.3333,0.22714829802427994
CUST1004,115.92,38.64,17.7084,3,61.47,20.49,20,6.6667,3.0551,5.7959,0.0008,5.795,5.7967,3.0679,0.0242,1,3,2023-08-30,2023-08-30,54.45,0.46972049689441,115.92,0.00013802860642868236,0.4582627086864566,0,0.0,4,1.0,1,6.0105,0.4292,5.795,6.6543,27.0811,6.7703,2.503,0.75,3,0.75,1.0,0.07140836868812911
CUST1005,7288.24,7288.24,0.0,1,6195.0,6195.0,1,1.0,0.0,7288.24,0.0,7288.24,7288.24,6195.0,0.0,1,1,2024-03-06,2024-03-06,1093.2399999999998,0.15000054882934696,7288.24,0.0,0.0,0,0.0,1,1.0,1,7288.24,0.0,7288.24,7288.24,1.0,1.0,0.0,1.0,1,1.0,1.0,0.0
CUST1006,892.31,24.7864,38.1185,36,935.96,25.9989,3266,90.7222,72.3794,0.3298,0.2567,0.04,1.073,0.2935,0.2147,30,12,2022-01-12,2025-07-16,-43.65000000000009,-0.04891797693626665,29.743666666666666,0.7783505154639175,0.7978135450859878,1281,42.7,54,1.1692,2,0.3701,0.2811,0.04,1.2951,5311.4273,81.7143,65.8007,0.5538,46,0.8518518518518519,1.1692,0.759524452850581
CUST1007,4698.08,276.3576,263.0192,17,2659.14,156.42,7361,433.0,311.1033,0.6292,0.2896,0.29,0.8994,0.3542,0.1416,8,2,2022-01-11,2023-05-24,2038.94,0.43399431257024146,587.26,0.4602670057215512,0.7184833718244803,498,62.25,26,1.2778,2,0.7468,0.3018,0.29,1.1024,17313.6405,480.9345,328.0477,0.4722,23,0.8846153846153846,1.2778,0.40412426352437064
CUST1008,15.0,15.0,0.0,1,6.0,6.0,50,50.0,0.0,0.3,0.0,0.3,0.3,0.12,0.0,1,1,2022-02-08,2022-02-08,9.0,0.6,15.0,0.0,0.0,0,0.0,1,1.0,1,0.3,0.0,0.3,0.3,50.0,50.0,0.0,1.0,1,1.0,1.0,0.0
CUST1009,168.02,42.005,82.0042,4,126.83,31.7075,262,65.5,92.0344,0.8466,1.6357,0.0129,3.3,0.638,1.2306,3,3,2022-10-17,2025-06-19,41.19000000000001,0.2451493869777408,56.00666666666667,1.9320812662414362,1.4051053435114504,976,325.3333333333333,5,1.0,1,0.6852,1.4617,0.0129,3.3,268.0175,53.6035,84.0261,0.8,4,0.8,1.0,2.1332457676590777
CUST101,86138.55,241.2845,651.2146,357,55400.24,155.1827,23767,66.5742,305.1267,51.5985,132.3067,0.08,1642.15,35.3348,91.765,34,66,2022-01-11,2025-02-17,30738.310000000005,0.35684731168565065,2533.4867647058823,2.5641578728063803,4.583257478122156,1133,33.3235294117647,508,1.2209,2,51.6962,111.0314,0.08,1642.15,39799.4384,61.0421,282.6343,0.5475,457,0.8996062992125984,1.2209,2.147767147295159
CUST1010,563.19,18.1674,12.4202,31,394.26,12.7181,799,25.7742,17.3045,0.7152,0.0815,0.3938,0.77,0.5107,0.0588,30,2,2022-01-25,2025-03-27,168.93000000000006,0.29995205880786246,18.773000000000003,0.11395413870246086,0.6713884427062722,1157,38.56666666666667,47,1.2167,2,0.7557,0.1205,0.3938,1.018,1595.0813,26.5847,16.5051,0.5167,41,0.8723404255319149,1.2167,0.15945481010983192
CUST1011,4128.28,33.2926,107.3173,124,3460.69,27.9088,9893,79.7823,88.3322,1.0382,9.2408,0.0164,103.099,0.6949,5.3254,10,8,2022-01-19,2025-08-14,667.5899999999997,0.1617114149234063,412.828,8.900789828549412,1.1071653737733806,1303,130.3,172,1.1963,2,1.3024,11.1299,0.0164,126.8951,17722.8179,82.8169,101.0283,0.5794,153,0.8895348837209303,1.1963,8.545684889434888
CUST1012,218.4,27.3,24.6534,8,189.99,23.7488,893,111.625,149.7244,0.3254,0.2422,0.115,0.7139,0.296,0.2563,5,3,2022-07-07,2025-08-05,28.409999999999997,0.13008241758241756,43.68,0.7443146896127842,1.34131601343785,1125,225.0,14,1.1765,2,0.3703,0.2561,0.115,0.7845,2032.7803,119.5753,134.905,0.4706,10,0.7142857142857143,1.1765,0.6916014042668106
CUST1013,7521.78,752.178,604.9116,10,2733.32,273.332,48390,4839.0,2596.4162,0.1535,0.1192,0.0438,0.3647,0.0544,0.0127,9,3,2022-01-21,2025-08-04,4788.459999999999,0.6366126103129843,835.7533333333333,0.7765472312703583,0.5365604877040712,1291,143.44444444444446,15,1.1176,2,0.1315,0.0971,0.0438,0.3647,84586.5466,4975.6792,2979.0092,0.5882,11,0.7333333333333333,1.1176,0.7384030418250951
CUST1014,17950.92,2243.865,1457.8188,8,7541.18,942.6475,250932,31366.5,18790.3491,0.0695,0.0062,0.06,0.0771,0.0306,0.0015,5,1,2022-01-06,2024-08-23,10409.739999999998,0.5799000831155171,3590.1839999999997,0.08920863309352517,0.5990578834106451,960,192.0,13,1.2778,2,0.0757,0.0079,0.06,0.0929,415585.1812,23088.0656,14925.9379,0.4444,11,0.8461538461538461,1.2778,0.10435931307793923
CUST1015,113469.09,364.8524,238.579,311,89102.64,286.5037,510,1.6399,11.2843,352.4069,130.6268,19.45,2199.99,277.0144,159.2913,311,4,2022-02-24,2025-06-16,24366.449999999997,0.2147408602642358,364.8523794212218,0.37067038131205715,6.88109031038478,1208,3.8842443729903535,458,1.2117,2,374.2791,117.9538,19.45,2199.99,1199.367,2.0643,14.7505,0.5353,396,0.8646288209606987,1.2117,0.31514930969963323
CUST1016,2649.61,176.6407,221.8763,15,1461.8,97.4533,18000,1200.0,1188.9813,0.1329,0.0281,0.1165,0.178,0.0924,0.0225,1,1,2022-02-21,2025-08-01,1187.8100000000002,0.44829616434116726,2649.61,0.21143717080511665,0.9908177499999999,1257,1257.0,20,1.0476,2,0.1493,0.0375,0.1165,0.2043,32682.2516,1556.2977,1527.6049,0.7143,16,0.8,1.0476,0.2511721366376423
CUST1017,37.7,37.7,0.0,1,23.43,23.43,1,1.0,0.0,37.7,0.0,37.7,37.7,23.43,0.0,1,1,2022-05-18,2022-05-18,14.270000000000003,0.3785145888594165,37.7,0.0,0.0,0,0.0,1,1.5,2,46.704,12.7336,37.7,55.708,2.0,1.0,0.0,0.5,2,2.0,1.5,0.2726447413497773
CUST1018,71.08,71.08,0.0,1,13.72,13.72,400,400.0,0.0,0.1777,0.0,0.1777,0.1777,0.0343,0.0,1,1,2025-08-08,2025-08-08,57.36,0.806978052898143,71.08,0.0,0.0,0,0.0,1,1.0,1,0.1777,0.0,0.1777,0.1777,400.0,400.0,0.0,1.0,1,1.0,1.0,0.0
CUST1019,729.72,729.72,0.0,1,372.15,372.15,300,300.0,0.0,2.4324,0.0,2.4324,2.4324,1.2405,0.0,1,1,2022-09-27,2022-09-27,357.57000000000005,0.490009866798224,729.72,0.0,0.0,0,0.0,3,1.25,2,2.5977,0.1144,2.4324,2.6954,1185.8221,296.4555,43.0201,0.25,2,0.6666666666666666,1.25,0.04403895753936174
CUST102,140.0,46.6667,32.8841,3,81.68,27.2267,4,1.3333,0.5774,34.4,23.273,10.02,56.38,20.585,14.6162,3,3,2022-01-13,2022-05-24,58.31999999999999,0.41657142857142854,46.666666666666664,0.6765406976744186,0.4330608265206631,131,43.666666666666664,5,1.1667,2,37.3604,22.5084,10.02,63.0348,7.8591,1.3099,0.5358,0.5,4,0.8,1.1667,0.6024667830108886
CUST1020,5017.95,836.325,447.0578,6,2433.51,405.585,2220,370.0,197.0787,2.2515,0.0499,2.1983,2.3096,1.0989,0.1529,5,1,2022-01-26,2024-08-07,2584.4399999999996,0.5150390099542641,1003.5899999999999,0.0221630024428159,0.5326451351351351,924,184.8,7,1.3,2,2.3801,0.199,2.1983,2.8302,3711.6671,371.1667,195.2271,0.6,9,1.2857142857142858,1.3,0.08360993235578337
CUST1021,560.78,560.78,0.0,1,276.36,276.36,200,200.0,0.0,2.8039,0.0,2.8039,2.8039,1.3818,0.0,1,1,2022-10-25,2022-10-25,284.41999999999996,0.5071864189165091,560.78,0.0,0.0,0,0.0,1,1.5,2,3.1857,0.5399,2.8039,3.5675,400.0,200.0,0.0,0.5,2,2.0,1.5,0.16947609630536462
CUST1022,18317.04,678.4089,590.859,27,8990.17,332.9693,7016,259.8519,223.2485,8.4264,20.8115,1.365,106.8212,4.4646,10.786,21,7,2022-01-07,2025-06-06,9326.87,0.5091908954721942,872.24,2.469797303712143,0.8591374548348502,1246,59.333333333333336,43,1.14,2,5.9633,15.4252,1.365,106.8212,13201.9046,264.0381,217.524,0.54,33,0.7674418604651163,1.14,2.5866885784716516
CUST1023,2126.2,531.55,38.9,4,354.8,88.7,19294,4823.5,353.0,0.1102,0.0,0.1102,0.1102,0.0183,0.0063,4,1,2023-09-19,2025-02-21,1771.3999999999999,0.8331295268554229,531.55,0.0,0.07318337306934798,521,130.25,8,1.3333,2,0.1207,0.0099,0.1102,0.1434,55783.03,4648.5858,495.4708,0.3333,7,0.875,1.3333,0.08202154101077051
CUST1024,3272.0,818.0,460.6468,4,1308.55,327.1375,15000,3750.0,1892.9694,0.2132,0.0297,0.1983,0.2578,0.0912,0.0137,3,1,2022-06-23,2024-03-07,1963.45,0.6000764058679706,1090.6666666666667,0.13930581613508444,0.50479184,623,207.66666666666666,8,1.1111,2,0.2344,0.0401,0.1983,0.2986,32812.9867,3645.8874,1618.6916,0.4444,4,0.5,1.1111,0.17107508532423207
CUST1025,6557.8,468.4143,299.1642,14,1913.91,136.7079,2024,144.5714,75.441,3.2967,1.4143,1.6879,5.0222,0.9358,0.0408,10,1,2022-03-04,2025-05-29,4643.89,0.7081475494830584,655.78,0.42900476233809565,0.5218252019417395,1182,118.2,25,1.2424,2,3.354,1.3682,1.6879,5.7422,4599.3626,139.3746,83.2155,0.4242,19,0.76,1.2424,0.4079308288610614
CUST1026,4219.66,421.966,235.5774,10,2162.71,216.271,2071,207.1,109.2748,2.3344,0.8933,1.61,3.7772,1.0705,0.09,8,1,2022-01-06,2025-06-19,2056.95,0.48746818464046865,527.4575,0.3826679232350925,0.5276426846933848,1260,157.5,15,1.1176,2,2.1745,0.7117,1.61,3.7772,3587.538,211.0316,94.3954,0.5882,12,0.8,1.1176,0.3272936307197057
CUST1027,14540.64,807.8133,258.9107,18,7259.4,403.3,2340,130.0,35.227,6.1618,0.8661,4.5167,8.1643,3.105,0.1061,15,1,2022-03-17,2025-08-26,7281.24,0.5007509985805302,969.376,0.1405595767470544,0.27097692307692306,1258,83.86666666666666,27,1.3571,2,6.7008,1.1631,4.5167,11.6803,5244.8796,124.8781,41.4117,0.4286,27,1.0,1.3571,0.1735762893982808
CUST1028,682.39,227.4633,76.9367,3,356.88,118.96,213,71.0,120.3786,93.0217,79.4635,1.2652,138.9,50.2093,42.9387,2,2,2022-12-28,2024-06-27,325.51,0.47701461041339993,341.195,0.8542469122796079,1.6954732394366199,547,273.5,4,1.3333,2,103.0556,80.6982,1.2652,188.0786,426.0063,71.0011,107.669,0.5,5,1.25,1.3333,0.7830549722673974
CUST1029,5311.25,531.125,333.0455,10,3423.04,342.304,64,6.4,2.7968,77.1814,28.7883,25.0,105.565,46.738,29.7698,10,2,2022-01-12,2024-10-28,1888.21,0.3555114144504589,531.125,0.37299530715949697,0.437,1020,102.0,13,1.2778,2,82.2258,32.5294,25.0,129.3478,112.5073,6.2504,2.5081,0.5556,14,1.0769230769230769,1.2778,0.39561062342962916
CUST103,45701.72,73.4754,65.0052,622,22731.67,36.5461,79817,128.3232,865.185,52.8602,38.765,0.01,250.87,26.8783,19.19,241,54,2022-01-06,2025-09-08,22970.050000000003,0.5026079981234842,189.6336929460581,0.7333494765437891,6.742233672476995,1341,5.564315352697095,886,1.2208,2,57.8684,42.0518,0.01,250.87,130910.0792,115.1364,818.1356,0.5471,792,0.8939051918735892,1.2208,0.7266798459953965
CUST1030,956.37,478.185,91.8461,2,588.61,294.305,73,36.5,50.2046,210.3917,286.8708,7.5435,413.24,177.2733,246.0402,2,2,2023-01-18,2023-01-18,367.76,0.3845373652456685,478.185,1.3635081612059792,1.3754684931506849,0,0.0,3,1.0,1,143.0077,234.0283,7.5435,413.24,134.1339,44.7113,38.243,0.6667,2,0.6666666666666666,1.0,1.6364734206619644
CUST1031,19849.02,1167.5894,947.0052,17,14357.99,844.5876,1226,72.1176,82.2936,19.7507,8.8669,0.1355,29.3966,14.9248,5.582,5,2,2023-03-23,2025-08-11,5491.030000000001,0.2766398542598073,3969.804,0.44894105019062613,1.1411028653199775,872,174.4,24,1.3143,2,23.4546,9.38,0.1355,38.3772,2611.0637,74.6018,86.8309,0.4857,24,1.0,1.3143,0.3999215505700375
CUST1032,157.68,157.68,0.0,1,95.81,95.81,12,12.0,0.0,13.14,0.0,13.14,13.14,7.9842,0.0,1,1,2022-09-01,2022-09-01,61.870000000000005,0.392376966007103,157.68,0.0,0.0,0,0.0,2,1.0,1,14.0211,1.2461,13.14,14.9022,25.0261,12.5131,0.7256,0.5,1,0.5,1.0,0.08887319825120711
CUST1033,1298.97,185.5671,96.7727,7,865.25,123.6071,850,121.4286,79.6196,1.9948,1.048,1.2121,3.7844,1.4771,1.111,5,2,2022-01-28,2023-08-21,433.72,0.3338953170589005,259.794,0.525365951473832,0.6556906692492543,570,114.0,10,1.2308,2,2.2176,1.2984,1.2121,5.146,1481.8848,113.9911,75.6639,0.5385,10,1.0,1.2308,0.5854978354978355
CUST1034,838.14,167.628,103.8108,5,668.2,133.64,5,1.0,0.0,167.628,103.8108,66.14,299.0,133.64,89.1664,3,4,2024-12-03,2025-05-21,169.93999999999994,0.20275848903524465,279.38,0.6192927195933854,0.0,169,56.333333333333336,9,1.4,2,203.7066,124.7038,66.14,441.1468,14.6681,0.9779,0.0748,0.3333,9,1.0,1.4,0.6121735869137278
CUST1035,15580.0,1947.5,41.6393,8,9808.56,1226.07,200,25.0,0.5345,1480.1,865.4566,77.9,1947.5,964.8684,589.5301,7,1,2023-10-23,2024-12-09,5771.4400000000005,0.37043902439024395,2225.714285714286,0.5847284642929532,0.02138,413,59.0,10,1.1667,2,1697.8809,763.3535,77.9,2277.7314,297.0951,24.7579,1.5696,0.6667,10,1.0,1.1667,0.44959190011501987
CUST1036,71497.79,5958.1492,2159.0344,12,55537.7,4628.1417,2830,235.8333,99.3157,26.3623,5.9426,22.0127,36.6911,19.9681,2.2879,11,1,2022-08-22,2024-11-04,15960.089999999997,0.2232249416380562,6499.79909090909,0.22542039199918062,0.4211267026327495,805,73.18181818181819,21,1.1923,2,28.6979,6.5656,22.0127,48.3588,6307.6979,242.6038,95.674,0.4615,15,0.7142857142857143,1.1923,0.22878329076343565
CUST1037,18124.0,6041.3333,1334.8338,3,10087.5,3362.5,550,183.3333,28.8675,32.7067,2.344,30.0,34.06,18.35,0.2646,3,2,2022-05-02,2023-11-29,8036.5,0.44341756786581327,6041.333333333333,0.07166727306637478,0.15745911953802172,576,192.0,6,1.1429,2,34.728,3.3428,30.0,40.4145,1254.7195,179.2456,30.9819,0.4286,4,0.6666666666666666,1.1429,0.09625662289794977
CUST1038,4.06,4.06,0.0,1,1.62,1.62,29,29.0,0.0,0.14,0.0,0.14,0.14,0.0559,0.0,1,1,2022-02-07,2022-02-07,2.4399999999999995,0.6009852216748768,4.06,0.0,0.0,0,0.0,1,1.0,1,0.14,0.0,0.14,0.14,29.0,29.0,0.0,1.0,1,1.0,1.0,0.0
CUST1039,5913.92,2956.96,380.3669,2,3660.8,1830.4,32,16.0,0.0,184.81,23.7729,168.0,201.62,114.4,14.7078,2,1,2024-08-22,2025-08-26,2253.12,0.3809858773875872,2956.96,0.1286342730371733,0.0,369,184.5,3,1.0,1,200.1792,31.4836,168.0,230.9176,45.3098,15.1033,1.5532,0.6667,2,0.6666666666666666,1.0,0.15727707973655602
CUST104,46324.36,153.3919,202.5743,302,32234.34,106.7362,16641,55.1026,180.4539,58.9696,83.4777,1.315,592.57,42.5694,71.8963,9,61,2022-03-01,2025-02-20,14090.02,0.30416005747300123,5147.151111111111,1.4156056680052094,3.2748708772362827,1087,120.77777777777777,442,1.2065,2,68.0079,101.4112,1.315,742.6538,30729.3676,55.1694,180.7033,0.5422,389,0.8800904977375565,1.2065,1.4911679378425151
CUST1040,400.0,400.0,0.0,1,148.7,148.7,10000,10000.0,0.0,0.04,0.0,0.04,0.04,0.0149,0.0,1,1,2024-08-02,2024-08-02,251.3,0.62825,400.0,0.0,0.0,0,0.0,1,1.0,1,0.04,0.0,0.04,0.04,10000.0,10000.0,0.0,1.0,1,1.0,1.0,0.0
CUST1041,923.1,307.7,243.3424,3,423.97,141.3233,170,56.6667,44.8144,5.43,0.0,5.43,5.43,2.494,0.0001,1,1,2024-02-12,2024-03-06,499.13,0.5407106489004442,923.1,0.0,0.790841887740066,23,23.0,3,1.25,2,5.9783,1.0966,5.43,7.6232,255.0,63.75,39.2375,0.75,4,1.3333333333333333,1.25,0.18343007209407358
CUST1042,570.76,51.8873,44.253,11,330.4,30.0364,46,4.1818,1.6011,12.6967,8.1946,2.45,33.194,7.3664,5.6594,8,5,2022-01-10,2024-01-23,240.36,0.4211227135748826,71.345,0.6454117999165137,0.3828734037974078,743,92.875,15,1.1667,2,16.249,9.8087,2.45,36.509,75.7555,4.2086,1.5392,0.6111,12,0.8,1.1667,0.6036494553510986
CUST1043,1337.7,1337.7,0.0,1,854.52,854.52,210,210.0,0.0,6.37,0.0,6.37,6.37,4.0691,0.0,1,1,2022-08-18,2022-08-18,483.18000000000006,0.3612020632428796,1337.7,0.0,0.0,0,0.0,1,1.0,1,6.37,0.0,6.37,6.37,210.0,210.0,0.0,1.0,1,1.0,1.0,0.0
CUST1044,10.94,10.94,0.0,1,5.19,5.19,1,1.0,0.0,10.94,0.0,10.94,10.94,5.19,0.0,1,1,2022-11-01,2022-11-01,5.749999999999999,0.5255941499085922,10.94,0.0,0.0,0,0.0,1,1.5,2,12.3545,2.0004,10.94,13.769,2.0,1.0,0.0,0.5,2,2.0,1.5,0.16191671051034037
CUST1045,1411.02,352.755,62.29,4,837.68,209.42,8,2.0,0.0,176.3775,31.145,129.66,191.95,104.71,21.5936,4,2,2022-03-24,2025-01-14,573.34,0.40633017249932674,352.755,0.17658148006406713,0.0,1027,256.75,4,1.3333,2,178.7225,30.3296,129.66,211.9029,12.0,2.0,0.0,0.6667,6,1.5,1.3333,0.169702191945614
CUST1046,197.02,197.02,0.0,1,106.39,106.39,1,1.0,0.0,197.02,0.0,197.02,197.02,106.39,0.0,1,1,2022-06-29,2022-06-29,90.63000000000001,0.46000406050147197,197.02,0.0,0.0,0,0.0,1,1.0,1,197.02,0.0,197.02,197.02,1.0,1.0,0.0,1.0,1,1.0,1.0,0.0
CUST1047,3719.99,47.0885,22.2346,79,1971.43,24.9548,83,1.0506,0.2206,44.6984,19.1947,20.16,98.87,23.7828,9.7102,25,6,2022-01-04,2025-08-06,1748.5599999999997,0.4700442743125653,148.7996,0.42942700409858076,0.20997525223681704,1310,52.4,114,1.1799,2,47.5026,20.5772,20.16,127.4661,147.0103,1.0576,0.2609,0.5683,99,0.868421052631579,1.1799,0.43318049959370647
CUST1048,27937.31,2149.0238,1714.5255,13,19829.89,1525.3762,205,15.7692,11.1516,188.9538,213.4326,32.9,885.84,145.3625,166.6481,8,7,2025-03-20,2025-08-05,8107.420000000002,0.29020045236996694,3492.16375,1.1295491278820537,0.7071760140019786,138,17.25,20,1.3103,2,247.4336,293.7894,32.9,993.3829,386.5687,13.33,11.2211,0.4483,20,1.0,1.3103,1.187346423444512
CUST1049,335.68,167.84,1.6405,2,234.97,117.485,11,5.5,6.364,92.834,107.715,16.668,169.0,64.9835,75.4009,2,2,2022-05-02,2024-09-25,100.71000000000001,0.3000178741658723,167.84,1.160296873990133,1.1570909090909092,877,438.5,2,1.0,1,92.834,107.715,16.668,169.0,11.0,5.5,6.364,1.0,2,1.0,1.0,1.160296873990133
CUST105,5898825.58,476.0573,1013.7354,12391,4288651.2399,346.1102,42743505,3449.5606,7608.9799,0.6602,1.3557,0.006,50.11,0.4535,0.8752,2218,271,2022-01-03,2024-11-05,1610174.3400999997,0.27296523998934713,2659.524607754734,2.053468645864889,2.2057823538452985,1037,0.46753832281334534,17928,1.2215,2,0.7151,1.4785,0.006,50.11,80333184.1958,3488.1973,7731.4096,0.538,15931,0.8886099955377064,1.2215,2.067543000978884
CUST1050,3300.0,550.0,236.216,6,885.9,147.65,60000,10000.0,0.0,0.055,0.0236,0.0258,0.0791,0.0148,0.0007,3,2,2023-01-17,2024-11-18,2414.1,0.7315454545454545,1100.0,0.4290909090909091,0.0,671,223.66666666666666,7,1.3,2,0.0563,0.0258,0.0258,0.0869,100659.1959,10065.9196,138.9707,0.6,8,1.1428571428571428,1.3,0.458259325044405
CUST1051,721.32,360.66,0.0,2,456.4,228.2,20,10.0,0.0,36.066,0.0,36.066,36.066,22.82,1.1597,2,1,2024-05-13,2025-05-13,264.9200000000001,0.367271114068652,360.66,0.0,0.0,365,182.5,2,1.3333,2,36.8358,1.3334,36.066,38.3755,30.0,10.0,0.0,0.6667,3,1.5,1.3333,0.03619848082571846
CUST1052,565.9,113.18,67.9784,5,387.73,77.546,7,1.4,0.5477,81.42,38.2555,36.78,125.33,55.526,25.711,1,5,2025-06-02,2025-06-02,178.16999999999996,0.31484361194557337,565.9,0.4698538442643085,0.39121428571428574,0,0.0,5,1.1667,2,78.4697,34.9716,36.78,125.33,9.0,1.5,0.5477,0.8333,6,1.2,1.1667,0.4456701121579412
CUST1053,18200.0,4550.0,0.0,4,15600.0,3900.0,104,26.0,0.0,175.0,0.0,175.0,175.0,150.0,0.0,4,1,2023-06-29,2023-07-12,2600.0,0.14285714285714285,4550.0,0.0,0.0,13,3.25,7,1.2222,2,192.3232,21.814,175.0,242.2867,218.5856,24.2873,2.1504,0.4444,5,0.7142857142857143,1.2222,0.11342365351658042
CUST1054,1525.0,1525.0,0.0,1,1220.0,1220.0,500,500.0,0.0,3.05,0.0,3.05,3.05,2.44,0.0,1,1,2024-07-26,2024-07-26,305.0,0.2,1525.0,0.0,0.0,0,0.0,1,1.5,2,3.151,0.1428,3.05,3.252,1000.0,500.0,0.0,0.5,2,2.0,1.5,0.045318946366232946
CUST1055,425.0,425.0,0.0,1,325.0,325.0,5,5.0,0.0,85.0,0.0,85.0,85.0,65.0,0.0,1,1,2025-06-09,2025-06-09,100.0,0.23529411764705882,425.0,0.0,0.0,0,0.0,2,1.3333,2,93.8864,7.7237,85.0,98.9853,15.3961,5.132,0.1144,0.3333,1,0.5,1.3333,0.08226644114589547
CUST1056,149.3,149.3,0.0,1,89.58,89.58,2,2.0,0.0,74.65,0.0,74.65,74.65,44.79,0.0,1,1,2025-08-15,2025-08-15,59.72000000000001,0.4000000000000001,149.3,0.0,0.0,0,0.0,1,1.0,1,74.65,0.0,74.65,74.65,2.0,2.0,0.0,1.0,1,1.0,1.0,0.0
CUST1057,74.6,24.8667,19.8336,3,33.78,11.26,300,100.0,0.0,0.2487,0.1983,0.1288,0.4776,0.1126,0.124,1,3,2022-02-07,2022-02-07,40.81999999999999,0.5471849865951742,74.6,0.7973462002412546,0.0,0,0.0,7,1.2222,2,0.2299,0.1562,0.1288,0.5298,853.6603,94.8511,7.577,0.3333,5,0.7142857142857143,1.2222,0.6794258373205742
CUST1058,147.03,73.515,53.1956,2,130.98,65.49,21,10.5,13.435,73.515,53.1956,35.9,111.13,65.49,46.8812,1,2,2024-11-18,2024-11-21,16.05000000000001,0.10916139563354425,147.03,0.7236019859892538,1.2795238095238095,3,3.0,2,1.0,1,73.515,53.1956,35.9,111.13,21.0,10.5,13.435,1.0,2,1.0,1.0,0.7236019859892538
CUST1059,538.26,179.42,3.9144,3,243.6,81.2,6,2.0,0.0,89.71,1.9572,88.58,91.97,40.6,2.0611,3,1,2022-03-28,2024-11-06,294.65999999999997,0.5474306097425036,179.42,0.02181696577862,0.0,954,318.0,4,1.3333,2,100.6279,14.7235,88.58,126.8283,11.6379,1.9397,0.1478,0.5,5,1.25,1.3333,0.14631628007739406
CUST106,103641.65,249.1386,305.9031,416,81035.66,194.7973,59165,142.2236,378.2261,21.8941,20.9947,0.403,166.56,16.7966,16.5761,173,63,2022-01-04,2024-10-03,22605.98999999999,0.21811684781166638,599.0846820809248,0.9589204397531755,2.6593765029151277,1003,5.797687861271676,615,1.2205,2,22.8398,21.8413,0.403,166.56,105673.2366,133.9331,343.2019,0.5272,536,0.8715447154471545,1.2205,0.9562824543122094
CUST1060,587.0,587.0,0.0,1,332.22,332.22,2000,2000.0,0.0,0.2935,0.0,0.2935,0.2935,0.1661,0.0,1,1,2022-09-16,2022-09-16,254.77999999999997,0.43403747870528103,587.0,0.0,0.0,0,0.0,2,1.3333,2,0.3353,0.0451,0.2935,0.3831,5847.1264,1949.0421,88.2616,0.3333,2,1.0,1.3333,0.13450641216820758
CUST1061,46.47,46.47,0.0,1,27.88,27.88,12,12.0,0.0,3.8725,0.0,3.8725,3.8725,2.3233,0.0,1,1,2025-07-29,2025-07-29,18.59,0.4000430385194749,46.47,0.0,0.0,0,0.0,1,1.0,1,3.8725,0.0,3.8725,3.8725,12.0,12.0,0.0,1.0,1,1.0,1.0,0.0
CUST1062,151.64,151.64,0.0,1,80.37,80.37,3,3.0,0.0,50.5467,0.0,50.5467,50.5467,26.79,0.0,1,1,2022-10-28,2022-10-28,71.26999999999998,0.4699947243471379,151.64,0.0,0.0,0,0.0,1,1.0,1,50.5467,0.0,50.5467,50.5467,3.0,3.0,0.0,1.0,1,1.0,1.0,0.0
CUST1063,23910.97,3985.1617,950.951,6,10475.0,1745.8333,3644,607.3333,487.3137,81.7682,120.591,3.8889,244.9555,34.7333,51.4032,5,2,2023-07-25,2025-07-02,13435.970000000001,0.5619165596376894,4782.194,1.474790933394645,0.8023826455753372,708,141.6,9,1.1818,2,121.2869,135.4815,3.8889,296.6078,5096.4361,463.3124,452.2613,0.5455,8,0.8888888888888888,1.1818,1.1170332492626986
CUST1064,46.18,46.18,0.0,1,36.84,36.84,2,2.0,0.0,23.09,0.0,23.09,23.09,18.42,0.0,1,1,2022-04-22,2022-04-22,9.339999999999996,0.20225205716760494,46.18,0.0,0.0,0,0.0,2,1.0,1,24.0724,1.3894,23.09,25.0549,3.7686,1.8843,0.1636,0.5,1,0.5,1.0,0.05771755205131188
CUST1065,16834.62,1294.9708,1276.3842,13,11791.25,907.0192,929,71.4615,63.9148,19.2132,6.42,12.6081,34.2033,13.63,5.1219,12,4,2022-01-12,2023-05-18,5043.369999999999,0.29958323977612794,1402.885,0.3341452751233527,0.8943948839584951,491,40.916666666666664,22,1.2414,2,19.1549,5.8984,12.6081,34.2033,1897.7503,65.4397,53.2679,0.4483,18,0.8181818181818182,1.2414,0.3079316519532861
CUST1066,21.21,21.21,0.0,1,19.09,19.09,1,1.0,0.0,21.21,0.0,21.21,21.21,19.09,0.0,1,1,2022-01-17,2022-01-17,2.120000000000001,0.0999528524281,21.21,0.0,0.0,0,0.0,1,1.0,1,21.21,0.0,21.21,21.21,1.0,1.0,0.0,1.0,1,1.0,1.0,0.0
CUST1067,13400.61,3350.1525,241.695,4,12062.86,3015.715,57911,14477.75,1044.5,0.2314,0.0,0.2314,0.2314,0.2083,0.0,1,1,2024-07-25,2024-10-23,1337.75,0.0998275451639888,13400.61,0.0,0.07214518830619399,90,90.0,7,1.2222,2,0.2535,0.0336,0.2314,0.3359,136793.7351,15199.3039,1538.2817,0.4444,6,0.8571428571428571,1.2222,0.13254437869822483
CUST1068,747.45,106.7786,61.303,7,529.63,75.6614,43,6.1429,4.8107,83.025,58.1904,18.475,144.34,61.6471,45.5337,2,5,2022-06-29,2022-07-25,217.82000000000005,0.29141748611947293,373.725,0.7008780487804878,0.7831317455924726,26,13.0,11,1.3125,2,87.005,61.7892,18.475,165.5922,100.6172,6.2886,4.293,0.4375,9,0.8181818181818182,1.3125,0.7101798747198438
CUST1069,68.01,68.01,0.0,1,51.0,51.0,300,300.0,0.0,0.2267,0.0,0.2267,0.2267,0.17,0.0,1,1,2022-02-11,2022-02-11,17.010000000000005,0.2501102779003088,68.01,0.0,0.0,0,0.0,1,1.0,1,0.2267,0.0,0.2267,0.2267,300.0,300.0,0.0,1.0,1,1.0,1.0,0.0
CUST107,4425.19,96.1998,152.9653,46,2352.16,51.1339,683,14.8478,58.6651,22.6908,28.2427,0.043,109.345,12.5146,15.0617,7,45,2024-10-11,2024-10-22,2073.0299999999997,0.4684612412122417,632.17,1.2446762564563612,3.9510971322350787,11,1.5714285714285714,65,1.2353,2,23.5648,30.9609,0.043,124.1365,956.9149,11.2578,43.4673,0.5412,60,0.9230769230769231,1.2353,1.3138622012493208
CUST1070,832.0,832.0,0.0,1,499.2,499.2,2000,2000.0,0.0,0.416,0.0,0.416,0.416,0.2496,0.0,1,1,2022-10-26,2022-10-26,332.8,0.4,832.0,0.0,0.0,0,0.0,2,1.3333,2,0.4627,0.0424,0.416,0.4988,5606.7483,1868.9161,227.044,0.3333,2,1.0,1.3333,0.09163604927598876
CUST1071,1259.21,629.605,757.6861,2,767.52,383.76,2,1.0,0.0,629.605,757.6861,93.84,1165.37,383.76,461.8256,1,2,2022-07-20,2022-07-20,491.69000000000005,0.3904749803448194,1259.21,1.203430881266826,0.0,0,0.0,4,1.0,1,655.2746,645.2737,93.84,1260.7761,4.2055,1.0514,0.0677,0.5,2,0.5,1.0,0.9847378488346717
CUST1072,41718.68,2454.04,729.2109,17,30511.75,1794.8088,19,1.1176,0.3321,2195.72,0.0,2195.72,2195.72,1608.8182,62.1219,14,1,2023-02-24,2025-07-15,11206.93,0.26863098257183593,2979.905714285714,0.0,0.2971546170365068,872,62.285714285714285,22,1.3125,2,2413.6545,311.4683,2195.72,3229.8159,36.8445,1.1514,0.3315,0.5312,25,1.1363636363636365,1.3125,0.12904427704959429
CUST1073,48.1,48.1,0.0,1,43.74,43.74,25,25.0,0.0,1.924,0.0,1.924,1.924,1.7496,0.0,1,1,2025-02-14,2025-02-14,4.359999999999999,0.09064449064449064,48.1,0.0,0.0,0,0.0,2,1.3333,2,2.2628,0.5011,1.924,2.8385,78.3596,26.1199,1.9397,0.3333,2,1.0,1.3333,0.22145129927523421
CUST1074,498.0,249.0,0.0,2,348.4,174.2,2,1.0,0.0,249.0,0.0,249.0,249.0,174.2,0.0,2,1,2025-04-08,2025-04-08,149.60000000000002,0.30040160642570285,249.0,0.0,0.0,0,0.0,3,1.0,1,253.3803,7.5869,249.0,262.1409,3.0457,1.0152,0.0264,0.6667,2,0.6666666666666666,1.0,0.029942738247606463
CUST1075,3753.18,750.636,402.3394,5,2235.42,447.084,36,7.2,2.6833,221.9813,282.4477,87.0,726.565,127.7793,152.4154,5,1,2024-09-19,2025-06-12,1517.7599999999998,0.40439307467267754,750.636,1.272394116080949,0.37268055555555557,266,53.2,7,1.125,2,259.8072,306.0443,87.0,782.8917,60.8426,7.6053,3.1849,0.625,5,0.7142857142857143,1.125,1.1779669693526584
CUST1076,666.88,666.88,0.0,1,500.16,500.16,40,40.0,0.0,16.672,0.0,16.672,16.672,12.504,0.0,1,1,2025-08-22,2025-08-22,166.71999999999997,0.24999999999999994,666.88,0.0,0.0,0,0.0,3,1.0,1,17.7755,1.012,16.672,18.6603,125.8474,41.9491,1.7737,0.3333,1,0.3333333333333333,1.0,0.056932294450226434
CUST1077,2678.8,382.6857,108.1297,7,1926.5,275.2143,522720,74674.2857,21118.9322,223.4,0.6831,223.0,224.4,160.9286,2.4568,6,2,2025-03-27,2025-04-07,752.3000000000002,0.2808347021054204,446.4666666666667,0.003057743957027753,0.2828139834486559,11,1.8333333333333333,14,1.2222,2,244.2368,22.25,223.0,310.6403,1509300.891,83850.0495,17709.4992,0.3889,9,0.6428571428571429,1.2222,0.09110011267753262
CUST108,30718.14,117.2448,159.334,262,16677.15,63.6532,23357,89.1489,269.7557,29.7263,18.8656,1.18,102.9867,20.4228,14.1614,41,40,2022-02-08,2025-09-08,14040.989999999998,0.4570911520033439,749.2229268292683,0.6346433965882065,3.02590048783552,1308,31.902439024390244,374,1.2143,2,31.3497,20.514,1.18,117.6095,42659.223,89.6202,270.8282,0.5504,331,0.8850267379679144,1.2143,0.6543603288069743
CUST109,286636.83,331.3721,327.9968,865,199043.34,230.1079,116608,134.8069,659.8818,48.4352,118.3857,0.08,1614.71,33.7229,89.2318,76,77,2022-01-12,2025-09-05,87593.49000000002,0.3055904923313589,3771.5372368421054,2.4442079314217757,4.895015017777279,1332,17.526315789473685,1251,1.2137,2,54.2494,141.4286,0.08,2189.4138,221439.8238,139.1828,778.9662,0.5437,1101,0.8800959232613909,1.2137,2.6070076351074847
CUST11,1026938.7,931.8863,5656.5281,1102,643529.3202,583.9649,8205751,7446.235,79068.2488,14.1442,233.9261,0.0003,7520.0,6.3546,27.1424,107,904,2022-06-03,2025-08-29,383409.3798,0.3733517685135442,9597.557943925232,16.538658955614316,10.618554047783881,1183,11.05607476635514,1610,1.2154,2,11.0725,177.2871,0.0003,7520.0,13121720.5743,6394.6007,60781.5469,0.537,1411,0.8763975155279503,1.2154,16.011478889139763
CUST110,91462.29,768.5907,1216.3849,119,92770.1001,779.5807,811710,6821.0924,32791.6957,3.9282,9.0992,0.0089,43.65,3.9712,9.1627,26,57,2024-10-14,2025-09-08,-1307.8101000000024,-0.014298899579269254,3517.7803846153843,2.316379003105748,4.807396495611171,329,12.653846153846153,171,1.2332,2,3.7336,9.259,0.0089,49.0853,1636977.6999,7340.7072,33655.7859,0.5336,156,0.9122807017543859,1.2332,2.479912149132205
CUST111,159164.31,510.142,777.6865,312,94573.71,303.1209,1249452,4004.6538,4592.7218,4.1925,18.8815,0.01,255.0,2.7472,11.5005,115,20,2022-01-10,2025-08-26,64590.59999999999,0.40581082530373797,1384.0374782608696,4.503637447823494,1.1468461518446365,1324,11.513043478260869,433,1.2417,2,3.9736,15.6546,0.01,255.0,2224195.2373,3895.2631,4428.1089,0.5464,417,0.9630484988452656,1.2417,3.939651701228106
CUST112,7116.35,474.4233,542.0229,15,3725.39,248.3593,106600,7106.6667,10209.0623,0.1715,0.1505,0.0231,0.3757,0.0951,0.0865,13,8,2024-09-05,2025-07-03,3390.9600000000005,0.4765027015253607,547.4115384615385,0.8775510204081631,1.4365472212169454,301,23.153846153846153,21,1.0,1,0.196,0.1504,0.0231,0.3943,144498.3255,6880.8726,8926.8634,0.7143,15,0.7142857142857143,1.0,0.7673469387755102
CUST113,306187.28,4374.104,5152.6239,70,155576.13,2222.5161,2130770,30439.5714,34436.1199,81.5276,261.5574,0.1172,1406.02,44.8321,145.4442,63,6,2022-01-07,2025-08-19,150611.15000000002,0.49189224973682777,4860.115555555556,3.208206791319749,1.1312945063346063,1320,20.952380952380953,103,1.2426,2,125.104,365.0098,0.1172,1593.0667,4176164.418,30707.0913,34562.2425,0.5147,94,0.912621359223301,1.2426,2.9176509144391867
CUST114,4197.32,76.3149,135.1012,55,2541.5,46.2091,9841,178.9273,668.5485,3.6291,7.1153,0.0142,31.671,2.3437,5.1332,30,45,2022-01-21,2023-03-30,1655.8199999999997,0.3944945822572498,139.91066666666666,1.96062384613265,3.736425352643224,433,14.433333333333334,80,1.2233,2,3.7484,7.3202,0.0142,40.2499,13922.2301,135.1673,501.2491,0.534,72,0.9,1.2233,1.9528865649343718
CUST115,24039.92,421.753,419.0842,57,10568.24,185.4077,45485,797.9825,1309.1708,1.3636,0.9567,0.0145,2.3976,0.6282,0.3865,44,7,2022-03-08,2025-09-02,13471.679999999998,0.5603878881460503,546.3618181818182,0.7015987092989147,1.640600890370403,1274,28.954545454545453,84,1.25,2,1.315,1.0774,0.0145,3.5617,116124.7863,1036.8284,1543.709,0.5089,74,0.8809523809523809,1.25,0.8193155893536122
CUST116,11027.76,1575.3943,915.5053,7,3135.04,447.8629,21880,3125.7143,2564.6238,4.185,8.8939,0.1635,24.3317,1.6127,3.681,7,2,2022-04-18,2025-08-21,7892.72,0.7157137986318164,1575.3942857142858,2.1251851851851855,0.8204920712043323,1221,174.42857142857142,10,1.1667,2,2.8786,6.775,0.1635,24.3317,33084.3141,2757.0262,1971.328,0.5833,9,0.9,1.1667,2.3535746543458624
CUST117,41705.45,906.6402,854.3725,46,28426.95,617.9772,3434,74.6522,150.2425,119.4113,246.9793,10.8,1626.9,80.9463,199.8865,21,19,2022-01-11,2024-03-13,13278.499999999996,0.3183876447802385,1985.9738095238095,2.068307605729106,2.012566274001302,792,37.714285714285715,69,1.2418,2,127.8095,280.1621,10.8,2082.5298,6758.2129,74.2661,136.494,0.5055,60,0.8695652173913043,1.2418,2.1920287615552834
CUST118,84782.21,180.7723,189.6135,469,60440.52,128.871,6943,14.8038,26.5537,54.0912,93.4145,4.68,1103.76,36.1337,88.6708,63,33,2022-01-13,2025-09-04,24341.69000000001,0.2871084629664644,1345.7493650793651,1.7269814683349602,1.7937083721747118,1330,21.11111111111111,678,1.2225,2,56.5707,86.7603,4.68,1307.7287,12879.6005,14.7702,26.063,0.5378,610,0.8997050147492626,1.2225,1.5336614183667516
CUST119,286563.53,140.266,150.2771,2043,199229.89,97.5183,788610,386.0059,2862.4709,49.5704,44.7202,0.16,320.0,34.4004,41.2473,114,168,2022-01-04,2025-09-05,87333.64000000001,0.30476187950364797,2513.715175438597,0.9021553184965221,7.415614372733681,1340,11.75438596491228,2953,1.226,2,53.7901,48.934,0.16,423.1295,1374196.8227,360.2089,2672.1283,0.5355,2655,0.8990856755841518,1.226,0.9097213055934084
CUST12,7861413.35,205.3232,885.3568,38288,5575247.783,145.6135,105668614,2759.8363,7417.5229,1.7493,26.6977,0.0039,1715.88,1.3915,22.8148,7587,507,2022-01-04,2025-09-08,2286165.567,0.2908084672840667,1036.1688875708448,15.261933344766478,2.6876677069578365,1343,0.17701331224462896,55478,1.2174,2,1.8959,29.7573,0.0039,2420.7932,196737511.4209,2775.2114,7729.9215,0.5401,49010,0.8834132448898663,1.2174,15.695606308349598
CUST120,143184.79,150.0889,106.4773,954,76450.65,80.1369,19494,20.434,255.1852,57.3314,26.2649,0.0111,318.13,30.9032,12.7105,270,29,2022-01-04,2025-09-08,66734.14000000001,0.46607003439401634,530.3140370370371,0.4581241693033835,12.488264656944308,1343,4.974074074074074,1371,1.2143,2,61.7192,31.1503,0.0111,405.8138,24852.6841,14.2422,189.0758,0.5467,1207,0.8803792851932896,1.2143,0.5047100416077979
CUST121,1889.16,99.4295,50.5491,19,1031.21,54.2742,140,7.3684,17.503,56.3584,27.7708,20.8333,124.09,30.7268,13.3896,7,6,2022-03-08,2022-12-08,857.95,0.45414364055982553,269.88,0.4927535203270497,2.375413929754085,275,39.285714285714285,34,1.2093,2,56.3957,21.9324,20.8333,124.09,256.2738,5.9599,13.5026,0.4419,25,0.7352941176470589,1.2093,0.3889019907546143
CUST122,8336.94,173.6862,265.3847,48,6174.01,128.6252,400,8.3333,23.1106,74.4648,70.3374,2.07,449.0,55.5106,57.0905,15,22,2022-01-03,2023-01-24,2162.9300000000003,0.2594393146646132,555.796,0.9445724691397815,2.773283093132373,386,25.733333333333334,73,1.1798,2,99.8078,98.4211,2.07,668.0025,686.2715,7.7109,21.8725,0.5393,60,0.821917808219178,1.1798,0.9861062963014914
CUST123,8871.55,85.3034,42.2323,104,4355.43,41.8791,696,6.6923,11.1295,66.784,39.2996,1.26,166.06,32.7007,17.1617,39,7,2022-02-08,2025-08-14,4516.119999999999,0.5090564782929702,227.475641025641,0.5884583133684714,1.6630306471616634,1283,32.8974358974359,150,1.2188,2,74.7581,44.4033,1.26,240.0584,1346.3845,7.0124,11.3694,0.5417,138,0.92,1.2188,0.5939597180773722
CUST124,27307.11,169.6094,142.6524,161,15097.54,93.7735,1228,7.6273,14.8471,67.3162,63.9306,1.797,302.23,36.974,35.9594,38,21,2022-01-10,2024-02-05,12209.57,0.44712054845789245,718.6081578947369,0.9497060143026493,1.946573492585843,756,19.894736842105264,223,1.2257,2,73.0862,75.5651,1.797,447.1856,2172.372,7.543,15.0907,0.559,210,0.9417040358744395,1.2257,1.03391748373838
CUST125,6723.91,120.0698,77.609,56,3738.0,66.75,928,16.5714,23.3416,91.1724,72.6551,2.9428,591.91,50.1858,47.6657,30,5,2022-01-13,2025-08-07,2985.91,0.4440734632081631,224.13033333333334,0.7968979647349418,1.4085472561159587,1302,43.4,88,1.1927,2,100.4577,80.9496,2.9428,701.9155,1642.9168,15.0726,22.4626,0.5138,71,0.8068181818181818,1.1927,0.805807817618759
CUST126,20328.56,75.5709,62.9878,269,11793.23,43.841,492,1.829,2.0967,64.6403,63.5813,8.23,388.74,37.777,39.7088,78,22,2022-01-04,2023-07-19,8535.330000000002,0.41986889381244913,260.6225641025641,0.9836170314803614,1.1463641334062329,561,7.1923076923076925,395,1.236,2,65.5013,64.0939,8.23,485.3067,932.4304,1.8035,1.9644,0.5203,355,0.8987341772151899,1.236,0.9785134035507693
CUST127,12357.08,79.2121,64.7975,156,6773.97,43.4229,21406,137.2179,746.4785,34.5615,45.1387,0.5111,271.53,18.5514,23.8021,24,31,2022-02-11,2025-08-14,5583.11,0.45181466819021965,514.8783333333333,1.306039957756463,5.440095643498408,1280,53.333333333333336,229,1.2392,2,33.3304,46.1825,0.5111,346.5659,50127.728,166.5373,943.2116,0.5183,212,0.925764192139738,1.2392,1.3855969325300628
CUST128,1303.06,108.5883,48.6571,12,834.87,69.5725,25,2.0833,0.793,58.1172,27.9549,22.2,108.165,37.5064,17.83,7,4,2022-03-30,2025-01-14,468.18999999999994,0.3593004159440087,186.15142857142857,0.4810090644421961,0.38064609033744545,1021,145.85714285714286,19,1.2083,2,65.9357,30.211,22.2,116.0801,50.0093,2.0837,0.8495,0.5,14,0.7368421052631579,1.2083,0.4581888112206286
CUST129,738653.56,129.0901,223.2425,5722,548892.25,95.9266,1380368,241.2387,1304.4728,13.3985,38.2352,0.0292,1413.01,9.0632,25.1578,1931,287,2023-05-09,2025-09-04,189761.31000000006,0.25690163870597205,382.5238529259451,2.853692577527335,5.407394418888844,849,0.4396685655100984,8293,1.2225,2,14.2922,41.0246,0.0292,1617.8103,2472105.5849,231.7744,1302.941,0.5365,7369,0.8885807307367659,1.2225,2.8704188298512476
CUST13,5617439.2,231.4656,311.415,24269,4179383.48,172.2108,64344970,2651.3235,4794.79,1.264,5.6125,0.0039,514.5,0.8744,4.2081,4122,329,2021-12-15,2025-09-08,1438055.7200000002,0.25599844854573595,1362.7945657447842,4.440268987341772,1.8084515148754952,1363,0.3306647258612324,35083,1.2171,2,1.3274,5.738,0.0039,642.6012,116885579.5582,2608.4709,4701.2225,0.5416,30965,0.8826212125530883,1.2171,4.322736175983126
CUST130,1843.74,68.2867,52.9482,27,976.19,36.1552,90,3.3333,6.9282,51.44,42.2615,2.4667,232.35,28.3337,17.6292,17,11,2022-01-12,2025-02-11,867.55,0.47053814529163546,108.45529411764706,0.8215688180404355,2.0784807848078484,1126,66.23529411764706,38,1.1915,2,60.5972,54.7155,2.4667,256.7754,161.4898,3.436,5.819,0.5745,33,0.868421052631579,1.1915,0.902937759500439
CUST131,8972.61,118.0607,60.5536,76,5206.99,68.513,490,6.4474,17.5335,71.6395,30.6525,0.196,149.58,41.6807,16.2808,45,13,2022-01-19,2024-06-28,3765.620000000001,0.41967944667159285,199.39133333333334,0.42787149547386566,2.7194683128082637,891,19.8,118,1.2133,2,78.5562,35.2693,0.196,169.0997,891.8812,5.9459,15.5182,0.5067,96,0.8135593220338984,1.2133,0.448969018358831
CUST132,1445.6,1445.6,0.0,1,939.6,939.6,720,720.0,0.0,72.28,0.0,72.28,72.28,46.98,0.0,1,1,2022-04-15,2022-04-15,505.9999999999999,0.350027670171555,1445.6,0.0,0.0,0,0.0,2,1.0,1,76.0017,5.2633,72.28,79.7234,1514.4792,757.2396,52.6647,0.5,1,0.5,1.0,0.06925239830161693
CUST133,150269.84,167.7119,422.6585,896,99601.1,111.1619,22883,25.5391,166.6383,55.5804,51.106,2.2633,516.0,36.8181,34.0305,153,70,2022-01-06,2025-08-26,50668.73999999999,0.3371850266161193,982.155816993464,0.9194968010305792,6.524830553934946,1328,8.679738562091503,1293,1.2077,2,58.4677,52.1439,2.2633,516.0,46030.4876,28.205,182.3771,0.549,1138,0.880123743232792,1.2077,0.8918411362170908
CUST134,23271.97,204.1401,171.9776,114,13604.64,119.3389,2075,18.2018,34.4631,55.0556,77.6745,1.4029,738.0,31.5024,42.9781,49,25,2022-01-14,2025-04-22,9667.330000000002,0.41540660287891407,474.9381632653062,1.4108374080020925,1.8933896647584305,1194,24.367346938775512,165,1.2361,2,57.8877,66.8428,1.4029,738.0,3679.6858,17.0356,32.4051,0.5278,150,0.9090909090909091,1.2361,1.1546978028147603
CUST135,24.84,24.84,0.0,1,22.36,22.36,4,4.0,0.0,6.21,0.0,6.21,6.21,5.59,0.0,1,1,2022-04-11,2022-04-11,2.4800000000000004,0.09983896940418681,24.84,0.0,0.0,0,0.0,1,1.5,2,6.417,0.2928,6.21,6.624,8.0,4.0,0.0,0.5,2,2.0,1.5,0.04562879850397382
CUST136,747.46,31.1442,17.9122,24,720.75,30.0312,85,3.5417,9.9301,25.1554,18.3614,2.5,61.22,25.1501,16.9148,15,11,2022-02-10,2025-05-29,26.710000000000036,0.03573435367778882,49.830666666666666,0.7299188245863711,2.8037665527853854,1204,80.26666666666667,44,1.2414,2,26.6162,19.287,2.5,85.437,281.5892,4.855,12.3143,0.4138,34,0.7727272727272727,1.2414,0.7246338695982146
CUST137,176763.15,410.1233,296.6455,431,113058.28,262.3162,17300,40.1392,330.7896,136.9632,120.8181,0.1,482.81,86.5917,76.0489,87,12,2022-01-05,2025-09-08,63704.869999999995,0.3603967795323856,2031.760344827586,0.8821208908670358,8.241061107346434,1342,15.425287356321839,639,1.2179,2,144.4873,131.9201,0.1,633.377,36323.1459,44.4592,345.3838,0.5275,551,0.8622848200312989,1.2179,0.9130221133622124
CUST138,270280.75,448.2268,530.5553,603,181378.24,300.7931,295693,490.3698,1077.6343,39.3144,39.5395,0.03,275.015,25.6898,29.7819,131,49,2022-01-04,2025-09-08,88902.51000000001,0.32892653287368784,2063.211832061069,1.0057256374254726,2.1975951618553995,1343,10.251908396946565,894,1.2172,2,41.8685,43.2811,0.03,330.7645,535421.6566,468.8456,1037.8182,0.528,761,0.8512304250559284,1.2172,1.0337389684368918
CUST139,14456.66,425.1959,768.5345,34,9347.27,274.9197,520,15.2941,11.6086,64.3449,32.1253,6.061,116.5,41.2815,18.4744,8,10,2022-01-04,2023-05-03,5109.389999999999,0.35342810856726237,1807.0825,0.4992672301922919,0.7590247219516022,484,60.5,50,1.1803,2,70.0752,32.5064,6.061,127.7057,975.6505,15.9943,12.1378,0.5574,42,0.84,1.1803,0.46387880448432545
CUST14,715582.5,488.7859,687.2732,1464,456807.77,312.0272,8668087,5920.8245,18455.8601,39.0001,97.4897,0.012,498.59,30.6275,76.6054,249,48,2021-12-21,2025-08-26,258774.72999999998,0.36162808620948667,2873.8253012048194,2.499729487873108,3.1171098045550925,1344,5.397590361445783,2093,1.2143,2,38.0219,98.6879,0.012,618.8732,16167123.4913,6068.74,18999.8486,0.5495,1860,0.8886765408504539,1.2143,2.595554141166012
CUST140,203429.48,5498.0941,5308.8973,37,113596.98,3070.1886,44281,1196.7838,780.7317,155.5993,519.2928,10.88,3191.04,114.6627,405.1803,32,3,2022-02-09,2025-08-26,89832.50000000001,0.44159037323400724,6357.17125,3.3373723403639994,0.6523581786451321,1294,40.4375,62,1.1948,2,213.0436,675.1807,10.88,3691.4402,89395.6989,1160.9831,756.064,0.4805,43,0.6935483870967742,1.1948,3.1692137196329764
CUST141,92580.57,140.7,165.5886,658,60913.82,92.5742,43822,66.5988,262.7664,49.2782,61.9841,1.654,813.18,31.1538,38.0148,34,63,2022-05-11,2025-01-21,31666.750000000007,0.3420453125315604,2722.9579411764707,1.2578401808507615,3.9455125317573287,986,29.0,943,1.2148,2,51.2996,74.8967,1.654,1053.4746,86580.1907,72.0901,287.244,0.5479,849,0.9003181336161188,1.2148,1.459986042776162
CUST142,558.51,93.085,38.7821,6,292.41,48.735,6,1.0,0.0,93.085,38.7821,45.81,141.23,48.735,20.3897,3,3,2022-05-31,2025-06-16,266.09999999999997,0.4764462587957243,186.17,0.4166310361497556,0.0,1112,370.6666666666667,9,1.3077,2,83.9223,38.3031,45.81,142.6405,12.9714,0.9978,0.0327,0.4615,9,1.0,1.3077,0.4564114663206323
CUST143,102848.8,132.5371,202.5818,776,67817.3,87.3934,50274,64.7861,269.936,50.3766,88.216,1.6544,813.18,32.6461,58.3177,38,82,2022-05-11,2024-12-13,35031.5,0.3406116551675858,2706.547368421053,1.751130485185582,4.1665727679239835,947,24.92105263157895,1107,1.2215,2,51.8987,86.0726,1.6544,937.1275,95648.5531,67.2634,305.6292,0.5457,991,0.8952122854561879,1.2215,1.658473140945727
CUST144,185387.91,219.6539,337.661,844,122548.09,145.1992,25355,30.0415,87.6547,50.8405,63.0762,0.9,783.85,33.6592,41.7403,316,92,2022-01-04,2025-09-04,62839.82000000001,0.3389639594081405,586.6706012658228,1.240668364787915,2.9177870612319627,1339,4.237341772151899,1231,1.2119,2,53.6653,67.2263,0.9,875.4325,46218.5745,29.5894,89.3701,0.5403,1077,0.8748984565393989,1.2119,1.2526958761061615
CUST145,6301.85,225.0661,260.2135,28,2953.18,105.4707,6637,237.0357,461.5214,128.2409,119.4275,0.1925,353.335,61.654,56.9693,21,9,2022-01-20,2024-01-17,3348.6700000000005,0.5313788808048431,300.08809523809526,0.9312746557455538,1.9470543888536622,727,34.61904761904762,43,1.2951,2,141.9705,130.7645,0.1925,486.4613,16884.97,276.8028,551.6102,0.459,42,0.9767441860465116,1.2951,0.9210681092198733
CUST146,453097.24,475.9425,600.1602,952,297817.8,312.8338,2253398,2367.0147,9032.0337,30.1756,47.8252,0.0246,253.85,20.2617,32.1835,396,60,2022-01-04,2025-09-04,155279.44,0.3427066560811538,1144.1849494949495,1.584896406368059,3.815791131335179,1339,3.3813131313131315,1389,1.2045,2,34.2009,55.0233,0.0246,373.3556,3764447.7033,2156.0411,8314.4054,0.5452,1203,0.8660907127429806,1.2045,1.608826083524118
CUST147,56929.51,180.7286,127.7462,315,33179.22,105.3309,307779,977.0762,3956.4533,72.2136,74.9314,0.0149,682.0,41.0138,44.558,103,31,2022-01-06,2025-08-28,23750.29,0.41718767647921084,552.7136893203884,1.0376355700311297,4.049278142277951,1330,12.912621359223301,463,1.2139,2,80.5415,87.8478,0.0149,856.8291,510822.78,867.2713,3760.2875,0.5348,402,0.8682505399568035,1.2139,1.0907147247071387
CUST148,63409.79,348.4054,245.5566,182,51568.57,283.3438,56207,308.8297,1248.7519,69.0869,54.6982,0.0072,401.32,54.3741,35.0189,82,13,2022-01-06,2023-02-24,11841.220000000001,0.18674119564187172,773.2901219512195,0.7917304148832847,4.043496788035607,414,5.048780487804878,258,1.1963,2,73.2625,54.2913,0.0072,430.3498,114653.996,357.1776,1368.8225,0.567,221,0.8565891472868217,1.1963,0.7410516976625149
CUST149,296.25,296.25,0.0,1,233.26,233.26,2500,2500.0,0.0,0.1185,0.0,0.1185,0.1185,0.0933,0.0,1,1,2023-02-03,2023-02-03,62.99000000000001,0.2126244725738397,296.25,0.0,0.0,0,0.0,1,1.0,1,0.1185,0.0,0.1185,0.1185,2500.0,2500.0,0.0,1.0,1,1.0,1.0,0.0
CUST15,1984230.63,509.561,1564.3276,3894,1450922.28,372.6046,3584916,920.6256,4025.3473,31.959,98.3507,0.0357,3859.2,21.685,71.5198,1343,247,2022-01-03,2025-09-03,533308.3499999999,0.2687733683457955,1477.4613775130304,3.0774022966926378,4.372404265099732,1339,0.9970215934475056,5579,1.223,2,33.837,90.6202,0.0357,3859.2,7005912.6438,975.7539,4304.812,0.5423,5016,0.8990858576805879,1.223,2.6781393149510886
CUST150,82037.08,4557.6156,6424.395,18,52262.33,2903.4628,1221290,67849.4444,280233.1252,1.7841,0.8112,0.0184,3.163,0.9472,0.4704,10,6,2022-02-18,2024-01-26,29774.75,0.36294258644993216,8203.708,0.45468303346224986,4.130219896096895,707,70.7,27,1.1818,2,1.9357,0.7361,0.0184,3.1934,1239726.1615,37567.4594,207015.7697,0.5455,23,0.8518518518518519,1.1818,0.3802758691946066
CUST151,13458.92,151.2238,102.4557,89,8332.08,93.6189,1084,12.1798,8.2138,24.3034,30.8073,2.3583,121.7,14.272,18.7816,23,23,2022-02-17,2023-08-21,5126.84,0.3809250667958499,585.1704347826087,1.2676127620003785,0.6743788896369399,550,23.91304347826087,134,1.1779,2,27.6987,36.4565,2.3583,164.6651,2005.6233,12.3044,8.0805,0.546,108,0.8059701492537313,1.1779,1.3161809037969292
CUST152,25899.51,588.6252,3327.6837,44,11932.13,271.1848,145155,3298.9773,19150.9391,14.5508,34.8799,0.0158,229.41,11.495,29.6935,15,39,2022-01-13,2025-04-28,13967.38,0.5392912838891547,1726.6339999999998,2.397112186271545,5.805113936370523,1201,80.06666666666666,67,1.2386,2,12.8415,26.5094,0.0158,229.41,251197.5059,2854.5171,17244.7886,0.5,61,0.9104477611940298,1.2386,2.0643538527430594
CUST153,23942.21,67.2534,55.4623,356,11577.48,32.521,10875,30.5478,13.7397,2.4579,2.5353,0.36,23.884,1.1961,1.1961,80,24,2022-01-05,2025-08-27,12364.73,0.5164406293320458,299.277625,1.031490296594654,0.4497770706892149,1330,16.625,538,1.2303,2,2.6135,2.4452,0.36,25.7214,21340.5975,30.5302,13.6899,0.5093,462,0.8587360594795539,1.2303,0.9356035967093934
CUST154,29542.37,223.8058,151.8745,132,17005.03,128.826,16467,124.75,918.5629,50.9072,86.3706,1.7936,479.41,28.1477,44.3838,43,37,2022-01-20,2025-08-28,12537.34,0.4243850442601592,687.0318604651162,1.6966283747682056,7.3632296593186375,1316,30.6046511627907,192,1.2441,2,51.0596,85.1385,1.7936,546.3541,32800.7212,129.1367,934.4873,0.5197,177,0.921875,1.2441,1.6674337440951357
CUST155,2310286.94,600.2304,1036.1545,3849,1813381.35,471.1305,53155,13.8101,86.9535,169.7948,257.5107,0.01,4003.765,133.971,198.7883,932,450,2022-01-18,2025-09-08,496905.58999999985,0.21508392805960277,2478.8486480686693,1.516599448275212,6.296370048008342,1329,1.4259656652360515,5568,1.2269,2,182.1784,289.4104,0.01,5843.1655,93818.5748,13.0267,68.0695,0.5344,4959,0.890625,1.2269,1.5886098461727622
CUST156,20964.95,197.7825,140.9183,106,12075.97,113.9242,645,6.0849,10.6137,63.8913,35.9231,1.2535,162.385,36.3362,21.0948,27,14,2022-01-06,2025-07-30,8888.980000000001,0.42399242545295845,776.4796296296297,0.5622533897416393,1.7442685993196272,1301,48.18518518518518,155,1.2327,2,69.1017,40.3687,1.2535,196.003,1456.6562,7.2112,13.9858,0.5248,139,0.896774193548387,1.2327,0.5841925741334874
CUST157,37754.02,73.5946,179.2668,513,18783.11,36.6142,27438,53.4854,68.8007,13.1349,60.174,0.0192,752.0,9.2331,49.5171,134,235,2022-01-07,2025-06-11,18970.909999999996,0.5024871523615233,281.74641791044775,4.581230157823813,1.2863454325853412,1251,9.335820895522389,763,1.2182,2,14.052,60.7709,0.0192,752.0,50506.1413,51.7481,65.3317,0.5256,648,0.8492791612057667,1.2182,4.324715343011671
CUST158,290825.2,117.1737,186.1522,2482,204562.48,82.4184,393843,158.6797,347.6426,11.3756,34.4342,0.0555,423.4,6.9888,18.082,817,54,2022-01-04,2025-09-08,86262.72,0.2966136359572692,355.9671970624235,3.0270227504483276,2.1908448276622656,1343,1.6438188494492043,3558,1.2202,2,12.3526,39.2023,0.0555,590.5933,709788.9005,155.5531,342.5338,0.5439,3197,0.8985385047779652,1.2202,3.173607175817237
CUST159,2266.62,107.9343,62.7722,21,1314.55,62.5976,1441,68.619,33.2272,1.6424,0.9846,0.4325,3.52,0.9391,0.5394,9,4,2022-01-26,2023-06-21,952.0699999999999,0.4200395302256223,251.84666666666666,0.5994885533365806,0.48422740057418506,511,56.77777777777778,31,1.225,2,1.8714,1.0634,0.4325,4.4451,2829.8379,70.7459,33.9177,0.525,28,0.9032258064516129,1.225,0.5682376830180613
CUST16,25173.63,59.2321,69.7177,425,15082.63,35.4885,7297,17.1694,73.3141,36.7642,32.2016,1.0464,294.915,19.9535,17.3013,109,52,2022-01-10,2025-08-06,10091.000000000002,0.4008559750818615,230.95073394495415,0.8758955723230751,4.27004438128298,1304,11.963302752293577,633,1.2048,2,39.605,37.0963,1.0464,412.4366,15275.0032,19.1897,81.9731,0.5339,540,0.8530805687203792,1.2048,0.9366569877540715
CUST160,2056.72,54.1242,40.0521,38,1316.6,34.6474,826,21.7368,16.1089,7.8715,17.5957,0.6772,99.63,4.3279,9.6215,10,29,2022-01-05,2022-08-23,740.1199999999999,0.3598545256524952,205.67199999999997,2.2353681001079844,0.7410888447241544,230,23.0,58,1.275,2,11.9785,25.831,0.6772,138.4557,1679.7518,20.9969,16.2814,0.475,53,0.9137931034482759,1.275,2.1564469674834075
CUST161,84.91,28.3033,22.746,3,49.93,16.6433,95,31.6667,16.0728,1.2091,1.3223,0.3148,2.728,0.6817,0.62,2,3,2022-03-23,2024-07-18,34.98,0.41196561064656695,42.455,1.0936233562153668,0.5075615709878201,848,424.0,5,1.2857,2,2.0136,1.4265,0.3148,3.5211,177.2151,25.3164,11.2988,0.4286,4,0.8,1.2857,0.7084326579261027
CUST162,15867.61,223.4875,213.1518,71,9290.35,130.85,1440,20.2817,19.2556,123.3831,116.5539,0.7722,378.29,71.5855,66.6378,48,10,2022-01-11,2025-06-03,6577.26,0.4145085491765931,330.57520833333336,0.9446504424025657,0.9494075940379751,1239,25.8125,102,1.1774,2,144.514,132.0913,0.7722,544.8398,2430.8844,19.6039,18.4741,0.5726,85,0.8333333333333334,1.1774,0.9140380862753781
CUST163,5655150.87,314.542,933.0945,17979,3994059.49,222.1514,1073611,59.7147,265.7914,66.9374,377.4706,0.003,19567.19,48.7643,272.5476,2202,2382,2022-01-04,2025-09-05,1661091.38,0.29373069228124765,2568.1884059945505,5.639158377827642,4.451021272818921,1340,0.6085376930063578,26199,1.2184,2,72.9749,438.435,0.003,28223.7641,2019616.9432,60.2493,266.3214,0.5364,22987,0.877399900759571,1.2184,6.008024676977974
CUST164,49103.28,173.5098,326.1926,283,23459.55,82.8959,127233,449.5866,722.6532,13.9151,26.7949,0.0246,191.325,7.3021,13.6095,76,66,2022-02-10,2025-09-02,25643.73,0.5222406731281495,646.0957894736842,1.9255988099259076,1.6073726396649723,1300,17.105263157894736,419,1.2226,2,14.2819,29.676,0.0246,220.8186,234042.9534,434.217,694.9333,0.525,360,0.8591885441527446,1.2226,2.077874792569616
CUST165,247284.63,49.3681,76.0911,5009,169261.93,33.7916,63449,12.667,19.2416,7.5808,12.0878,0.088,107.19,5.2454,8.5351,825,72,2022-01-04,2025-09-08,78022.70000000001,0.31551779016754905,299.73894545454544,1.594528281975517,1.51903370963922,1343,1.627878787878788,7269,1.2212,2,8.2022,13.072,0.088,137.9608,115702.0534,12.3971,18.6962,0.5367,6438,0.8856789104416013,1.2212,1.5937187583818975
CUST166,47449.91,173.8092,283.667,273,23125.56,84.709,6760,24.7619,48.5736,52.4751,44.0193,0.045,234.785,26.9227,25.9208,113,99,2022-01-11,2025-08-11,24324.350000000002,0.5126321630536286,419.9107079646018,0.8388607167971095,1.9616265310820251,1308,11.575221238938052,406,1.207,2,56.5522,49.0849,0.045,259.2009,13548.5619,26.462,50.6727,0.5332,349,0.8596059113300493,1.207,0.8679573915780464
CUST167,54053.69,247.9527,597.6368,218,33834.41,155.2037,700273,3212.2615,3289.5931,6.5225,24.9472,0.014,117.515,4.5846,17.1005,111,40,2022-07-14,2025-08-21,20219.28,0.3740591992887072,486.9701801801802,3.824791107704101,1.0240738806600895,1134,10.216216216216216,321,1.2209,2,5.485,23.5784,0.014,161.1762,1370027.8369,3325.3103,3346.601,0.5291,278,0.8660436137071651,1.2209,4.298705560619871
CUST168,5266.98,195.0733,110.2277,27,2672.87,98.9952,573,21.2222,65.9501,67.3689,18.3928,34.08,88.6625,34.1384,6.3488,19,4,2022-02-23,2025-08-19,2594.1099999999997,0.4925232296306422,277.2094736842105,0.2730161840255667,3.1075995891095176,1273,67.0,34,1.1282,2,67.5341,19.2648,34.08,98.3682,844.7272,21.6597,66.3043,0.6923,30,0.8823529411764706,1.1282,0.2852603351492061
CUST169,1912868.6,586.5896,1571.2314,3261,1172976.3302,359.6984,2271436,696.5458,7875.2273,13.9168,140.5103,0.0029,2892.7,9.5295,89.9372,2067,771,2022-01-03,2025-09-03,739892.2698000001,0.3867972268455868,925.4323173681664,10.09645177052196,11.306115549042145,1339,0.6477987421383647,4696,1.2229,2,14.6737,148.8148,0.0029,4208.5369,4016024.1087,664.5746,8013.1334,0.5396,4190,0.8922487223168655,1.2229,10.14160027804848
CUST17,389.27,97.3175,60.3101,4,234.04,58.51,14,3.5,2.8868,97.3175,60.3101,53.76,185.03,58.51,18.5642,3,3,2022-02-07,2024-09-10,155.23,0.3987720605235441,129.75666666666666,0.6197251265188687,0.8248,946,315.3333333333333,5,1.1667,2,89.6129,48.5257,53.76,185.03,16.114,2.6857,2.5676,0.6667,5,1.0,1.1667,0.5415035112132294
CUST170,129649.46,210.1288,435.813,617,77803.43,126.0996,16414,26.6029,72.3231,41.7567,257.9397,0.0727,6291.19,25.631,169.1326,415,196,2022-01-12,2025-08-25,51846.03000000001,0.3998939139430277,312.4083373493976,6.177205095230226,2.7186171432437813,1321,3.183132530120482,921,1.2188,2,40.0212,192.4043,0.0727,6291.19,28414.7329,24.1007,62.3255,0.5233,785,0.8523344191096635,1.2188,4.807559493468462
CUST171,22185.32,228.7146,1303.725,97,12919.02,133.1858,6187,63.7835,102.7393,16.4264,93.4858,0.0004,654.0,10.0877,58.4036,10,53,2025-06-17,2025-09-02,9266.3,0.41767709458326496,2218.532,5.691192227146544,1.6107504291862316,77,7.7,139,1.2011,2,12.364,71.1044,0.0004,654.0,11507.8158,66.1369,109.9055,0.5575,119,0.8561151079136691,1.2011,5.750922031704949
CUST172,224304.51,208.8496,264.833,1074,130058.26,121.0971,90106,83.8976,346.1059,57.3847,72.5978,0.0064,535.24,33.8393,44.7619,260,100,2022-01-05,2024-07-05,94246.25000000001,0.4201709987908848,862.7096538461539,1.265107249841857,4.125337315966131,912,3.5076923076923077,1569,1.2064,2,61.7543,77.1365,0.0064,577.4333,162016.9516,81.9509,358.9792,0.5432,1358,0.8655194391332058,1.2064,1.249087108104213
CUST173,396143.59,940.9586,1170.3365,421,265084.7,629.6549,1022738,2429.3064,6642.1504,102.9016,347.2631,0.0422,3588.33,67.6783,239.1685,137,48,2022-01-05,2025-03-06,131058.89000000001,0.3308368311601357,2891.5590510948905,3.3747104029480592,2.7341756478310026,1156,8.437956204379562,606,1.2211,2,107.216,347.4581,0.0422,3994.1741,2019472.6603,2595.7232,6811.1582,0.5411,536,0.8844884488448845,1.2211,3.2407299283689004
CUST174,1161696.97,148.7829,398.9842,7808,856252.14,109.6634,1356774,173.7672,697.2306,47.5301,198.524,0.0068,6499.0,35.8531,161.6589,1850,1781,2022-01-03,2025-09-08,305444.82999999996,0.26292986715804206,627.9443081081081,4.176805855657784,4.01244078284049,1344,0.7264864864864865,11263,1.2183,2,52.3704,226.7181,0.0068,7351.3016,2463722.5151,170.9968,683.479,0.5419,10027,0.890260143833792,1.2183,4.329126758627011
CUST175,82869.28,216.3689,413.2209,383,54952.61,143.4794,27309,71.3029,292.7962,27.4198,64.4904,0.4157,252.25,18.1634,42.9791,84,39,2022-05-16,2025-05-01,27916.67,0.33687598106318767,986.5390476190476,2.351964638691748,4.106371550105256,1081,12.869047619047619,538,1.2225,2,28.8376,68.8718,0.4157,340.5069,58790.8623,84.9579,336.7135,0.5535,488,0.9070631970260223,1.2225,2.388263933198324
CUST176,38166.81,46.0952,116.12,828,23913.3,28.8808,78657,94.9964,251.0966,2.8245,13.1412,0.0029,320.45,1.9468,8.637,23,499,2022-01-12,2023-05-01,14253.509999999998,0.3734530079930704,1659.4265217391303,4.652575677110993,2.643222269475475,474,20.608695652173914,1180,1.2139,2,3.0037,11.3233,0.0029,320.45,152391.6482,101.5267,298.3799,0.5516,1053,0.8923728813559322,1.2139,3.769783933149116
CUST177,526870.64,596.0075,735.8561,884,354704.32,401.2492,176618,199.7941,643.2959,43.1002,43.413,0.255,247.5,28.4989,28.1765,34,67,2022-05-11,2024-11-15,172166.32,0.3267715202350239,15496.195294117648,1.007257506925722,3.2197942782094167,919,27.029411764705884,1273,1.229,2,46.1028,47.2517,0.255,335.624,321759.198,194.8875,633.3064,0.5354,1148,0.9018067556952082,1.229,1.0249203952905246
CUST178,2767.94,138.397,59.2347,20,1434.18,71.709,36,1.8,0.8944,82.8704,31.1107,35.7,128.78,42.7147,15.5699,6,7,2022-05-25,2025-07-30,1333.76,0.48186015592823545,461.3233333333333,0.37541389929335445,0.4968888888888889,1162,193.66666666666666,27,1.129,2,87.4893,30.0985,35.7,141.8682,55.1828,1.7801,0.7558,0.6452,22,0.8148148148148148,1.129,0.34402492647672345
CUST179,5504.87,68.8109,61.245,80,3190.19,39.8774,6252,78.15,259.8345,65.4151,57.8564,1.64,288.0,38.0809,32.525,13,19,2022-02-03,2023-09-28,2314.68,0.420478594408224,423.45153846153846,0.8844502263238917,3.324817658349328,602,46.30769230769231,116,1.2055,2,66.2581,61.7439,1.64,379.1848,10191.6865,69.8061,243.1947,0.5479,99,0.853448275862069,1.2055,0.9318694619978538
CUST18,2456.21,163.7473,131.0571,15,1784.91,118.994,102,6.8,10.0938,58.8129,19.8221,24.79,84.1575,40.6633,16.3467,3,6,2022-01-31,2022-05-10,671.3,0.2733072497872739,818.7366666666667,0.3370366025140743,1.4843823529411766,99,33.0,24,1.1724,2,63.7628,23.0031,24.79,96.6951,245.9508,8.4811,10.6947,0.5172,19,0.7916666666666666,1.1724,0.3607605061258289
CUST180,3211.03,80.2758,39.607,40,1752.5661,43.8142,1681,42.025,92.0528,66.7204,32.9715,2.2543,140.95,36.6108,19.9545,28,12,2022-02-07,2025-07-01,1458.4639000000002,0.4542043830172873,114.67964285714287,0.49417419559834774,2.190429506246282,1240,44.285714285714285,57,1.2597,2,61.5606,39.5701,2.2543,187.4342,2995.2463,38.8993,90.2866,0.5195,50,0.8771929824561403,1.2597,0.6427828838575322
CUST181,2297.93,57.4483,35.281,40,1728.03,43.2008,92,2.3,4.2619,52.7094,32.137,1.0,151.6,39.849,30.3295,31,13,2022-01-25,2025-08-22,569.8999999999999,0.2480058139281875,74.12677419354839,0.6097014953689475,1.853,1305,42.096774193548384,61,1.2824,2,61.0828,40.9289,1.0,179.5809,243.4636,2.8643,5.1786,0.4706,56,0.9180327868852459,1.2824,0.6700560550596895
CUST182,672.12,96.0171,43.0742,7,356.29,50.8986,9,1.2857,0.7559,79.8476,30.0429,40.92,128.45,41.3586,15.0447,6,4,2022-03-23,2023-09-29,315.83,0.469901208117598,112.02,0.37625301198783684,0.5879287547639418,555,92.5,8,1.2,2,91.6062,31.6403,40.92,133.6722,11.9332,1.1933,0.6351,0.7,9,1.125,1.2,0.3453947440238761
CUST183,397625.99,528.758,476.8589,752,283947.63,377.5899,4406110,5859.1888,10439.0977,48.4867,90.126,0.0156,523.63,32.3125,62.4929,262,37,2022-01-03,2023-05-04,113678.35999999999,0.2858926802043297,1517.6564503816794,1.8587777679239876,1.781662625379131,486,1.8549618320610688,1089,1.2171,2,49.3852,94.0664,0.0156,774.8283,8303284.8409,5969.2918,10500.3683,0.5406,974,0.8943985307621671,1.2171,1.904748791135806
CUST184,4833.97,166.6886,108.2321,29,2660.2,91.731,218,7.5172,8.7897,61.9919,27.3685,15.72,93.52,35.0933,15.387,18,3,2022-01-12,2025-08-19,2173.7700000000004,0.44968628270345085,268.5538888888889,0.44148509724657575,1.1692784547437876,1315,73.05555555555556,38,1.1556,2,67.0426,28.9621,15.72,111.3178,319.1096,7.0913,7.9819,0.6444,35,0.9210526315789473,1.1556,0.4319954775023642
CUST185,1844.96,131.7829,79.7626,14,833.66,59.5471,24,1.7143,1.326,85.9043,30.3064,60.52,134.14,41.1093,18.1284,9,3,2022-07-06,2025-04-02,1011.3000000000001,0.5481419651374556,204.99555555555557,0.3527925843060242,0.7734935542203816,1001,111.22222222222223,25,1.1379,2,98.7102,34.8404,60.52,153.5498,50.9233,1.756,1.4961,0.4828,16,0.64,1.1379,0.3529564320607192
CUST186,10030.18,911.8345,1726.0373,11,5057.54,459.7764,277,25.1818,24.6366,87.3274,105.6911,0.6668,255.2941,45.409,51.4716,5,8,2022-01-05,2022-10-25,4972.64,0.495767772861504,2006.036,1.210285660628852,0.9783494428515834,293,58.6,12,1.2,2,93.4166,107.5772,0.6668,292.699,316.9432,21.1295,22.8378,0.7333,14,1.1666666666666667,1.2,1.1515854783839274
CUST187,9229.46,167.8084,121.6289,55,5603.33,101.8787,312,5.6727,11.9491,77.3025,36.745,0.5764,141.67,43.8997,17.9222,41,8,2022-01-12,2025-02-04,3626.129999999999,0.39288647439828545,225.10878048780486,0.47534038355809966,2.106421986003138,1119,27.29268292682927,77,1.2143,2,86.1685,39.8891,0.5764,180.489,557.081,5.6845,10.971,0.5612,68,0.8831168831168831,1.2143,0.46291974445417994
CUST188,2814.89,134.0424,71.4363,21,1474.4,70.2095,56,2.6667,1.1547,51.0689,17.1973,30.6167,86.84,26.9004,8.7025,16,5,2022-04-07,2025-04-15,1340.4899999999998,0.47621399059998787,175.930625,0.336747022160258,0.43300708741140737,1104,69.0,34,1.2444,2,56.3718,19.1379,30.6167,98.6381,121.4933,2.6999,1.0854,0.4667,26,0.7647058823529411,1.2444,0.33949421519270273
CUST189,1090.11,83.8546,54.7165,13,592.17,45.5515,388,29.8462,74.4769,72.6735,47.2398,19.08,197.83,38.9546,21.7624,8,7,2022-01-12,2023-11-01,497.93999999999994,0.4567795910504444,136.26375,0.6500278643522054,2.495356192748156,658,82.25,19,1.24,2,84.1187,37.9667,19.08,197.83,651.9877,26.0795,71.7804,0.52,19,1.0,1.24,0.45134672789760183
CUST19,21205.17,105.4984,72.3855,201,11504.53,57.2365,590,2.9353,3.7484,67.8806,40.5464,1.6042,251.43,37.1571,22.2614,56,20,2022-01-18,2025-09-04,9700.639999999998,0.45746579725604647,378.66375,0.5973194108478711,1.2770074609068922,1325,23.660714285714285,288,1.1887,2,73.7666,44.8799,1.6042,346.9848,1069.4144,3.0124,3.7342,0.5662,244,0.8472222222222222,1.1887,0.6084040744727288
CUST190,2555.7,255.57,311.394,10,1404.26,140.426,64,6.4,6.9634,78.1691,39.2757,1.611,136.8725,43.8358,26.1327,2,7,2023-03-21,2023-10-19,1151.4399999999998,0.4505380130688265,1277.85,0.5024453396546718,1.08803125,212,106.0,15,1.2105,2,78.833,42.4088,1.611,183.8808,148.9428,7.8391,6.6936,0.5263,12,0.8,1.2105,0.5379574543655575
CUST191,1783.33,71.3332,33.0139,25,1035.39,41.4156,71,2.84,3.6019,52.3226,38.6598,5.8567,125.0,30.4564,24.3085,16,7,2022-03-14,2025-07-24,747.9399999999998,0.41940639141381564,111.458125,0.7388738327223799,1.2682746478873241,1228,76.75,39,1.22,2,54.0703,41.6179,5.8567,160.9778,160.5037,3.2101,3.7047,0.5,32,0.8205128205128205,1.22,0.7696998167200847
CUST192,3432.76,74.6252,45.7807,46,2066.56,44.9252,14043,305.2826,552.0261,61.4003,36.9584,5.22,165.74,37.3497,20.5294,17,15,2022-01-19,2024-07-02,1366.2000000000003,0.3979887903611089,201.92705882352942,0.6019253977586428,1.808246195492308,895,52.64705882352941,68,1.299,2,70.4008,46.4067,5.22,229.6541,35299.2161,363.9094,625.2961,0.4742,63,0.9264705882352942,1.299,0.6591785888796718
CUST193,668.21,111.3683,54.0024,6,315.38,52.5633,7,1.1667,0.4082,93.9342,25.4178,51.32,122.43,45.0767,11.9753,5,3,2022-02-23,2025-07-15,352.83000000000004,0.5280226276170665,133.642,0.27059154173879163,0.34987571783663324,1238,247.6,8,1.2727,2,100.7881,29.0912,51.32,154.1958,11.9556,1.0869,0.3057,0.5455,8,1.0,1.2727,0.2886372498340578
CUST194,325.12,40.64,16.2925,8,299.68,37.46,8,1.0,0.0,40.64,16.2925,17.53,64.41,37.46,14.7577,8,7,2022-12-09,2025-02-17,25.439999999999998,0.07824803149606298,40.64,0.40089812992125984,0.0,801,100.125,10,1.1667,2,43.1169,15.409,17.53,69.2116,11.8682,0.989,0.0305,0.6667,10,1.0,1.1667,0.3573772697016715
CUST195,1190140.58,171.4406,473.1365,6942,880698.07,126.8652,973844,140.2829,481.5729,41.2884,130.0629,0.0003,3549.0,31.3047,105.904,2232,1348,2022-01-03,2025-09-05,309442.5100000001,0.2600050071395768,533.2171057347671,3.150107536257157,3.4328695799701885,1341,0.6008064516129032,10032,1.2188,2,43.8073,134.5038,0.0003,3970.1202,1811398.5606,141.0637,473.0581,0.5406,8861,0.8832735247208932,1.2188,3.070351288483883
CUST196,18451.39,217.0752,202.0068,85,10036.59,118.0775,3242,38.1412,185.0988,140.7613,120.1918,0.0569,340.945,76.3524,68.2811,33,12,2022-01-03,2024-05-28,8414.8,0.45605236245074215,559.1330303030303,0.8538696360434295,4.85298836953216,876,26.545454545454547,119,1.2013,2,158.8537,139.9979,0.0569,485.7589,4390.541,29.4667,159.9913,0.5705,101,0.8487394957983193,1.2013,0.8813008447395306
CUST197,835.74,208.935,74.9392,4,463.89,115.9725,11,2.75,0.5,78.2392,29.9832,50.5,105.1967,41.9775,4.275,4,1,2022-02-07,2023-07-21,371.85,0.4449350276401752,208.935,0.38322477734946164,0.18181818181818182,529,132.25,6,1.1429,2,80.0456,27.5114,50.5,116.6246,20.1448,2.8778,0.4529,0.5714,5,0.8333333333333334,1.1429,0.34369659294202304
CUST198,1600.84,88.9356,87.7028,18,1222.3,67.9056,39512,2195.1111,4399.6995,29.5695,40.0561,0.0028,112.98,18.9155,22.9526,5,17,2022-01-18,2023-08-03,378.53999999999996,0.23646335673771268,320.168,1.354642452527097,2.0043174580093006,562,112.4,30,1.1667,2,28.045,43.5422,0.0028,150.039,62984.1458,1749.5596,3596.4948,0.5,22,0.7333333333333333,1.1667,1.552583348190408
CUST199,7633.37,103.1536,133.7968,74,4998.8,67.5514,1208,16.3243,29.7368,22.991,36.0504,1.478,184.99,15.6751,25.1928,12,33,2022-01-13,2024-04-23,2634.5699999999997,0.34513851680188434,636.1141666666666,1.5680222695837502,1.8216278799090924,831,69.25,107,1.2015,2,21.6833,33.7251,1.478,199.1756,1897.3785,14.1595,25.0988,0.5522,94,0.8785046728971962,1.2015,1.5553490474235931
CUST2,2193839.53,119.8557,292.8195,18304,1508714.55,82.4254,654868,35.7773,144.7414,40.26,125.4587,0.0062,5477.82,27.2693,90.5545,2275,2959,2022-01-03,2025-09-08,685124.9799999997,0.3122949379984961,964.3250681318681,3.116212121212121,4.045621106120362,1344,0.5907692307692308,26460,1.2182,2,42.868,135.72,0.0062,6185.2482,1212925.7982,35.8377,145.2071,0.5408,23487,0.8876417233560091,1.2182,3.1659979471867126
CUST20,19103.71,254.7161,1042.6794,75,52144.11,695.2548,69963,932.84,6165.1219,47.5725,77.1151,0.0028,390.28,37.4974,64.9669,44,58,2022-01-24,2025-07-29,-33040.4,-1.7295279293917256,434.1752272727272,1.6210016290924378,6.6089810685648125,1282,29.136363636363637,122,1.1921,2,48.6485,81.4428,0.0028,431.3505,153077.2383,1013.7565,6138.6269,0.4967,94,0.7704918032786885,1.1921,1.674107115327297
CUST200,19965.13,80.5046,113.9978,248,12445.88,50.185,8666,34.9435,62.1505,49.5202,93.6104,0.0174,499.0,34.8664,73.8835,137,167,2022-01-05,2025-09-08,7519.250000000002,0.3766191354626793,145.73087591240878,1.8903477772706894,1.7785997395796072,1342,9.795620437956204,367,1.1881,2,49.9138,93.8371,0.0174,535.3113,15140.4011,33.4965,58.3988,0.5487,309,0.8419618528610354,1.1881,1.879983090848623
CUST201,63622.74,256.5433,363.7689,248,37201.65,150.0067,25220,101.6935,316.0722,63.8607,84.8676,0.3967,638.345,34.931,47.5834,77,40,2022-01-06,2025-09-04,26421.089999999997,0.41527746211496075,826.2693506493506,1.328948790100954,3.108086554204546,1337,17.363636363636363,360,1.2123,2,73.4886,108.9661,0.3967,711.8887,41435.3778,90.6682,267.2106,0.5427,314,0.8722222222222222,1.2123,1.4827619521939457
CUST202,52350.86,311.6123,839.8509,168,37955.62,225.9263,46982,279.6548,1662.0041,51.8089,87.823,0.3417,399.0,39.7672,71.0216,71,67,2022-01-03,2025-09-04,14395.239999999998,0.27497618950290403,737.3360563380281,1.695133461625319,5.9430558674480105,1340,18.87323943661972,238,1.2539,2,53.9804,90.951,0.3417,399.0,57473.0866,180.1664,1213.0188,0.5266,221,0.9285714285714286,1.2539,1.6848893302013321
CUST203,4777.22,113.7433,98.7593,42,2861.58,68.1329,1131,26.9286,18.8517,4.3968,3.195,1.6517,10.98,2.617,1.9086,23,9,2022-01-13,2025-07-08,1915.6400000000003,0.40099472077903053,207.70521739130436,0.7266648471615721,0.7000623872017112,1272,55.30434782608695,58,1.2267,2,4.6516,3.3393,1.6517,12.0913,2225.8016,29.6774,20.8702,0.56,52,0.896551724137931,1.2267,0.7178820190902055
CUST204,833771.04,86.6256,308.3366,9625,616145.25,64.0151,609518,63.3265,123.955,27.3783,132.3459,0.0002,3579.42,20.4836,106.141,1131,1976,2022-01-03,2025-09-05,217625.79000000004,0.2610138509967917,737.1980901856764,4.833970699422536,1.9573954031882386,1341,1.1856763925729443,13918,1.2204,2,29.4515,134.1763,0.0002,3579.42,1121817.8511,62.8399,121.3473,0.5392,12337,0.8864060928294295,1.2204,4.555839261158176
CUST205,237526.7,122.9434,164.8274,1932,128449.72,66.4854,592140,306.4907,390.0116,6.029,19.023,0.0003,209.83,3.7806,12.6552,269,233,2021-12-22,2025-09-08,109076.98000000001,0.4592198687558073,882.9988847583644,3.1552496268037817,1.272507126643647,1356,5.04089219330855,2865,1.2227,2,6.2314,19.8013,0.0003,240.3065,1161338.9126,315.0675,398.6785,0.5241,2492,0.8698080279232112,1.2227,3.1776647302371863
CUST206,30431.55,323.7399,648.5953,94,18262.02,194.2768,3455,36.7553,31.2756,14.1976,25.8837,0.0386,187.98,7.8252,11.8294,65,33,2022-03-15,2025-08-26,12169.529999999999,0.3998984606436412,468.17769230769227,1.8231039048853328,0.8509140178423248,1260,19.384615384615383,138,1.1882,2,14.8566,27.5954,0.0386,219.6301,6453.1116,37.9595,26.9943,0.5529,115,0.8333333333333334,1.1882,1.8574505606935638
CUST207,57519.05,174.8299,304.1748,329,30975.42,94.1502,10540,32.0365,189.4267,60.1531,138.3472,0.08,1772.9116,31.8906,24.016,32,67,2022-01-11,2025-01-10,26543.630000000005,0.4614754590001052,1797.4703125,2.299918042461652,5.912840041827292,1095,34.21875,472,1.2224,2,62.7772,130.0398,0.08,1925.8511,15234.2667,25.0976,151.4603,0.542,428,0.9067796610169492,1.2224,2.0714495071459065
CUST208,36575.95,56.3574,44.3152,649,25735.38,39.6539,35936,55.3713,633.0651,48.8177,31.9433,0.0075,148.27,34.2107,22.5787,217,59,2022-01-25,2025-09-08,10840.569999999996,0.29638519300250565,168.5527649769585,0.6543384878845173,11.433090788910501,1322,6.092165898617512,892,1.2473,2,53.147,34.9003,0.0075,216.354,77668.112,65.5427,732.2685,0.5477,863,0.9674887892376681,1.2473,0.6566748828720342
CUST209,68065.31,181.0248,422.1238,376,32155.55,85.5201,101919,271.0612,449.1039,12.0624,69.5508,0.0092,1284.65,7.4388,53.4605,129,193,2022-01-06,2025-08-25,35909.759999999995,0.5275779982490346,527.6380620155038,5.76591723040191,1.656835799443078,1327,10.286821705426357,538,1.2192,2,13.3439,81.9159,0.0092,1614.2916,211550.6804,307.0402,514.2345,0.5457,480,0.8921933085501859,1.2192,6.138827479222716
CUST21,2916.15,97.205,40.8634,30,1715.27,57.1757,81,2.7,2.2766,86.7747,37.2716,37.64,175.78,51.5907,22.3706,13,7,2022-04-07,2024-07-02,1200.88,0.4118032337156868,224.31923076923078,0.42952150799714667,0.8431851851851851,817,62.84615384615385,40,1.1667,2,96.8085,40.0878,37.64,211.1997,145.8676,3.0389,2.4289,0.625,37,0.925,1.1667,0.4140938037465719
CUST210,467968.6,229.7342,447.2891,2037,297137.35,145.8701,230096,112.9583,444.8689,36.9948,37.313,0.2467,311.86,24.299,24.2738,632,187,2022-01-03,2025-09-08,170831.25,0.3650485310339198,740.4566455696203,1.0086012088185368,3.9383462746872078,1344,2.1265822784810124,2961,1.2194,2,38.8486,39.3998,0.2467,384.2925,462099.9665,121.8297,464.0786,0.537,2630,0.8882134414049307,1.2194,1.0141884134820818
CUST211,291869.28,310.8299,477.804,939,188501.79,200.7474,299986,319.4739,1137.2188,63.2156,180.6965,0.765,1764.705,35.2096,60.6543,63,131,2022-01-12,2025-08-12,103367.49000000002,0.35415679923560306,4632.845714285715,2.8584162769949186,3.559661055253653,1308,20.761904761904763,1346,1.204,2,62.5825,174.412,0.765,2057.7283,518637.8008,306.7048,1098.9063,0.5553,1181,0.8774145616641902,1.204,2.786913274477689
CUST212,78467.51,576.967,948.0477,136,46107.39,339.0249,85709,630.2132,3826.0162,92.4892,153.8929,0.08,730.55,60.0973,99.3352,57,35,2022-01-04,2023-11-20,32360.119999999995,0.4124015149709733,1376.6229824561403,1.663901298746232,6.070987088179048,685,12.017543859649123,185,1.206,2,104.8155,172.464,0.08,962.8856,126049.5875,540.9854,3274.3444,0.5837,172,0.9297297297297298,1.206,1.6454054982326087
CUST213,428.66,107.165,85.8722,4,211.59,52.8975,1087,271.75,485.756,18.4019,16.9173,0.2266,38.16,10.2448,8.7357,3,4,2022-08-23,2023-03-10,217.07000000000002,0.5063920123174545,142.88666666666668,0.9193235481118798,1.787510579576817,199,66.33333333333333,5,1.0,1,20.4844,15.373,0.2266,38.16,1133.3588,226.6718,432.5846,0.8,4,0.8,1.0,0.7504735310773075
CUST214,54382.46,163.3107,162.5797,333,35824.33,107.5806,5599,16.8138,20.4495,32.7115,30.6558,1.01,136.28,21.6026,20.7829,190,36,2022-01-10,2025-08-25,18558.129999999997,0.34125212430625607,286.22347368421055,0.9371566574446295,1.2162330942440138,1323,6.963157894736842,509,1.2323,2,32.1476,31.63,1.01,136.28,10501.1194,15.8388,20.033,0.5023,427,0.8388998035363457,1.2323,0.9838992646418395
CUST215,8342.4,347.6,279.0111,24,5033.96,209.7483,3203,133.4583,174.0789,37.822,36.2017,1.7538,144.835,21.1889,19.2241,14,3,2022-02-09,2023-08-11,3308.4399999999996,0.3965813195243575,595.8857142857142,0.9571598540531966,1.3043692299392393,548,39.142857142857146,31,1.2619,2,38.6022,35.7781,1.7538,144.835,4872.9326,116.0222,158.25,0.5714,32,1.032258064516129,1.2619,0.9268409572511411
CUST216,347561.05,89.1182,142.8504,3900,178755.37,45.8347,1394151,357.4746,924.2066,6.2304,18.4929,0.0024,399.0,3.6798,12.1976,829,402,2022-01-04,2025-09-05,168805.68,0.48568641394080264,419.2533775633293,2.9681721879815095,2.585376975035429,1340,1.6164053075995175,5688,1.2186,2,6.5528,19.7238,0.0024,430.6012,2579370.7579,354.3578,915.1845,0.5358,4980,0.8755274261603375,1.2186,3.009980466365523
CUST217,313793.34,38.5401,71.9743,8142,222073.31,27.275,58471,7.1814,14.8418,8.5423,8.2137,0.1567,46.85,5.915,5.7283,1066,104,2022-01-04,2022-11-15,91720.03000000003,0.29229438075390646,294.365234521576,0.9615326083139202,2.0667000863341407,315,0.2954971857410882,11799,1.2185,2,9.1663,8.89,0.1567,69.0635,105904.6054,7.0145,13.9897,0.5393,10397,0.881176370878888,1.2185,0.9698569760972258
CUST218,196.69,13.1127,13.7186,15,174.25,11.6167,21,1.4,0.7368,10.7658,12.9716,1.3333,56.21,9.5233,11.7035,13,6,2022-01-03,2025-02-11,22.439999999999998,0.11408815903197925,15.129999999999999,1.2048895576733731,0.5262857142857144,1135,87.3076923076923,20,1.2,2,11.6851,14.3079,1.3333,60.0035,34.547,1.3819,0.7489,0.6,19,0.95,1.2,1.2244567868482084
CUST219,83845.83,1117.9444,1846.548,75,49590.38,661.2051,35009,466.7867,823.3646,173.1677,646.9691,1.1,3630.54,96.2937,343.6125,32,13,2022-01-14,2024-06-14,34255.450000000004,0.40855281652051156,2620.1821875,3.736084154262025,1.7638990142606892,882,27.5625,109,1.2378,2,221.7165,778.2393,1.1,4161.0115,67094.6816,469.1936,774.1373,0.5245,101,0.926605504587156,1.2378,3.5100648801510035
CUST22,10145.98,95.7168,62.2968,106,6663.96,62.8675,873,8.2358,21.374,64.174,29.0196,15.945,133.37,42.0,17.7067,31,15,2022-02-09,2025-02-25,3482.0199999999995,0.3431920819871515,327.2896774193548,0.45220182628478817,2.5952548629155636,1112,35.87096774193548,162,1.2286,2,73.7122,34.3699,15.945,166.3993,1611.6829,7.6747,19.0884,0.5048,137,0.845679012345679,1.2286,0.46627152628737173
CUST220,224430.71,221.5506,490.762,1013,143330.95,141.4916,2127204,2099.9052,6815.2415,17.9604,83.152,0.0056,1338.47,12.3835,56.7752,638,225,2022-01-03,2025-09-04,81099.75999999998,0.36135767694180526,351.7722727272727,4.6297409857241485,3.2454996063631825,1340,2.1003134796238245,1510,1.2233,2,20.1947,87.1262,0.0056,1338.47,4211381.3854,2166.3484,6923.8327,0.5211,1298,0.8596026490066225,1.2233,4.314310190297454
CUST221,378235.73,45.0442,83.3866,8397,222234.52,26.4659,596926,71.088,86.1153,8.436,39.198,0.0043,694.45,6.079,31.0756,1277,1141,2022-01-04,2025-09-08,156001.21,0.4124444033883314,296.1908613938919,4.646514935988621,1.2113901080351115,1343,1.0516836335160533,12179,1.2182,2,9.6324,44.5383,0.0043,771.4945,1101485.6121,70.7032,87.1187,0.539,10731,0.8811068232202972,1.2182,4.623800921888626
CUST222,3425.86,126.8837,117.3706,27,1717.29,63.6033,1766,65.4074,134.0535,45.0531,81.0772,0.0354,274.93,22.3454,36.7218,14,14,2022-02-25,2024-11-13,1708.5700000000002,0.4987273268609926,244.70428571428573,1.7995920369519522,2.049515804022175,992,70.85714285714286,37,1.1778,2,41.4713,74.9901,0.0354,285.3766,2378.0121,52.8447,107.9792,0.6,34,0.918918918918919,1.1778,1.8082408798373815
CUST223,117313.32,168.7961,312.0246,695,77730.44,111.8424,39564,56.9266,133.7706,48.9803,99.8836,0.0168,972.0,35.4573,74.8628,286,377,2022-01-05,2025-08-28,39582.880000000005,0.3374116425994934,410.1864335664336,2.039260682355968,2.349878615620817,1331,4.653846153846154,1004,1.2044,2,54.478,110.6498,0.0168,972.0,67771.7368,53.7019,116.0067,0.5507,869,0.8655378486055777,1.2044,2.031091449759536
CUST224,221099.97,161.3868,433.9186,1370,141334.1,103.1636,366031,267.1759,558.1773,5.6805,21.4645,0.004,265.0,3.6399,14.5524,555,411,2022-01-03,2025-09-05,79765.87,0.360768343840119,398.37832432432435,3.7786286418449078,2.0891753335536625,1341,2.4162162162162164,2047,1.2278,2,6.4605,24.4224,0.004,266.4926,725017.3225,273.4882,565.3685,0.5168,1766,0.8627259404005863,1.2278,3.7802646853958675
CUST225,444.33,16.4567,31.3883,27,407.1,15.0778,943,34.9259,83.6618,10.2931,21.9886,0.0185,91.11,9.4835,19.9845,13,24,2022-02-16,2024-01-12,37.22999999999996,0.08378907568698932,34.17923076923077,2.13624661180791,2.395408564990451,695,53.46153846153846,37,1.2449,2,7.1524,17.3642,0.0185,91.11,2234.7522,45.6072,98.3449,0.551,36,0.972972972972973,1.2449,2.4277445333035064
CUST226,18924.97,320.7622,400.4612,59,10875.79,184.3354,13416,227.3898,378.1427,45.6169,39.4747,5.634,135.39,25.7327,22.3389,20,5,2022-04-05,2025-04-17,8049.18,0.4253206213801131,946.2485,0.8653525338197028,1.6629712502495713,1108,55.4,90,1.2105,2,47.0577,38.851,5.634,142.2862,22363.2152,196.1686,354.3662,0.5175,73,0.8111111111111111,1.2105,0.8256034612826382
CUST227,16007.53,228.679,201.3881,70,5888.97,84.1281,129281,1846.8714,3439.5662,45.6528,74.5709,0.095,264.0,24.2861,39.2332,32,16,2022-01-11,2025-08-25,10118.560000000001,0.632112512049017,500.2353125,1.6334354081239266,1.8623744999245753,1322,41.3125,93,1.1983,2,48.3573,79.3341,0.095,315.0161,216219.862,1863.9643,3705.7224,0.6034,86,0.9247311827956989,1.1983,1.6405816701925047
CUST228,159907.95,85.558,193.618,1869,119074.75,63.7104,150688,80.6249,1240.069,42.4207,89.2063,0.0028,849.0,31.4318,72.8892,865,1227,2022-01-03,2025-08-28,40833.20000000001,0.2553544085831881,184.86468208092487,2.102895520347378,15.38071985205563,1333,1.5410404624277456,2746,1.2141,2,43.8207,92.471,0.0028,947.7492,248353.5073,71.08,922.4063,0.5349,2398,0.8732702112163147,1.2141,2.11021275333347
CUST229,643.69,58.5173,29.5199,11,354.98,32.2709,371,33.7273,20.7079,1.838,0.2617,1.4462,2.2642,0.98,0.1095,7,2,2022-02-11,2025-05-21,288.71000000000004,0.4485233575168171,91.9557142857143,0.14238302502720346,0.6139803660536123,1195,170.71428571428572,20,1.1667,2,1.9942,0.2982,1.4462,2.6014,795.7259,33.1552,18.3754,0.4583,12,0.6,1.1667,0.14953364757797613
CUST23,8908079.11,141.3712,268.5671,63012,6416993.02,101.8376,150012127,2380.6914,9230.6068,10.1894,49.772,0.0042,5100.0,7.5742,42.5671,7589,577,2022-01-03,2025-09-08,2491086.09,0.2796434628879267,1173.814614573725,4.884684083459281,3.8772798523991807,1344,0.1770984319409672,91272,1.2195,2,10.8766,52.4431,0.0042,6305.7971,276703629.9135,2366.2827,9185.134,0.5389,80598,0.883052853010781,1.2195,4.821644631594432
CUST230,616062.85,332.827,812.3143,1851,466861.84,252.2214,282498,152.6191,1158.2864,84.3166,210.9627,0.0089,3630.0,65.5042,168.72,535,569,2022-01-20,2025-09-05,149201.00999999995,0.24218472189972168,1151.5193457943924,2.502030442403987,7.589393463858717,1324,2.474766355140187,2728,1.2156,2,88.8662,223.9167,0.0089,3630.0,540399.1008,155.3764,1184.4772,0.5322,2358,0.8643695014662757,1.2156,2.5197060299641483
CUST231,33817.56,268.3933,751.8087,126,17418.15,138.2393,38161,302.8651,698.2896,30.8455,40.3664,0.0373,171.95,17.0224,22.0685,54,36,2022-01-06,2025-07-31,16399.409999999996,0.48493770691912713,626.2511111111111,1.3086641487413073,2.305612630837954,1302,24.11111111111111,184,1.217,2,29.7296,41.8098,0.0373,176.9453,69371.0604,295.196,671.806,0.5362,166,0.9021739130434783,1.217,1.4063357731015553
CUST232,17780.44,153.2797,162.4851,116,11386.98,98.1636,2730,23.5345,61.3237,39.5806,85.0763,0.0286,349.0,27.4048,63.1804,38,47,2022-01-05,2025-05-23,6393.459999999999,0.3595782781528466,467.90631578947364,2.149444424793965,2.6056937687225137,1234,32.473684210526315,162,1.2394,2,39.5623,90.9752,0.0286,449.7955,5283.0159,24.8029,65.7791,0.5446,154,0.9506172839506173,1.2394,2.299542746503616
CUST233,209847.86,116.9721,191.3743,1794,136312.14,75.9822,35602,19.845,69.8727,21.166,50.2192,0.025,679.0,14.9578,40.4638,465,267,2022-01-05,2025-09-08,73535.71999999997,0.3504239690602515,451.2857204301075,2.3726353585939717,3.5209221466364324,1342,2.8860215053763443,2603,1.2251,2,23.9789,58.2782,0.025,1006.8202,65611.008,19.5329,67.5607,0.5341,2312,0.8882059162504802,1.2251,2.430395055653095
CUST234,85512.67,577.7883,859.9325,148,47926.38,323.8269,34447,232.75,342.1716,14.1713,26.7258,0.7355,98.195,8.5572,19.221,87,11,2022-01-06,2025-02-05,37586.29,0.4395405967326246,982.9042528735632,1.8859102552341704,1.4701250268528465,1126,12.942528735632184,203,1.188,2,15.8386,28.5884,0.7355,108.6873,54246.069,216.9843,337.2158,0.592,184,0.9064039408866995,1.188,1.8049827636280984
CUST235,112290.37,379.3594,1103.5747,296,65381.83,220.8846,103937,351.1385,1417.707,16.9923,40.534,0.5418,243.6333,8.3687,18.7171,56,48,2022-02-10,2025-09-04,46908.53999999999,0.4177432134207056,2005.1851785714284,2.38543340218805,4.03745815397628,1302,23.25,441,1.2181,2,19.8074,48.4645,0.5418,342.7968,260069.7795,461.1166,1603.4061,0.5248,373,0.8458049886621315,1.2181,2.4467875642436665
CUST236,2008.87,54.2938,41.7936,37,1082.78,29.2643,909,24.5676,9.2061,13.7727,23.6415,0.9332,132.89,7.7851,13.0132,17,14,2022-01-25,2024-05-23,926.0899999999999,0.4610004629468308,118.16882352941175,1.716547953560304,0.37472524788746153,849,49.94117647058823,54,1.194,2,16.8386,24.9655,0.9332,141.0864,1615.5784,24.1131,8.418,0.5522,45,0.8333333333333334,1.194,1.482635135937667
CUST237,1431.02,49.3455,46.0328,29,846.96,29.2055,967,33.3448,39.8876,8.8183,8.3339,0.014,24.17,4.5155,3.817,18,16,2022-01-03,2023-07-26,584.06,0.40814244385123893,79.50111111111111,0.9450687774287561,1.196216501523476,569,31.61111111111111,40,1.2157,2,9.4204,8.5531,0.014,27.447,1607.7459,31.5244,38.4638,0.5686,36,0.9,1.2157,0.9079338456965734
CUST238,89626.3,79.8808,149.1753,1122,50609.43,45.1064,252833,225.3414,477.3903,5.6217,17.5342,0.0048,254.72,3.4967,11.5215,185,186,2023-01-26,2025-09-04,39016.87,0.43532835785924445,484.4664864864865,3.1190209367273245,2.118520165402363,952,5.145945945945946,1646,1.225,2,6.2925,19.445,0.0048,292.7194,495639.8479,233.3521,496.1958,0.5282,1443,0.8766707168894289,1.225,3.090186730234406
CUST239,75138.42,72.8792,132.824,1031,49998.26,48.4949,63887,61.9661,144.3182,13.1816,47.3947,0.0165,409.77,9.4166,37.674,371,314,2022-01-05,2025-05-22,25140.159999999996,0.3345846239513686,202.52943396226414,3.595519512047096,2.3289863328497353,1233,3.3234501347708894,1496,1.2184,2,13.8663,51.3306,0.0165,492.4345,131792.5258,68.8571,167.4341,0.5387,1322,0.8836898395721925,1.2184,3.7018238463036277
CUST24,11159087.66,336.4414,2953.9445,33168,7333917.85,221.1143,20225111,609.7778,1489.0388,23.9731,106.2549,0.0001,5188.5,18.0915,80.8239,12536,3769,2022-01-03,2025-09-08,3825169.8100000005,0.34278517442885653,890.163342373963,4.432255319503945,2.441936718588312,1344,0.10721123165283983,48058,1.2187,2,25.3616,106.1866,0.0001,5188.5,37063239.335,602.5367,1454.8045,0.5392,42375,0.8817470556411003,1.2187,4.186904611696423
CUST240,182985.82,219.1447,435.1633,835,118941.15,142.4445,297530,356.3234,2294.9162,27.8053,100.4855,0.0002,2044.93,18.6309,70.1434,273,325,2022-01-04,2024-08-27,64044.67000000001,0.34999799438011103,670.277728937729,3.6138973505051197,6.440543057233962,966,3.5384615384615383,1234,1.219,2,28.7473,91.6383,0.0002,2044.93,615798.2937,389.7458,2696.3047,0.5285,1055,0.8549432739059968,1.219,3.187718498780755
CUST241,70671.33,198.515,181.2587,356,42730.48,120.0294,137108,385.1348,720.2568,13.0748,28.4651,0.0144,180.71,8.4445,18.6477,144,23,2022-02-09,2025-08-12,27940.85,0.39536329654472324,490.773125,2.177096399180102,1.8701420905096087,1280,8.88888888888889,512,1.2347,2,13.9747,31.7882,0.0144,262.4288,244575.184,365.5832,704.8813,0.5321,473,0.923828125,1.2347,2.2746964156654523
CUST242,1082.84,98.44,50.634,11,642.31,58.3918,27,2.4545,2.6968,70.3878,39.8696,29.1833,129.6,41.19,27.2215,6,5,2022-06-22,2024-04-23,440.53,0.4068283402903476,180.47333333333333,0.566427704801116,1.0987166429007946,671,111.83333333333333,14,1.1765,2,84.2207,45.1367,29.1833,148.5239,35.0971,2.0645,2.2467,0.6471,14,1.0,1.1765,0.5359335650261753
CUST243,32306.41,81.996,270.903,394,23027.16,58.4446,15245,38.6929,54.0693,18.3796,66.4715,0.0046,999.0,13.5467,55.7316,71,233,2022-01-19,2025-08-25,9279.25,0.2872262811002522,455.0198591549296,3.6165912207012125,1.3973959046750177,1314,18.507042253521128,544,1.2116,2,16.4655,58.4708,0.0046,999.0,28092.4382,40.7137,53.3452,0.571,488,0.8970588235294118,1.2116,3.5511098964501535
CUST244,464756.39,146.5646,147.4867,3171,326696.65,103.0264,144396,45.5364,129.7523,14.9247,78.7927,0.4026,1243.88,10.2625,53.46,297,121,2022-01-03,2025-09-05,138059.74,0.29705829327058847,1564.83632996633,5.279348998639839,2.849419365606416,1341,4.515151515151516,4641,1.2224,2,17.6701,97.3036,0.4026,1802.6492,279433.1928,46.8219,143.5232,0.5313,4074,0.8778280542986425,1.2224,5.506680777131991
CUST245,1876.5,43.6395,77.8358,43,1208.24,28.0986,2429,56.4884,49.056,23.7713,69.806,0.0153,399.0,16.6116,56.5675,2,27,2022-04-04,2022-10-03,668.26,0.35612043698374635,938.25,2.9365663636401877,0.8684260839393574,182,91.0,62,1.1733,2,23.5198,61.3671,0.0153,399.0,4304.8863,57.3985,51.1206,0.5733,52,0.8387096774193549,1.1733,2.609167594962542
CUST246,248914.39,393.2297,637.2475,633,180233.97,284.7298,310048,489.8073,1892.5401,46.9579,95.3983,0.24,1419.25,33.1348,65.2603,53,135,2022-01-04,2024-07-11,68680.42000000001,0.2759198453733431,4696.497924528302,2.031570832596858,3.8638462513727334,919,17.339622641509433,900,1.2255,2,46.2892,88.9883,0.24,1419.25,605271.2338,520.8875,1940.9378,0.5448,819,0.91,1.2255,1.9224419519023874
CUST247,65014.9,225.7462,256.4886,288,44760.45,155.4182,34457,119.6424,480.1229,37.7891,38.0409,1.014,247.5,26.5306,26.8084,16,57,2022-05-12,2023-03-16,20254.450000000004,0.31153550955242576,4063.43125,1.0066632970883138,4.0129828555762845,308,19.25,391,1.2303,2,39.5941,39.7573,1.014,269.4604,57019.4385,112.243,475.6663,0.5669,374,0.9565217391304348,1.2303,1.0041218262316862
CUST248,189616.32,743.5934,2301.8461,255,131393.1,515.2671,38072,149.302,334.6041,37.2045,74.8036,0.0254,499.0,27.921,58.3346,70,142,2022-01-03,2025-07-02,58223.22,0.3070580633565718,2708.8045714285713,2.010606243868349,2.241122690921756,1276,18.228571428571428,384,1.2211,2,42.0237,79.2472,0.0254,670.104,77906.3514,158.0251,339.6179,0.5172,324,0.84375,1.2211,1.8857739799208544
CUST249,171709.85,396.5585,916.8296,433,119528.7,276.0478,81481,188.1778,299.4498,7.2434,13.5177,0.0069,91.5725,4.6249,8.0994,104,169,2022-01-04,2024-12-18,52181.15000000001,0.30389141915853984,1651.05625,1.8662092387552804,1.5913131091977906,1079,10.375,628,1.2266,2,7.7317,14.6497,0.0069,123.7048,151652.6553,186.7644,292.4669,0.5333,558,0.8885350318471338,1.2266,1.894757944565878
CUST25,35162.9,73.1037,116.2733,481,23242.62,48.3215,47454,98.657,242.725,15.4231,51.4051,0.0002,872.96,10.4688,36.395,50,238,2022-01-03,2025-08-15,11920.280000000002,0.33900161818280067,703.258,3.332994015470301,2.460291717769646,1320,26.4,680,1.2299,2,14.6709,52.3744,0.0002,928.2698,85035.9694,96.3035,228.1601,0.5447,620,0.9117647058823529,1.2299,3.569951400391251
CUST250,76999.02,177.4171,152.1134,434,49124.99,113.1912,134845,310.7028,899.5694,70.3502,63.4566,0.4,264.16,47.1502,44.4549,186,25,2022-01-06,2025-09-03,27874.030000000006,0.36200499694671445,413.97322580645164,0.9020102288266416,2.895272910318156,1336,7.182795698924731,641,1.2221,2,77.3433,70.6176,0.4,378.132,297811.1871,361.4213,1104.0227,0.5267,554,0.8642745709828393,1.2221,0.9130409486018828
CUST251,4239.33,141.311,92.3558,30,2151.59,71.7197,197,6.5667,11.4521,42.8412,20.3371,8.5683,70.3933,22.0426,10.5573,6,10,2022-06-29,2025-07-01,2087.74,0.4924693288797994,706.555,0.4747089250534532,1.7439657666712352,1098,183.0,45,1.25,2,48.1174,23.7065,8.5683,104.5557,304.1179,5.0686,8.2472,0.5,38,0.8444444444444444,1.25,0.4926804025155141
CUST252,712047.53,650.2717,1567.4851,1095,500997.85,457.5323,665619,607.8712,1439.6656,55.3077,206.8873,0.0087,5692.81,41.607,163.7282,549,257,2022-01-05,2025-09-03,211049.68000000005,0.2963983036357138,1296.9900364298726,3.7406599804367207,2.3683727737060085,1337,2.435336976320583,1560,1.2231,2,54.9652,176.8457,0.0087,5692.81,1254861.249,624.9309,1478.6886,0.5453,1395,0.8942307692307693,1.2231,3.2174121080247136
CUST253,3456.14,230.4093,376.7354,15,1989.53,132.6353,71,4.7333,6.4417,88.3359,66.5465,4.1108,292.51,41.8636,20.8309,11,8,2022-01-19,2024-04-05,1466.61,0.42434912937554614,314.19454545454545,0.753334714425279,1.3609321192402764,807,73.36363636363636,21,1.125,2,87.234,57.3045,4.1108,292.51,136.7897,5.6996,8.044,0.625,17,0.8095238095238095,1.125,0.6569055643441777
CUST254,16029.1,172.3559,191.3629,93,8229.16,88.4856,2096,22.5376,35.6689,36.3416,42.1033,0.1752,178.45,18.5923,20.2157,80,29,2022-01-12,2025-08-29,7799.9400000000005,0.48661122583301625,200.36375,1.1585428269531335,1.5826396776941645,1325,16.5625,131,1.2384,2,36.1476,43.7746,0.1752,239.3656,3799.4104,22.0896,32.8582,0.5407,122,0.9312977099236641,1.2384,1.2109960273987763
CUST255,84231.94,110.9775,112.1994,759,33323.62,43.9046,153935,202.8129,289.4742,5.061,23.0043,0.0307,565.33,2.7323,17.8048,143,106,2022-01-10,2025-08-27,50908.32,0.6043826130562824,589.0345454545454,4.545406046235922,1.4272967843761417,1325,9.265734265734265,1096,1.2132,2,5.8782,29.956,0.0307,625.2902,283064.1648,203.2047,289.6367,0.5449,969,0.8841240875912408,1.2132,5.096117859208602
CUST256,22159.82,154.9638,310.1569,143,12468.2,87.1902,55669,389.2937,1243.9912,42.9308,168.1873,0.0225,1718.56,27.3141,102.7874,74,115,2022-01-06,2024-01-25,9691.619999999999,0.4373510254144663,299.45702702702704,3.9176372208298007,3.195508172878215,749,10.121621621621621,192,1.1967,2,41.266,197.2274,0.0225,2272.7632,108110.5317,452.3453,1348.6252,0.5983,182,0.9479166666666666,1.1967,4.779416468763631
CUST257,7027.23,702.723,231.6526,10,4252.15,425.215,500,50.0,14.6135,14.0545,1.6362,10.95,14.8306,8.495,0.4246,2,1,2022-01-11,2023-02-15,2775.08,0.39490382412415703,3513.615,0.11641822903696325,0.29227000000000003,400,200.0,16,1.2727,2,14.7948,1.9117,10.95,17.2446,985.2548,44.7843,13.6327,0.4545,13,0.8125,1.2727,0.12921431854435342
CUST258,458135.04,3418.9182,2794.4241,134,364247.29,2718.2634,49116,366.5373,184.6527,12.059,14.8366,1.36,72.4313,8.7598,8.3933,63,10,2022-01-03,2025-09-04,93887.75,0.20493466293257115,7271.984761904761,1.2303341902313627,0.5037760140645986,1340,21.26984126984127,191,1.214,2,12.3353,14.5835,1.36,79.9561,88001.4291,362.1458,184.783,0.5514,168,0.8795811518324608,1.214,1.1822574238162022
CUST259,3502.97,583.8283,285.4884,6,2505.8,417.6333,370,61.6667,19.4079,9.3076,2.2441,6.86,11.47,6.5918,1.9562,3,2,2022-01-06,2025-01-03,997.1699999999996,0.2846641564158413,1167.6566666666665,0.241104044007048,0.31472253258241484,1093,364.3333333333333,9,1.3077,2,10.3227,2.7809,6.86,16.3517,765.7389,58.903,18.5954,0.4615,9,1.0,1.3077,0.2693965726021293
CUST26,71909.8,104.5201,105.8789,688,41381.28,60.1472,16859,24.5044,25.4707,27.4079,48.9067,0.3433,486.64,15.8093,29.1071,156,72,2022-01-04,2025-08-27,30528.520000000004,0.42453907534160856,460.9602564102564,1.7844015776473205,1.0394337343497495,1331,8.532051282051283,1008,1.215,2,27.9105,50.0831,0.3433,555.2487,30705.3836,23.9139,24.5591,0.5358,878,0.871031746031746,1.215,1.7944178714104013
CUST260,179718.22,96.9877,150.0119,1853,113321.69,61.1558,856061,461.9865,1525.6808,62.2282,63.5225,0.0448,321.74,41.6845,42.324,402,93,2022-01-04,2025-09-04,66396.53,0.3694479613697487,447.0602487562189,1.0207992517861677,3.3024358936895344,1339,3.3308457711442787,2643,1.2217,2,68.6741,71.0549,0.0448,467.8082,1524413.5772,448.885,1481.7402,0.5456,2409,0.9114642451759364,1.2217,1.0346680917551159
CUST261,871.99,145.3317,219.7989,6,560.85,93.475,179,29.8333,50.5744,48.653,27.8044,11.8382,80.27,30.5917,18.3498,6,6,2022-01-05,2022-12-12,311.14,0.3568160185323226,145.33166666666668,0.5714837728403183,1.6952331790314847,341,56.833333333333336,6,1.1429,2,46.9404,25.7832,11.8382,80.27,180.0,25.7143,47.4367,0.8571,7,1.1666666666666667,1.1429,0.5492752511695683
CUST262,5977.06,112.7747,103.1181,53,3740.22,70.5702,732,13.8113,7.857,8.5879,8.2832,3.3233,65.505,5.4539,6.2239,16,9,2022-01-13,2023-01-10,2236.8400000000006,0.37423750138027734,373.56625,0.9645198476926841,0.5688820024183097,362,22.625,80,1.2,2,8.4051,6.2684,3.3233,65.505,1352.8234,13.5282,7.0353,0.53,68,0.85,1.2,0.7457852970220462
CUST263,4682.15,53.2062,55.032,88,3420.86,38.8734,2611,29.6705,193.6387,31.6915,17.713,1.46,73.8344,22.7281,13.7667,19,20,2022-01-11,2025-05-13,1261.2899999999995,0.2693826554040344,246.42894736842103,0.5589195841156146,6.526303904551659,1218,64.10526315789474,119,1.2067,2,33.3322,18.2168,1.46,82.3821,4472.0929,29.814,195.1496,0.5867,109,0.9159663865546218,1.2067,0.5465225817677801
CUST264,1854.72,463.68,424.4005,4,1041.24,260.31,116,29.0,24.9132,20.9028,12.1506,12.3847,38.62,12.86,8.4323,4,2,2022-02-17,2024-01-08,813.48,0.43859989648033126,463.68,0.5812905448073943,0.8590758620689655,690,172.5,6,1.25,2,19.5192,8.7533,12.3847,38.62,246.6488,30.8311,21.1045,0.5,5,0.8333333333333334,1.25,0.4484456330177466
CUST265,2448.5,612.125,25.75,4,1715.0,428.75,200,50.0,0.0,12.2425,0.515,11.47,12.5,8.575,0.35,4,1,2022-11-03,2023-01-06,733.5,0.29957116602001227,612.125,0.04206657137022667,0.0,64,16.0,5,1.2857,2,13.0203,1.8882,11.47,17.2127,361.2258,51.6037,2.7388,0.5714,5,1.0,1.2857,0.14501970000691228
CUST266,5401.5,1080.3,407.9271,5,3701.75,740.35,435,87.0,29.0689,12.2941,1.5657,10.95,14.8305,8.45,0.5755,4,1,2022-01-04,2024-11-14,1699.75,0.3146811070998797,1350.375,0.12735377132120285,0.33412528735632185,1045,261.25,7,1.125,2,14.0118,3.4097,10.95,20.7986,730.2504,91.2813,22.8677,0.625,6,0.8571428571428571,1.125,0.24334489501705706
CUST267,4475.62,745.9367,941.8072,6,2869.18,478.1967,169,28.1667,36.9887,35.2638,27.1666,12.65,82.16,29.5669,28.4066,5,6,2022-02-09,2024-02-13,1606.44,0.35893127656056595,895.124,0.7703820915499746,1.313206729932864,734,146.8,11,1.2667,2,35.2354,28.2002,12.65,115.2149,827.7053,55.1804,50.9759,0.4,7,0.6363636363636364,1.2667,0.8003371609233896
CUST268,252391.05,444.3504,890.816,568,153634.72,270.4837,444385,782.368,1684.5188,6.5822,25.4649,0.0044,263.64,4.5441,17.9632,179,124,2022-01-04,2025-09-08,98756.32999999999,0.3912830110259456,1410.0058659217877,3.8687520889672147,2.153102887643666,1343,7.5027932960893855,812,1.2078,2,8.2553,30.5483,0.0044,279.9578,913795.7201,891.508,1855.3973,0.5541,721,0.8879310344827587,1.2078,3.700446985572905
CUST269,5840706.3,1914.9857,6359.071,3050,4424483.18,1450.6502,232359,76.1833,262.5779,62.6247,155.9497,0.0162,5101.72,47.7413,113.0755,698,382,2022-01-03,2025-09-08,1416223.12,0.2424746335901191,8367.774068767909,2.490226699688781,3.4466595697482254,1344,1.9255014326647564,4434,1.2149,2,67.3189,172.4262,0.0162,6264.306,395281.5732,69.9861,206.3382,0.54,3912,0.8822733423545331,1.2149,2.561334186981665
CUST27,1377519.04,142.6446,253.9425,9657,1077974.9,111.6263,50179584,5196.1876,37558.7565,21.1886,45.7484,0.0007,1179.41,17.2864,38.273,1159,329,2022-01-04,2025-09-08,299544.14000000013,0.21745190541976112,1188.5410181190682,2.159104424077098,7.228137124995256,1343,1.1587575496117342,13984,1.2199,2,22.768,48.9318,0.0007,1217.4591,96192398.7797,5366.0827,38331.0844,0.5387,12382,0.8854405034324943,1.2199,2.1491479269149685
CUST270,93456.37,479.2634,754.4355,195,75250.32,385.8991,30290,155.3333,335.4575,41.538,94.5768,0.007,334.0,35.1417,81.8263,99,51,2022-01-11,2025-06-19,18206.04999999999,0.19480801576179332,944.0037373737373,2.2768741874909724,2.1595981029180478,1255,12.676767676767676,282,1.2034,2,43.9085,103.2521,0.007,494.8071,66408.6152,187.595,403.4813,0.5508,239,0.8475177304964538,1.2034,2.3515287472812783
CUST271,82966.1,485.1819,815.806,171,87237.69,510.1619,135131,790.2398,1811.6524,10.1279,35.3972,0.0048,321.9,10.3871,33.9538,94,56,2022-02-08,2025-08-28,-4271.5899999999965,-0.05148596836539256,882.6180851063831,3.495018710690271,2.292535000135402,1297,13.797872340425531,245,1.2271,2,9.4485,33.3437,0.0048,321.9,245465.4567,774.339,1797.1686,0.5394,219,0.8938775510204081,1.2271,3.528994020214849
CUST272,42.14,21.07,15.4149,2,37.95,18.975,33,16.5,21.9203,5.5845,6.4848,0.9991,10.17,5.025,5.8336,2,2,2023-12-15,2024-01-15,4.189999999999998,0.0994304698623635,21.07,1.1612140746709643,1.3285030303030303,31,15.5,2,1.0,1,5.5845,6.4848,0.9991,10.17,33.0,16.5,21.9203,1.0,2,1.0,1.0,1.1612140746709643
CUST273,35959.32,114.1566,239.4051,315,18227.93,57.8664,36302,115.2444,376.1112,12.4206,38.3113,0.02,349.0,7.5184,26.4842,171,122,2022-01-05,2025-08-13,17731.39,0.49309580937570563,210.28842105263158,3.0844967231856755,3.263596322250799,1316,7.695906432748538,462,1.1951,2,13.7717,42.3005,0.02,433.8639,64396.2932,112.1887,349.9215,0.5488,396,0.8571428571428571,1.1951,3.071552531640974
CUST274,21.67,10.835,0.2333,2,18.75,9.375,3,1.5,0.7071,8.1675,4.0058,5.335,11.0,6.975,3.0759,2,2,2023-01-31,2024-01-17,2.9200000000000017,0.13474850023073381,10.835,0.4904560759106213,0.4714,351,175.5,3,1.25,2,10.4346,3.4937,5.335,12.7863,4.8629,1.2157,0.5238,0.5,2,0.6666666666666666,1.25,0.3348187759952466
CUST275,53973.26,66.8814,52.0842,807,37157.97,46.0446,3364,4.1685,11.3288,53.0599,35.8964,0.0336,148.27,36.2994,24.6511,212,52,2023-11-15,2025-09-08,16815.29,0.3115485334775035,254.5908490566038,0.6765259640519489,2.7177162048698573,663,3.1273584905660377,1186,1.2166,2,56.3518,38.4079,0.0336,220.026,6332.2531,4.1825,11.6759,0.533,1030,0.8684654300168634,1.2166,0.681573614329977
CUST276,10.17,10.17,0.0,1,9.15,9.15,1,1.0,0.0,10.17,0.0,10.17,10.17,9.15,0.0,1,1,2024-01-24,2024-01-24,1.0199999999999996,0.10029498525073742,10.17,0.0,0.0,0,0.0,1,1.0,1,10.17,0.0,10.17,10.17,1.0,1.0,0.0,1.0,1,1.0,1.0,0.0
CUST277,6093.44,190.42,161.8158,32,1545.81,48.3066,63350,1979.6875,2049.6994,0.5762,2.2481,0.06,12.75,0.3649,1.6206,19,4,2022-04-07,2025-05-27,4547.629999999999,0.7463157100094527,320.7073684210526,3.901596667823672,1.0353651270718232,1146,60.31578947368421,41,1.2545,2,0.8962,3.0275,0.06,13.6753,114599.1679,2083.6212,2080.2714,0.5818,44,1.0731707317073171,1.2545,3.378152198170051
CUST278,10.32,10.32,0.0,1,9.15,9.15,1,1.0,0.0,10.32,0.0,10.32,10.32,9.15,0.0,1,1,2025-02-11,2025-02-11,1.17,0.11337209302325581,10.32,0.0,0.0,0,0.0,1,1.0,1,10.32,0.0,10.32,10.32,1.0,1.0,0.0,1.0,1,1.0,1.0,0.0
CUST279,137684.33,121.7368,134.89,1131,95405.16,84.3547,6214,5.4943,28.4174,54.5491,49.6186,0.7321,240.0,37.6595,29.8657,294,106,2025-01-28,2025-09-05,42279.169999999984,0.3070732159571099,468.3140476190476,0.9096135408283545,5.172160238792931,220,0.7482993197278912,1629,1.2247,2,59.7613,54.7066,0.7321,354.2665,10915.4456,5.1954,25.9162,0.5383,1464,0.8987108655616943,1.2247,0.9154185066255253
CUST28,363097.75,838.5629,1876.0635,433,239358.76,552.7916,1381651,3190.8799,5548.6008,64.4281,98.2061,0.0246,431.78,46.4368,73.2109,111,72,2022-01-03,2024-03-11,123738.98999999999,0.34078699193261314,3271.150900900901,1.5242743461315793,1.7388936512464792,798,7.1891891891891895,610,1.1984,2,68.6036,105.6618,0.0246,608.3102,2428227.0249,3190.8371,5597.4522,0.569,537,0.8803278688524591,1.1984,1.540178649516935
CUST280,21627.21,675.8503,723.9972,32,12712.55,397.2672,289,9.0312,5.5735,203.0081,647.7098,3.69,3728.75,131.9721,487.2852,22,9,2022-01-13,2025-09-04,8914.66,0.4121964876653068,983.055,3.190561361837286,0.6171383647798743,1330,60.45454545454545,44,1.2414,2,229.8307,720.9513,3.69,4237.418,488.5703,8.4236,5.0328,0.5517,42,0.9545454545454546,1.2414,3.136879885933428
CUST281,63144.45,187.3723,142.8155,337,34651.74,102.8242,981,2.911,1.7722,64.9457,32.5124,5.0,151.16,35.043,17.1784,57,22,2022-01-04,2025-03-27,28492.71,0.4512306307205146,1107.7973684210526,0.5006089702628503,0.6087942287873583,1178,20.666666666666668,492,1.2103,2,69.1352,34.9594,5.0,201.944,1882.9178,3.0223,1.8522,0.5409,424,0.8617886178861789,1.2103,0.5056671565280784
CUST282,968.21,484.105,513.4939,2,659.5,329.75,121,60.5,84.1457,64.035,80.5748,7.06,121.01,44.15,55.6493,2,2,2022-11-17,2023-03-13,308.71000000000004,0.31884611809421515,484.105,1.2582931209494808,1.3908380165289258,116,58.0,2,1.3333,2,92.037,74.823,7.06,148.041,122.0,40.6667,68.7047,0.6667,3,1.5,1.3333,0.8129665243326052
CUST283,9472.47,220.29,214.0137,43,5820.92,135.3702,3112,72.3721,96.7897,43.9985,43.5736,0.8,117.53,22.6042,21.7087,34,7,2022-01-10,2025-05-19,3651.5499999999993,0.38549079595923763,278.6020588235294,0.9903428525972476,1.3373896846989377,1225,36.029411764705884,60,1.2593,2,49.9051,48.9232,0.8,141.7637,6249.9899,77.1604,103.4585,0.5309,58,0.9666666666666667,1.2593,0.9803246561974629
CUST284,8192.36,92.049,106.4938,89,4849.34,54.487,3264,36.6742,108.4559,22.416,67.6275,0.0525,629.0,14.6717,56.8075,37,50,2022-01-03,2024-05-24,3343.0200000000004,0.4080655635250404,221.41513513513516,3.0169298715203423,2.9572805950777385,872,23.56756756756757,135,1.1867,2,26.0763,73.6426,0.0525,702.7847,6824.2191,41.1098,146.8823,0.5361,105,0.7777777777777778,1.1867,2.8241199863477564
CUST285,10450.89,248.8307,279.7998,42,6199.21,147.6002,2085,49.6429,197.0045,53.4882,56.8317,0.0417,175.6667,33.3554,35.6487,20,17,2022-03-31,2024-09-20,4251.679999999999,0.4068246819170424,522.5445,1.0625091141597587,3.9684325452380906,904,45.2,60,1.2308,2,50.6694,56.4655,0.0417,223.451,4012.0836,51.437,201.4523,0.5385,54,0.9,1.2308,1.1143905394577396
CUST286,11559.84,76.0516,131.3265,152,8080.62,53.162,4574,30.0921,83.9461,54.8015,128.7127,0.0058,1238.89,42.1666,112.5744,80,124,2022-01-05,2025-06-11,3479.2200000000003,0.3009747539758336,144.498,2.348707608368384,2.7896391411699417,1253,15.6625,224,1.1884,2,69.8943,186.7009,0.0058,1405.6286,8164.322,29.5809,78.1956,0.5507,180,0.8035714285714286,1.1884,2.671189209992803
CUST287,23447.99,173.6888,215.6461,135,18183.16,134.6901,1084,8.0296,9.3233,33.3637,28.2898,1.242,135.0,25.6081,22.6746,39,22,2022-01-10,2024-11-11,5264.830000000002,0.2245322520181901,601.2305128205129,0.8479215434738953,1.1611163694330975,1036,26.564102564102566,195,1.2383,2,37.5532,30.5779,1.242,196.231,2157.8377,8.4291,9.5456,0.5273,177,0.9076923076923077,1.2383,0.8142555095171651
CUST288,47867.71,220.5885,231.8258,217,22456.77,103.4874,1794447,8269.341,15159.3253,59.6226,53.6281,0.1505,282.06,28.97,25.9114,83,17,2022-02-04,2025-09-05,25410.94,0.5308576491334137,576.7193975903614,0.8994592654463242,1.8331962970205244,1309,15.771084337349398,313,1.2291,2,65.5443,58.0799,0.1505,375.2163,3789527.4873,9333.8115,15657.7457,0.5345,280,0.8945686900958466,1.2291,0.8861167180059898
CUST289,22741.5,186.4057,161.8436,122,10615.0,87.0082,118375,970.2869,2201.8979,86.4384,109.1058,0.0347,381.665,41.3755,52.5844,63,17,2022-01-10,2025-09-03,12126.5,0.5332321966449003,360.9761904761905,1.262237616614838,2.2693266290619816,1332,21.142857142857142,170,1.213,2,93.0572,117.5108,0.0347,483.4814,239219.3629,1107.4971,2265.3844,0.5648,159,0.9352941176470588,1.213,1.2627803114643468
CUST29,190349.19,137.3371,184.3171,1386,126767.4098,91.4628,23903275,17246.2302,59416.8239,28.9027,55.4034,0.0004,389.26,21.285,39.1244,530,206,2022-01-07,2025-02-19,63581.78020000001,0.3340270594269406,359.14941509433964,1.9168935774166427,3.445206471846815,1139,2.1490566037735848,2042,1.2218,2,31.9474,61.4548,0.0004,569.2592,43446120.3353,16557.2105,55674.4442,0.5282,1764,0.8638589618021547,1.2218,1.9236244577023482
CUST290,108427.41,1355.3426,1243.3681,80,49004.66,612.5582,234779,2934.7375,2295.3457,4.342,28.8329,0.0336,258.82,2.0367,13.8058,39,3,2022-01-17,2025-09-03,59422.75,0.5480417728321648,2780.19,6.640465223399356,0.782129815699019,1325,33.97435897435897,114,1.2245,2,2.9233,21.2836,0.0336,258.82,438310.7455,2981.7058,2266.676,0.5442,105,0.9210526315789473,1.2245,7.280675948414464
CUST291,364877.9,25.5517,96.892,14280,183350.86,12.8397,118644,8.3084,50.4121,4.5909,12.9383,0.0056,185.925,2.4647,6.3203,1554,83,2022-01-03,2023-04-18,181527.04000000004,0.4975007803980456,234.79916344916347,2.8182491450478118,6.067606277983727,470,0.30244530244530243,20674,1.218,2,4.9438,14.0719,0.0056,252.1651,222290.7141,8.408,49.8278,0.5401,18219,0.8812518138724968,1.218,2.8463732351632345
CUST292,375189.6,338.6188,469.8798,1108,272711.4,246.1294,152728,137.8412,1149.4405,112.0298,151.3623,0.009,1012.825,87.3268,122.3424,424,478,2022-01-03,2025-09-08,102478.19999999995,0.2731371018812887,884.8811320754717,1.3510896207973238,8.338874734114329,1344,3.169811320754717,1613,1.2143,2,122.1729,167.0392,0.009,1169.1815,332952.0801,162.1783,1482.3923,0.5397,1410,0.8741475511469312,1.2143,1.3672361055520497
CUST293,4489.45,73.5975,84.1322,61,2864.65,46.9615,852,13.9672,26.6589,63.0733,87.3392,0.0183,429.0,41.4231,65.1523,38,49,2022-01-11,2024-08-28,1624.7999999999997,0.3619151566450233,118.14342105263158,1.3847253909340402,1.9086789048628214,960,25.263157894736842,84,1.2941,2,68.5001,101.3529,0.0183,492.5415,2071.4525,17.4072,30.11,0.5126,87,1.0357142857142858,1.2941,1.4796022195588037
CUST294,11427.38,75.1801,47.9906,152,6084.69,40.0309,6660,43.8158,28.297,7.9467,19.0353,0.6828,95.54,4.0289,9.317,50,20,2022-01-27,2025-05-05,5342.69,0.4675341154315337,228.5476,2.395371663709464,0.6458172622661231,1194,23.88,233,1.2048,2,9.1576,21.632,0.6828,121.9168,12672.9504,43.2524,28.269,0.5188,190,0.8154506437768241,1.2048,2.3621909670656067
CUST295,31146.5,197.1297,176.9203,158,17612.79,111.4734,7869,49.8038,41.2816,14.8722,28.7105,0.4947,133.37,7.9753,15.2053,98,17,2022-01-10,2025-06-03,13533.71,0.434517843096335,317.82142857142856,1.9304810317236185,0.828884542946522,1240,12.653061224489797,228,1.2297,2,14.1793,28.4806,0.4947,184.0242,14690.8232,49.6312,38.5258,0.5338,203,0.8903508771929824,1.2297,2.008604091880417
CUST296,829.66,103.7075,38.5637,8,427.42,53.4275,157,19.625,19.7263,42.9698,21.7186,3.9279,71.18,21.584,9.7126,8,3,2022-07-08,2025-07-11,402.23999999999995,0.48482510908082826,103.7075,0.5054387034615009,1.0051617834394904,1099,137.375,8,1.3846,2,53.6881,26.8721,3.9279,98.4158,264.0,20.3077,20.6009,0.6154,13,1.625,1.3846,0.5005224621471053
CUST297,1055.22,175.87,98.3974,6,513.23,85.5383,1009,168.1667,205.1111,46.5875,24.6675,0.4125,70.0625,22.3442,11.5262,5,4,2022-09-07,2024-04-30,541.99,0.5136274900020849,211.044,0.5294875234773276,1.2196891536790577,601,120.2,9,1.4,2,47.7123,31.4229,0.4125,88.7531,2066.3652,137.7577,177.8737,0.4,10,1.1111111111111112,1.4,0.6585911808904622
CUST298,6311.14,210.3713,110.3847,30,3281.13,109.371,1389,46.3,113.5703,49.7325,13.8181,24.265,73.09,26.2857,8.1982,13,5,2022-01-20,2025-06-26,3030.01,0.4801050206460323,485.4723076923077,0.27784848941838836,2.4529222462203024,1253,96.38461538461539,44,1.1698,2,51.1436,15.9711,24.265,77.3461,2504.03,47.2458,104.8027,0.566,35,0.7954545454545454,1.1698,0.312279542308324
CUST299,2354.78,294.3475,200.1101,8,1229.26,153.6575,34,4.25,7.9955,195.2182,122.1456,2.5254,298.13,99.6588,58.615,6,3,2022-03-02,2023-12-06,1125.5200000000002,0.47797246451897846,392.46333333333337,0.6256875639668843,1.8812941176470588,644,107.33333333333333,11,1.2143,2,195.1348,126.8815,2.5254,325.7612,66.2613,4.733,8.1767,0.5714,10,0.9090909090909091,1.2143,0.6502248701922978
CUST3,59569.55,204.7064,259.7942,291,38785.02,133.2819,14884,51.1478,138.6407,30.8818,37.708,0.0938,183.0267,18.7287,21.8054,145,18,2022-01-04,2025-08-28,20784.530000000006,0.34891198607342183,410.8244827586207,1.221042814861828,2.7105897027829156,1332,9.186206896551724,427,1.2222,2,34.3188,41.6751,0.0938,192.6535,27538.594,50.1614,137.5943,0.5301,369,0.8641686182669789,1.2222,1.2143519004160983
CUST30,402858.2,246.5472,399.4522,1634,295730.3902,180.9856,25505411,15609.1867,57881.3762,47.8377,73.1366,0.0005,275.76,37.85,57.0241,770,170,2022-01-06,2025-08-18,107127.80979999999,0.26591939744555276,523.1924675324675,1.528848585947903,3.70816092551446,1320,1.7142857142857142,2365,1.2254,2,50.8695,80.232,0.0005,408.1487,47084571.197,15422.3948,57617.5241,0.5352,2088,0.8828752642706131,1.2254,1.57721227847728
CUST300,399642.17,164.3266,178.813,2432,303030.68,124.6014,2495253,1026.0086,2583.9748,81.9142,161.4328,0.0055,873.47,58.7814,118.1232,516,131,2022-01-26,2025-09-03,96611.48999999999,0.24174498401907885,774.5003294573643,1.970754765352039,2.518472847108689,1316,2.550387596899225,3531,1.2176,2,91.1525,177.8042,0.0055,1078.7905,4606955.733,1020.8189,2572.6309,0.5389,3098,0.8773718493344661,1.2176,1.9506234058308878
CUST301,712.73,237.5767,111.3247,3,534.55,178.1833,4,1.3333,0.5774,176.625,10.4248,164.59,182.855,132.47,7.8217,3,1,2022-07-27,2023-05-10,178.18000000000006,0.24999649236036095,237.57666666666668,0.05902222222222222,0.4330608265206631,287,95.66666666666667,4,1.2,2,194.81,28.6405,164.59,239.1689,7.077,1.4154,0.5694,0.6,4,1.0,1.2,0.14701760689902982
CUST302,522.09,261.045,75.3139,2,285.54,142.77,2,1.0,0.0,261.045,75.3139,207.79,314.3,142.77,7.962,2,1,2023-01-25,2024-02-08,236.55,0.45308280181577887,261.045,0.28850926085540807,0.0,379,189.5,4,1.2,2,296.9066,72.3583,207.79,382.6159,4.9897,0.9979,0.0096,0.4,3,0.75,1.2,0.24370728033664457
CUST303,2021.34,224.5933,122.6357,9,996.31,110.7011,3325,369.4444,402.8759,76.3967,100.8436,0.4506,225.32,35.9501,45.5631,6,2,2022-06-20,2025-06-24,1025.03,0.5071041982051511,336.89,1.3199994240588926,1.090491289081659,1100,183.33333333333334,13,1.1875,2,50.5228,81.3252,0.4506,225.32,4556.1001,284.7563,333.0756,0.5625,10,0.7692307692307693,1.1875,1.60967325643076
CUST304,189041.77,818.3626,457.323,231,95104.59,411.7082,13389,57.961,91.1002,138.208,101.4445,1.8617,253.345,69.7645,50.6263,138,12,2022-01-10,2025-09-03,93937.18,0.4969122961555004,1369.8678985507245,0.7339987554989581,1.5717499698072843,1332,9.652173913043478,338,1.2353,2,149.0559,110.0668,1.8617,359.3317,26121.5226,59.0985,91.13,0.5226,299,0.8846153846153846,1.2353,0.7384263219369377
CUST305,22176.48,181.7744,154.3591,122,10961.1,89.8451,990,8.1148,10.5816,48.8863,50.9469,2.9333,293.43,24.6937,31.3968,67,14,2022-01-05,2025-08-26,11215.38,0.5057331010151295,330.99223880597015,1.0421508684437153,1.3039877754226843,1329,19.83582089552239,167,1.2196,2,48.0967,47.1637,2.9333,293.43,1701.7637,7.9522,10.7376,0.5701,154,0.9221556886227545,1.2196,0.9806015797341605
CUST306,5188.05,399.0808,219.6593,13,3264.5,251.1154,6600,507.6923,170.5947,97.3892,44.5638,34.1167,149.322,61.3774,27.7712,5,3,2022-01-07,2023-01-27,1923.5500000000002,0.3707655091990247,1037.6100000000001,0.45758461923909427,0.3360198687275738,385,77.0,24,1.1429,2,103.3604,44.3413,34.1167,157.1658,14238.9148,508.5327,176.2225,0.4643,15,0.625,1.1429,0.4289969853057844
CUST307,418846.4,165.3559,372.1838,2533,357036.42,140.954,22116,8.7311,27.9628,44.942,94.5299,0.0345,713.07,41.8646,102.6366,1944,43,2022-01-04,2025-09-08,61809.98000000004,0.1475719500036291,215.4559670781893,2.103375461706199,3.2026663307028898,1343,0.690843621399177,3654,1.2217,2,47.4692,100.5958,0.0345,963.0561,41357.8245,8.8089,30.7259,0.5395,3256,0.8910782703886152,1.2217,2.119180436999149
CUST308,167369.6,661.5399,299.2783,253,98862.93,390.7626,60351,238.5415,865.6063,35.0054,52.7224,0.03,299.65,20.601,30.3452,178,27,2022-01-04,2025-09-08,68506.67000000001,0.4093136985450166,940.2786516853932,1.5061219126191958,3.628745103053347,1343,7.544943820224719,385,1.2206,2,40.392,62.0533,0.03,446.1322,114857.8169,232.5057,783.0015,0.5121,316,0.8207792207792208,1.2206,1.5362769855416913
CUST309,1874.37,104.1317,83.1344,18,1053.28,58.5156,2764,153.5556,328.5109,29.3481,47.8526,0.0381,125.49,16.3023,26.5144,12,11,2022-04-12,2024-05-20,821.0899999999999,0.4380618554500979,156.1975,1.6305178188707277,2.139361247652316,769,64.08333333333333,24,1.2727,2,29.7648,49.1407,0.0381,137.6318,5250.9089,159.1185,320.1744,0.5455,25,1.0416666666666667,1.2727,1.650966913938612
CUST31,14956.72,66.4743,60.2907,225,11686.85,51.9416,199612,887.1644,1570.3336,22.5507,26.7529,0.0274,136.8,16.5973,20.0215,138,48,2022-01-12,2025-09-05,3269.869999999999,0.21862213105547199,108.38202898550725,1.1863445480628096,1.7700593035518557,1332,9.652173913043478,319,1.2423,2,22.9265,27.3147,0.0274,149.8418,361900.9967,859.6223,1492.2123,0.5344,297,0.9310344827586207,1.2423,1.1914029616382786
CUST310,84937.72,1061.7215,1485.1967,80,43204.2401,540.053,328261,4103.2625,18213.0492,40.5903,34.2229,0.0115,156.9442,20.4204,16.7522,64,12,2022-01-03,2025-09-02,41733.4799,0.49134212573636304,1327.151875,0.8431300088937506,4.438675127413857,1338,20.90625,111,1.2071,2,42.3197,37.3891,0.0115,186.0135,549660.6698,3926.1476,15090.5834,0.5714,99,0.8918918918918919,1.2071,0.8834916126532089
CUST311,160874.7,164.4936,146.2513,978,108290.67,110.7267,87264,89.227,365.6058,37.6282,51.8987,0.0411,726.95,24.9832,34.6028,220,45,2022-06-10,2025-09-03,52584.03000000001,0.326863266877887,731.2486363636364,1.379250136865436,4.097479462494536,1181,5.368181818181818,1386,1.2112,2,40.8139,62.2013,0.0411,1040.5662,149782.5957,85.2491,345.1947,0.5566,1231,0.8881673881673882,1.2112,1.524022453134839
CUST312,10037.7,295.2265,376.6775,34,7466.96,219.6165,811729,23874.3824,26550.5928,0.0187,0.0212,0.0032,0.07,0.0199,0.0419,19,11,2022-02-10,2025-07-24,2570.7400000000007,0.25610847106408846,528.3000000000001,1.1336898395721924,1.112095481891921,1260,66.3157894736842,50,1.2308,2,0.0185,0.0216,0.0032,0.0976,1647347.5882,25343.809,27347.4417,0.5231,44,0.88,1.2308,1.1675675675675676
CUST313,24176.19,55.071,42.7475,439,18281.96,41.6446,18380,41.8679,254.4792,45.9678,32.2958,0.0052,148.2706,31.4673,21.8602,168,53,2022-01-05,2025-09-08,5894.23,0.24380309717949766,143.90589285714285,0.7025744107832005,6.07814578710659,1342,7.988095238095238,630,1.2382,2,49.4198,35.0951,0.0052,213.5598,31543.3923,38.1419,237.5009,0.5308,577,0.9158730158730158,1.2382,0.7101424934945103
CUST314,1274.2,67.0632,82.5257,19,825.47,43.4458,40,2.1053,2.6012,31.6796,2.6317,26.32,35.85,18.3442,2.7858,5,4,2022-04-22,2023-09-05,448.73,0.35216606498194947,254.84,0.08307238727761714,1.2355483779033867,501,100.2,26,1.1034,2,33.6974,4.2311,26.32,44.8284,55.109,1.9003,2.1532,0.6552,22,0.8461538461538461,1.1034,0.12556161602972335
CUST315,122120.9,41.5095,37.963,2942,91172.27,30.9899,20828,7.0795,6.6014,7.1607,4.6522,0.885,86.4843,5.3486,3.3203,374,58,2022-01-07,2025-09-02,30948.62999999999,0.2534261539179616,326.52647058823527,0.6496850866535394,0.9324669821315064,1334,3.5668449197860963,4271,1.2165,2,7.6112,5.1344,0.885,94.6484,38927.4617,7.1413,6.5624,0.5397,3744,0.8766096932802623,1.2165,0.6745848223670381
CUST316,10453.88,209.0776,156.2475,50,5295.75,105.915,236,4.72,7.1172,65.8737,55.9939,1.43,319.0,34.9712,42.6559,25,26,2022-03-02,2025-05-15,5158.129999999999,0.49341775493883605,418.1552,0.8500190516093675,1.5078813559322035,1170,46.8,65,1.2529,2,75.414,63.3316,1.43,373.689,412.6789,4.7434,7.2267,0.5747,70,1.0769230769230769,1.2529,0.8397857161800196
CUST317,3787.52,99.6716,90.962,38,2676.13,70.4245,277,7.2895,12.1163,62.4845,84.7732,1.19,349.0,46.3494,67.0585,15,34,2022-04-05,2025-06-09,1111.3899999999999,0.2934347541399121,252.50133333333332,1.3567076635005482,1.6621578983469374,1161,77.4,66,1.2326,2,84.0452,106.5927,1.19,403.7254,544.6229,6.3328,11.8359,0.4419,45,0.6818181818181818,1.2326,1.2682782597935396
CUST318,5648.89,171.1785,217.5038,33,4153.66,125.8685,2030,61.5152,78.0401,99.5938,150.7922,0.0256,500.91,76.4378,120.2628,11,29,2022-10-27,2025-08-22,1495.2300000000005,0.26469447980045646,513.5354545454546,1.5140721611184633,1.2686311675813458,1030,93.63636363636364,51,1.25,2,85.5337,150.7429,0.0256,565.3365,4298.2917,63.2102,76.809,0.4853,43,0.8431372549019608,1.25,1.7623802080349615
CUST319,20228.56,114.935,121.5476,176,14677.56,83.3952,2691,15.2898,24.7024,74.2707,124.2859,0.1214,699.0,57.3064,102.2644,77,121,2022-01-06,2025-08-05,5551.000000000002,0.2744139968440661,262.7085714285714,1.6734176465281732,1.6156130230611259,1307,16.974025974025974,246,1.2065,2,72.0987,122.9338,0.1214,699.0,5013.0557,16.1711,26.0969,0.5677,217,0.8821138211382114,1.2065,1.7050765131687535
CUST32,2627209.85,186.0235,380.4532,14123,2044934.0715,144.7946,21712357,1537.3757,13067.1778,35.6698,51.3676,0.0034,928.43,28.1062,39.362,4821,465,2022-01-04,2025-09-08,582275.7785,0.2216327631764931,544.951223812487,1.4400865718338762,8.499664590769841,1343,0.278572910184609,20412,1.2186,2,38.9985,57.2711,0.0034,1063.4199,39731091.7832,1520.8656,12975.4424,0.5406,18064,0.8849696257103664,1.2186,1.4685462261369027
CUST320,48307.34,337.8136,528.5438,143,39010.43,272.8002,5682,39.7343,251.3659,73.7845,98.0641,0.0193,499.99,59.372,82.5047,78,86,2022-01-26,2025-09-08,9296.909999999996,0.19245336215987047,619.3248717948718,1.3290609816424859,6.326169078101288,1321,16.935897435897434,213,1.2169,2,69.7576,101.4134,0.0193,570.7726,12138.2269,44.6258,282.9359,0.5257,185,0.8685446009389671,1.2169,1.4537971489844834
CUST321,59976.78,199.2584,353.9988,301,34149.4,113.4532,150624,500.412,1247.0994,17.221,52.754,0.0151,389.7,9.7741,29.1124,44,125,2022-01-04,2022-06-22,25827.379999999997,0.43062298442830704,1363.1086363636364,3.063352883107833,2.4921452722956285,169,3.840909090909091,440,1.2185,2,20.9906,67.2643,0.0151,524.9414,252986.8592,449.355,1110.7803,0.5346,383,0.8704545454545455,1.2185,3.204496298343068
CUST322,1873.25,55.0956,28.7268,34,1188.58,34.9582,11005,323.6765,199.465,26.8281,18.8783,0.1444,40.68,15.6737,11.5227,34,2,2022-01-03,2025-07-25,684.6700000000001,0.36549846523421864,55.095588235294116,0.7036763691800761,0.616248013062425,1299,38.205882352941174,48,1.2615,2,28.5871,21.1746,0.1444,60.3528,20612.6389,317.1175,211.2226,0.5231,46,0.9583333333333334,1.2615,0.7407047234591827
CUST323,2662.33,266.233,258.0871,10,1314.1,131.41,12224,1222.4,3449.1073,15.6108,15.2682,7.2564,58.6333,7.8869,8.4111,6,3,2022-01-19,2024-02-07,1348.23,0.506409798935519,443.72166666666664,0.9780536551618111,2.8215864692408377,749,124.83333333333333,14,1.3,2,13.904,10.8683,7.2564,58.6333,38190.5938,1909.5297,4330.4036,0.5,14,1.0,1.3,0.7816671461449942
CUST324,11039.94,290.5247,668.6771,38,8616.05,226.7382,7744,203.7895,1048.0493,52.6329,19.6224,1.0,108.0,34.516,12.281,30,5,2022-01-04,2024-08-12,2423.8900000000012,0.21955644686474757,367.998,0.37281624231231797,5.14280323569173,951,31.7,46,1.193,2,56.5283,20.4369,1.0,108.0,8441.1282,148.09,857.0963,0.6667,47,1.0217391304347827,1.193,0.3615339573275687
CUST325,19529.86,361.6641,173.5012,54,12656.79,234.385,3314,61.3704,125.777,122.3172,90.3355,1.664,281.91,86.1858,83.1109,27,4,2022-01-19,2023-05-04,6873.07,0.3519262298859285,723.3281481481482,0.7385347277406611,2.049473361750942,470,17.40740740740741,71,1.2198,2,144.5008,102.2906,1.664,323.6515,5515.2427,60.6071,129.5372,0.5934,68,0.9577464788732394,1.2198,0.7078895064940817
CUST326,5240.69,327.5431,185.2627,16,2869.96,179.3725,479,29.9375,36.1487,85.2617,11.2908,67.8,98.3733,45.9948,6.8343,9,3,2022-02-08,2023-01-06,2370.7299999999996,0.4523698215311342,582.2988888888889,0.13242522727086137,1.2074722338204593,332,36.888888888888886,25,1.2647,2,94.6024,13.5289,67.8,123.347,742.8652,21.849,32.5738,0.4706,20,0.8,1.2647,0.14300799979704532
CUST327,167.6,41.9,6.4976,4,93.3,23.325,4,1.0,0.0,41.9,6.4976,32.33,46.83,23.325,1.11,4,1,2022-08-18,2024-10-25,74.3,0.44331742243436756,41.9,0.15507398568019093,0.0,799,199.75,7,1.125,2,44.137,6.7883,32.33,50.451,8.326,1.0408,0.1266,0.5,4,0.5714285714285714,1.125,0.1538006661078007
CUST328,7290.0,1041.4286,62.3641,7,3364.76,480.68,210000,30000.0,0.0,0.0347,0.0021,0.03,0.0355,0.016,0.0003,7,1,2022-01-05,2023-11-08,3925.24,0.5384417009602195,1041.4285714285713,0.060518731988472615,0.0,672,96.0,9,1.1818,2,0.0359,0.0026,0.03,0.0399,330510.3748,30046.3977,594.1656,0.6364,8,0.8888888888888888,1.1818,0.0724233983286908
CUST329,14834.77,157.8167,244.399,94,10673.43,113.5471,898,9.5532,23.2964,99.6975,143.9002,0.4433,577.54,75.1081,113.3798,26,74,2022-02-11,2024-08-28,4161.34,0.2805126065318168,570.5680769230769,1.4433681887710323,2.4385964912280698,929,35.73076923076923,144,1.1955,2,117.0266,150.8537,0.4433,773.8341,1586.0627,8.8607,22.932,0.5251,116,0.8055555555555556,1.1955,1.2890547960890943
CUST33,941544.81,176.0555,762.1941,5348,680162.3324,127.1807,17602812,3291.4757,12467.3211,13.5214,24.8618,0.0101,130.6933,9.9478,18.1334,2188,183,2021-10-15,2025-09-08,261382.4776000001,0.2776102367342454,430.3221252285192,1.8387001346014464,3.7877603349768005,1424,0.6508226691042047,7720,1.2197,2,14.6703,27.2467,0.0101,194.2388,32137405.0032,3248.1711,12328.9638,0.5405,6872,0.8901554404145078,1.2197,1.8572694491591857
CUST330,8491.13,92.2949,113.172,92,5504.21,59.8284,12950,140.7609,347.0718,44.2115,95.7349,0.0771,559.0,33.2728,77.6148,34,68,2022-01-10,2024-09-09,2986.919999999999,0.3517694346924378,249.7391176470588,2.1653845718874045,2.4656832969951172,973,28.61764705882353,134,1.2597,2,38.6031,88.2626,0.0771,559.0,25893.7278,143.0593,334.4556,0.5083,126,0.9402985074626866,1.2597,2.2864122311420587
CUST331,19846.09,86.6641,127.9811,229,14891.35,65.0277,12350,53.9301,252.58,57.2643,118.3663,0.0192,1123.0,43.9618,103.6573,73,154,2022-01-06,2025-08-18,4954.74,0.2496582450245867,271.86424657534246,2.0670173214376146,4.683469898998889,1320,18.08219178082192,321,1.2209,2,66.8904,158.3596,0.0192,1540.4696,23533.113,57.1192,282.3755,0.5558,297,0.9252336448598131,1.2209,2.3674488416872976
CUST332,995.53,35.5546,74.8898,28,527.09,18.8246,448,16.0,6.6889,4.0371,12.5291,0.0194,65.335,2.2896,7.5254,8,26,2022-01-31,2022-08-22,468.43999999999994,0.47054332867919596,124.44125,3.1034901290530335,0.41805625,203,25.375,37,1.1778,2,5.0139,14.7511,0.0194,73.6767,732.719,16.2826,6.6933,0.6222,35,0.9459459459459459,1.1778,2.942041125670636
CUST333,1519.81,217.1157,311.3303,7,1172.06,167.4371,78,11.1429,8.9149,137.3838,335.8224,1.695,898.82,114.6129,286.38,4,6,2022-06-03,2023-04-18,347.75,0.22881149617386384,379.9525,2.4444104763443724,0.8000520510818548,319,79.75,13,1.2353,2,177.7178,375.4887,1.695,998.8037,201.6564,11.8621,9.6608,0.4118,10,0.7692307692307693,1.2353,2.112836755800488
CUST334,18099.81,58.957,89.0584,307,11917.55,38.8194,13933,45.3844,102.5839,29.0797,69.85,0.0193,599.0,20.7529,54.2373,103,156,2022-01-05,2025-03-13,6182.260000000002,0.3415649114548717,175.72631067961166,2.402019278053075,2.260333947347547,1163,11.29126213592233,453,1.2053,2,31.6305,75.2537,0.0193,599.0,25453.5909,44.6554,95.3423,0.5386,379,0.8366445916114791,1.2053,2.37914987116865
CUST335,37827.54,69.7925,129.677,542,24931.96,45.9999,16056,29.6236,60.7571,47.4286,118.3173,0.0293,1395.0,33.8347,92.1291,272,331,2022-01-05,2025-08-08,12895.580000000002,0.34090453674756543,139.0718382352941,2.494640364674479,2.0509694972926993,1311,4.819852941176471,781,1.199,2,50.8991,141.199,0.0293,1540.3058,29604.3122,30.3634,63.9365,0.5559,673,0.8617157490396927,1.199,2.774096202093947
CUST336,136.9,68.45,34.0967,2,73.48,36.74,26,13.0,15.5563,34.225,17.0483,22.17,46.28,18.37,9.3621,1,2,2022-09-14,2022-09-14,63.42,0.46325785244704165,136.9,0.49812417823228633,1.1966384615384615,0,0.0,4,1.2,2,39.7425,15.3835,22.17,53.3855,55.4101,11.082,12.1755,0.4,2,0.5,1.2,0.3870793231427313
CUST337,4466.65,32.6033,56.4565,137,2322.91,16.9555,979,7.146,10.21,17.8351,48.4478,0.0213,305.65,9.8496,29.3965,60,110,2022-01-20,2024-10-04,2143.74,0.47994358187903685,74.44416666666666,2.716429961144036,1.4287713406101317,988,16.466666666666665,202,1.2109,2,21.2356,56.6216,0.0213,337.5602,1709.7347,6.6787,9.333,0.5352,175,0.8663366336633663,1.2109,2.6663527284371527
CUST338,7830.11,101.6897,122.2682,77,5739.43,74.5381,288,3.7403,7.2282,78.6061,96.1912,0.0412,399.0,58.0634,76.8202,28,59,2022-02-04,2025-09-04,2090.6799999999994,0.26700518894370573,279.6467857142857,1.223711645788304,1.932518781915889,1308,46.714285714285715,114,1.2138,2,81.7577,99.7935,0.0412,399.0,547.9683,3.7791,7.6505,0.531,97,0.8508771929824561,1.2138,1.2206006284423363
CUST339,61336.79,151.0758,164.4592,406,32378.11,79.749,1106535,2725.4557,3341.6971,23.2766,35.3529,0.0111,119.28,12.3974,18.9939,111,45,2022-01-05,2024-11-06,28958.68,0.4721257829110392,552.5836936936937,1.5188171812034403,1.2261058214961997,1036,9.333333333333334,616,1.1979,2,23.6408,37.5812,0.0111,155.0773,2152712.6527,2803.0113,3313.5894,0.5286,516,0.8376623376623377,1.1979,1.5896754762952185
CUST34,74928.26,109.3843,161.6198,685,62285.05,90.9271,235748,344.1577,4309.9185,11.3392,17.5265,0.0093,118.154,9.2551,13.7185,353,51,2022-01-06,2025-09-03,12643.209999999992,0.1687375364114954,212.26135977337108,1.54565577818541,12.523091884912063,1336,3.784702549575071,988,1.2184,2,12.7043,20.0986,0.0093,163.0981,639400.4701,505.8548,5769.1429,0.5419,876,0.8866396761133604,1.2184,1.5820312807474635
CUST340,16419.79,115.6323,139.5443,142,11614.04,81.789,81904,576.7887,1538.5145,62.609,118.6067,0.0089,629.0,48.9481,97.872,62,92,2022-01-31,2025-03-27,4805.75,0.2926803570569416,264.8353225806452,1.8944033605392196,2.6673797527586793,1151,18.56451612903226,210,1.2135,2,59.5184,113.5186,0.0089,629.0,135583.0224,507.8016,1405.3982,0.5318,176,0.8380952380952381,1.2135,1.9072858141347886
CUST341,793.68,113.3829,144.8703,7,561.78,80.2543,146,20.8571,14.588,83.6424,161.9058,1.49,429.0,63.8643,128.5095,5,4,2022-09-23,2025-04-17,231.89999999999998,0.29218324765648623,158.736,1.935690511032682,0.6994260947111535,937,187.4,9,1.25,2,62.5292,129.4364,1.49,429.0,244.3147,20.3596,12.4923,0.5833,9,1.0,1.25,2.0700152888570456
CUST342,195.25,39.05,10.1112,5,109.74,21.948,5,1.0,0.0,39.05,10.1112,24.52,52.36,21.948,4.6724,2,5,2022-10-28,2024-10-24,85.51,0.4379513444302177,97.625,0.25892957746478873,0.0,727,363.5,5,1.1667,2,44.6714,16.474,24.52,72.7785,6.0,1.0,0.0,0.8333,6,1.2,1.1667,0.36878181565834073
CUST343,7605.11,115.2289,465.33,66,6017.84,91.1794,501,7.5909,21.9201,56.749,170.5172,0.0322,1325.0,42.1336,140.2839,37,60,2022-01-26,2024-09-23,1587.2699999999995,0.20871098511395622,205.54351351351352,3.004761317380042,2.8876813026123385,971,26.243243243243242,95,1.2149,2,94.0435,278.9832,0.0322,1743.8754,1060.756,8.7666,23.6232,0.5455,87,0.9157894736842105,1.2149,2.9665335722298725
CUST344,427.04,53.38,18.3016,8,233.13,29.1412,11,1.375,0.5175,40.2881,10.7548,27.28,53.4,23.1538,8.0623,4,5,2022-02-16,2024-11-26,193.91000000000003,0.4540792431622331,106.76,0.266947311985425,0.37636363636363634,1014,253.5,8,1.3846,2,45.0783,13.7936,27.28,75.5857,17.0,1.3077,0.4804,0.6154,13,1.625,1.3846,0.3059920183325458
CUST345,2043.02,170.2517,137.9974,12,1171.36,97.6133,182,15.1667,16.2415,37.1589,14.8496,3.2975,59.2588,21.3333,9.0025,10,4,2022-01-10,2025-06-23,871.6600000000001,0.4266527004140929,204.302,0.3996243161126944,1.0708657783169706,1260,126.0,16,1.2,2,38.4906,20.3934,3.2975,84.6268,343.6482,17.1824,16.0775,0.6,15,0.9375,1.2,0.529828061916416
CUST346,12359.75,174.081,228.9106,71,9318.94,131.2527,463,6.5211,12.1982,125.9053,144.3878,0.3423,449.0,100.0178,120.1296,27,62,2022-10-07,2025-04-09,3040.8099999999995,0.246025202775137,457.76851851851853,1.146796838576295,1.8705739829169925,915,33.888888888888886,99,1.2266,2,138.3656,155.7943,0.3423,559.7179,848.7968,6.6312,12.852,0.5547,93,0.9393939393939394,1.2266,1.1259612215753048
CUST347,560.29,186.7633,201.135,3,392.64,130.88,192,64.0,48.4974,30.5211,22.2591,4.98,45.7833,20.48,14.9449,1,3,2022-04-18,2022-04-18,167.64999999999998,0.2992200467614985,560.29,0.7293020238457985,0.757771875,0,0.0,4,1.3333,2,43.1604,19.9169,4.98,60.1291,380.4265,63.4044,43.8606,0.5,5,1.25,1.3333,0.46146235901428156
CUST348,39927.35,73.531,120.737,543,23460.02,43.2045,18897,34.8011,48.9771,20.2758,68.3148,0.0045,799.0,14.6652,54.4693,110,297,2022-01-10,2025-07-16,16467.329999999998,0.4124323302197616,362.97590909090906,3.3692776610540647,1.4073434460404988,1283,11.663636363636364,764,1.2204,2,22.1595,78.5428,0.0045,1103.4161,36606.8617,37.3539,51.711,0.5541,684,0.8952879581151832,1.2204,3.544430154109975
CUST349,7433.75,112.6326,66.4048,66,3993.48,60.5073,347,5.2576,12.4163,99.4244,61.406,1.8123,232.1,53.2356,30.7241,34,9,2022-01-06,2025-06-19,3440.27,0.46279065074827647,218.63970588235293,0.617614991893338,2.3615908399269627,1260,37.05882352941177,93,1.25,2,110.6228,65.9362,1.8123,337.6058,604.8208,4.8776,10.9233,0.5323,87,0.9354838709677419,1.25,0.5960452998839298
CUST35,30447.53,251.6325,814.6077,121,19661.16,162.4889,43966,363.3554,1231.1335,5.7716,23.4111,0.0095,166.67,4.1791,16.942,29,61,2022-02-10,2025-09-05,10786.369999999999,0.35426092034394907,1049.914827586207,4.056258229953566,3.3882350448073706,1303,44.93103448275862,181,1.2265,2,8.4221,29.97,0.0095,198.1871,88269.5979,377.2205,1143.1382,0.5171,160,0.8839779005524862,1.2265,3.5584949121952953
CUST350,11653.31,106.9111,64.1088,109,6526.7,59.878,260,2.3853,1.8901,64.2321,47.0383,4.0744,171.86,35.9241,26.2619,38,20,2022-02-07,2024-09-24,5126.61,0.43992736827562295,306.6660526315789,0.7323176418021519,0.7923950865719196,960,25.263157894736842,174,1.2232,2,61.846,47.6915,4.0744,246.1168,575.0453,2.5672,2.0302,0.4866,138,0.7931034482758621,1.2232,0.7711331371471073
CUST351,23988.05,363.4553,606.562,66,17398.47,263.6132,19393,293.8333,788.7326,35.1777,31.8129,2.0872,166.64,24.9688,22.512,21,23,2022-11-17,2023-11-14,6589.579999999998,0.2747026123423954,1142.2880952380951,0.9043484935058289,2.684285953974584,362,17.238095238095237,101,1.2628,2,33.6954,29.1929,2.0872,166.64,38509.0494,281.088,724.0737,0.4818,88,0.8712871287128713,1.2628,0.8663764193332029
CUST352,23482.42,587.0605,422.6833,40,13163.2,329.08,508,12.7,6.7869,42.814,10.1693,27.7592,65.2965,24.2009,4.7214,8,4,2022-03-17,2023-12-14,10319.219999999998,0.4394444865563259,2935.3025,0.23752277292474425,0.5344015748031496,637,79.625,55,1.1912,2,42.4353,10.7713,27.7592,65.2965,845.8017,12.4383,6.5601,0.5882,50,0.9090909090909091,1.1912,0.2538287699156127
CUST353,4249.11,708.185,693.142,6,2544.41,424.0683,625,104.1667,140.5139,9.6786,6.2384,4.81,20.5017,4.7882,3.5427,4,3,2022-10-03,2025-02-21,1704.6999999999998,0.40118989623709433,1062.2775,0.6445560308309054,1.3489330083414373,872,218.0,9,1.4,2,12.1407,7.4217,4.81,23.7011,1292.3866,86.1591,122.4855,0.4,10,1.1111111111111112,1.4,0.6113074204946997
CUST354,1319.56,109.9633,82.9636,12,767.84,63.9867,66,5.5,14.0292,92.9882,88.4137,31.23,279.5,53.315,51.8681,9,5,2022-02-08,2024-08-15,551.7199999999999,0.4181090666585831,146.61777777777777,0.9508055860851162,2.5507636363636363,919,102.11111111111111,19,1.2083,2,102.9776,93.6379,31.23,324.3758,80.086,3.3369,9.9544,0.5,14,0.7368421052631579,1.2083,0.9093035767001756
CUST355,113993.35,1085.651,1917.1416,105,80601.23,767.6308,855318,8145.8857,12401.518,18.8309,52.6733,0.051,501.67,13.3227,37.8981,71,17,2022-01-07,2024-08-30,33392.12000000001,0.2929304209412216,1605.5401408450705,2.7971737941362336,1.5224272051840846,966,13.605633802816902,166,1.2315,2,17.5748,54.2264,0.051,549.3943,1849827.999,8564.0185,12519.1532,0.4861,134,0.8072289156626506,1.2315,3.0854632769647448
CUST356,20275.26,311.9271,242.8809,65,12528.7,192.7492,334,5.1385,3.5789,59.8341,19.683,1.83,104.0267,37.3531,9.3899,28,8,2022-03-02,2025-08-05,7746.559999999998,0.3820695764197351,724.1164285714285,0.32895957321995317,0.6964873017417534,1252,44.714285714285715,94,1.1826,2,62.0857,21.1215,1.83,131.707,582.7635,5.0675,3.4486,0.5652,81,0.8617021276595744,1.1826,0.3401991118727823
CUST357,10812.22,79.5016,81.5749,136,5945.36,43.7159,1005,7.3897,14.0191,28.0029,27.9856,0.74,99.64,15.3226,14.3922,54,12,2022-01-06,2024-08-07,4866.86,0.4501258760920514,200.22629629629628,0.9993822068428627,1.8971135499411342,944,17.48148148148148,198,1.2174,2,30.379,31.2202,0.74,127.5049,1846.4879,7.2984,11.6802,0.5375,176,0.8888888888888888,1.2174,1.0276901807169425
CUST358,124.3,124.3,0.0,1,85.77,85.77,3,3.0,0.0,41.4333,0.0,41.4333,41.4333,28.59,0.0,1,1,2022-01-03,2022-01-03,38.53,0.3099758648431215,124.3,0.0,0.0,0,0.0,2,1.0,1,43.0539,2.2918,41.4333,44.6744,6.47,3.235,0.3323,0.5,1,0.5,1.0,0.05323095004169193
CUST359,25799.76,125.8525,95.7167,205,14460.97,70.5413,78499,382.922,785.7317,58.8502,63.2278,1.6,510.22,33.527,36.8814,61,9,2022-01-10,2025-08-07,11338.789999999999,0.4394920727944756,422.9468852459016,1.074385473626258,2.0519366868448405,1305,21.39344262295082,298,1.2199,2,62.1135,68.5722,1.6,602.5353,155896.9173,408.1071,802.5098,0.5366,258,0.8657718120805369,1.2199,1.1039822260861165
CUST36,2310.76,770.2533,752.9573,3,1566.5,522.1667,11003,3667.6667,6349.987,509.87,389.4046,63.68,781.15,342.5,267.0061,3,3,2022-08-08,2022-09-23,744.2600000000002,0.3220845089927124,770.2533333333334,0.7637331084394061,1.731342436323344,46,15.333333333333334,4,1.3333,2,558.6775,385.2284,63.68,966.5161,22005.1225,3667.5204,5679.7143,0.5,5,1.25,1.3333,0.689536270925534
CUST360,2842.09,52.6313,30.7927,54,1739.58,32.2144,121,2.2407,2.8012,44.3868,27.1061,7.97,109.67,27.4204,22.6792,12,10,2022-01-04,2022-10-06,1102.5100000000002,0.38792226847144184,236.84083333333334,0.6106793010534664,1.250145043959477,275,22.916666666666668,85,1.1905,2,49.6868,32.7707,7.97,157.4415,226.7768,2.1598,2.6662,0.5143,65,0.7647058823529411,1.1905,0.6595453923376027
CUST361,2449.38,87.4779,45.9853,28,1312.29,46.8675,45,1.6071,0.4973,57.9425,32.1076,16.205,107.91,30.8021,16.4384,12,7,2022-01-24,2024-03-20,1137.0900000000001,0.46423584743894375,204.115,0.5541286620356387,0.3094393628274532,786,65.5,43,1.2951,2,63.356,32.5077,16.205,120.3054,95.5533,1.5664,0.5159,0.459,39,0.9069767441860465,1.2951,0.5130958393837994
CUST362,231895.97,149.4175,402.6114,1552,127970.18,82.455,528010,340.2126,805.3853,1.5233,13.934,0.008,455.0,0.9417,9.4054,940,306,2022-01-03,2025-09-08,103925.79000000001,0.44815694727252053,246.69784042553192,9.14724611041817,2.367300035330849,1344,1.4297872340425533,2242,1.2231,2,1.467,13.6198,0.008,455.0,972416.5303,336.9427,796.4996,0.5378,1992,0.8884924174843889,1.2231,9.284117246080436
CUST363,5134.01,155.5761,269.8787,33,4475.44,135.6194,1858,56.303,109.6781,40.6702,28.6704,3.82,86.47,35.3322,26.4279,6,28,2022-01-11,2022-09-13,658.5700000000006,0.12827594804061554,855.6683333333334,0.7049485864342934,1.9479974424098183,245,40.833333333333336,49,1.2687,2,46.0949,33.0419,3.82,110.5551,4604.9155,68.7301,120.4813,0.4925,48,0.9795918367346939,1.2687,0.7168233362042221
CUST364,8656.13,129.196,320.6315,67,5254.44,78.4245,20519,306.2537,621.3468,2.7878,18.1513,0.014,149.1356,1.5111,9.8006,36,7,2022-01-07,2025-08-04,3401.6899999999996,0.392980465866386,240.44805555555553,6.51097639715905,2.028862998226634,1305,36.25,100,1.1935,2,5.8773,29.2165,0.014,178.7239,62272.162,502.1949,968.0343,0.5403,82,0.82,1.1935,4.971075153556906
CUST365,381.23,95.3075,34.8656,4,206.88,51.72,7,1.75,0.5,53.2812,7.2975,45.02,60.52,28.73,4.1049,4,1,2022-02-16,2024-08-07,174.35000000000002,0.45733546677858516,95.3075,0.13696200536023964,0.2857142857142857,903,225.75,7,1.3,2,55.607,7.7222,45.02,65.8193,15.2808,1.5281,0.4974,0.4,5,0.7142857142857143,1.3,0.13887100544895428
CUST366,858709.24,2602.1492,2961.4335,330,743427.51,2252.8106,24372954,73857.4364,92470.0698,2.1308,4.575,0.0299,26.825,1.7804,3.8274,264,10,2022-01-06,2025-08-27,115281.72999999998,0.1342500169207449,3252.6865151515153,2.1470809085789377,1.2520075744194121,1329,5.034090909090909,469,1.2118,2,2.5397,5.1696,0.0299,37.1765,42268836.9369,71040.0621,91624.5805,0.5546,419,0.8933901918976546,1.2118,2.03551600582746
CUST367,179.79,89.895,83.9124,2,116.76,58.38,2,1.0,0.0,89.895,83.9124,30.56,149.23,58.38,55.5503,2,2,2022-03-31,2022-03-31,63.02999999999999,0.3505756716168863,89.895,0.9334490238611715,0.0,0,0.0,2,1.0,1,89.895,83.9124,30.56,149.23,2.0,1.0,0.0,1.0,2,1.0,1.0,0.9334490238611715
CUST368,2614.27,174.2847,95.9385,15,1531.49,102.0993,1915,127.6667,113.4792,13.494,19.8381,0.7842,61.93,7.3885,10.659,14,6,2022-01-12,2023-11-27,1082.78,0.41418063168685715,186.73357142857142,1.4701422854602046,0.8888707861956172,684,48.857142857142854,23,1.2333,2,19.9697,25.7699,0.7842,78.8904,3309.4583,110.3153,112.1775,0.5,19,0.8260869565217391,1.2333,1.2904500317981742
CUST369,381.97,95.4925,21.0895,4,189.9,47.475,4,1.0,0.0,95.4925,21.0895,63.86,106.35,47.475,6.6556,4,1,2022-06-28,2025-02-26,192.07000000000002,0.5028405372149646,95.4925,0.2208498049585046,0.0,974,243.5,6,1.3333,2,110.1782,20.7774,63.86,139.4405,9.0588,1.0065,0.0242,0.4444,7,1.1666666666666667,1.3333,0.18857995501832486
CUST37,150652.08,231.4164,873.6361,651,85445.39,131.2525,139364,214.0768,1245.1512,27.1629,57.745,0.0877,628.2167,16.0305,34.1261,89,93,2022-01-03,2025-07-16,65206.68999999999,0.43282966952729757,1692.7199999999998,2.125877575663865,5.816376179016129,1290,14.49438202247191,942,1.2176,2,28.252,57.3054,0.0877,628.2167,314867.3444,261.5177,1349.7987,0.5407,826,0.8768577494692145,1.2176,2.028366133371089
CUST370,1325.59,220.9317,204.1041,6,714.6,119.1,32,5.3333,2.3381,36.0928,19.812,15.255,59.537,19.665,11.6829,4,2,2022-03-02,2022-12-07,610.9899999999999,0.460919288769529,331.3975,0.5489183438248072,0.4383964899780623,280,70.0,11,1.1538,2,39.3101,18.0735,15.255,59.537,62.9156,4.8397,1.6123,0.4615,8,0.7272727272727273,1.1538,0.45976733714745066
CUST371,7386.27,110.2428,84.0128,67,4262.11,63.6136,131,1.9552,0.895,57.3772,31.3157,4.8,122.985,34.1638,16.8887,45,16,2022-02-07,2025-08-19,3124.1600000000008,0.42296856193992377,164.13933333333335,0.5457864796469678,0.457753682487725,1289,28.644444444444446,96,1.2381,2,61.2855,31.4991,4.8,146.4242,253.4538,2.0115,0.9105,0.5317,85,0.8854166666666666,1.2381,0.5139731257801601
CUST372,36.48,36.48,0.0,1,19.7,19.7,2,2.0,0.0,18.24,0.0,18.24,18.24,9.85,0.0,1,1,2022-08-31,2022-08-31,16.779999999999998,0.45997807017543857,36.48,0.0,0.0,0,0.0,1,1.5,2,22.2059,5.6086,18.24,26.1717,4.0,2.0,0.0,0.5,2,2.0,1.5,0.252572514511909
CUST373,328.75,65.75,17.4645,5,176.96,35.392,5,1.0,0.0,65.75,17.4645,47.59,86.74,35.392,2.2418,5,1,2022-01-21,2025-05-07,151.79,0.4617186311787072,65.75,0.26561977186311786,0.0,1202,240.4,6,1.25,2,69.0868,22.4726,47.59,112.1579,8.0296,1.0037,0.0105,0.625,7,1.1666666666666667,1.25,0.3252806614288113
CUST374,571.34,142.835,19.5738,4,288.4,72.1,8,2.0,0.0,71.4175,9.7869,56.86,77.585,36.05,1.2126,4,1,2022-04-21,2025-09-08,282.94000000000005,0.49522175937270285,142.835,0.1370378408653341,0.0,1236,309.0,9,1.1,2,79.8894,9.6409,56.86,89.9858,19.7997,1.98,0.1566,0.4,4,0.4444444444444444,1.1,0.1206780874559078
CUST375,386.29,24.1431,20.7997,16,347.47,21.7169,179,11.1875,12.4323,21.3236,22.857,0.2888,77.6,19.1898,20.5737,7,11,2022-08-10,2023-06-14,38.81999999999999,0.10049444717699135,55.184285714285714,1.0719109343638036,1.1112670391061452,308,44.0,19,1.2083,2,20.1975,21.3927,0.2888,77.6,224.5346,9.3556,12.0131,0.6667,19,1.0,1.2083,1.059175640549573
CUST376,2567.82,513.564,673.3424,5,1748.4,349.68,1516,303.2,645.6227,23.2639,24.8268,1.177,51.534,13.7379,14.3289,4,3,2022-01-07,2024-05-29,819.4200000000001,0.31911115265088674,641.955,1.0671813410477178,2.1293624670184697,873,218.25,6,1.25,2,22.9728,24.9701,1.177,57.8287,2717.7031,339.7129,607.0492,0.625,7,1.1666666666666667,1.25,1.0869419487393788
CUST377,13794.75,2299.125,1825.9784,6,7520.43,1253.405,5482,913.6667,1396.6455,66.3996,13.9065,51.54,89.76,36.2775,6.9896,5,2,2022-06-23,2025-06-05,6274.32,0.45483390420268577,2758.95,0.2094365026295339,1.5286159602839855,1078,215.6,11,1.2143,2,71.0299,14.2349,51.54,96.0468,11383.0538,813.0753,1302.6933,0.4286,7,0.6363636363636364,1.2143,0.20040715248085667
CUST378,271.99,24.7264,8.2599,11,151.6,13.7818,11,1.0,0.0,24.7264,8.2599,17.16,39.65,13.7818,3.5828,4,4,2022-02-14,2023-04-03,120.39000000000001,0.4426265671532042,67.9975,0.3340518635951857,0.0,413,103.25,16,1.2727,2,25.2971,8.4075,17.16,45.0501,21.865,0.9939,0.0472,0.5,16,1.0,1.2727,0.33235034845891426
CUST379,4423.11,90.2676,32.9499,49,2239.95,45.7133,76,1.551,0.6145,64.6947,27.2757,25.385,103.08,33.2226,14.9754,29,3,2022-02-17,2025-04-01,2183.16,0.4935803088776901,152.5210344827586,0.4216064067071955,0.39619600257898135,1139,39.275862068965516,62,1.1842,2,67.0084,28.3058,25.385,125.1796,116.135,1.5281,0.6054,0.6447,59,0.9516129032258065,1.1842,0.4224216665373297
CUST38,3672544.53,211.1143,350.835,17396,2745584.64,157.8285,21061054,1210.6837,4849.506,11.0208,101.7075,0.0006,2680.88,9.1508,88.6067,4710,722,2022-01-04,2025-09-08,926959.8899999997,0.252402627776987,779.7334458598725,9.228685757839722,4.005592872853579,1343,0.2851380042462845,25356,1.221,2,12.4546,116.1423,0.0006,3892.9617,39597068.9459,1216.4998,5107.0119,0.5344,22343,0.8811721091654835,1.221,9.325253320058453
CUST380,8603.26,83.5268,162.1791,103,7108.7,69.0165,1406,13.6505,118.0457,38.131,7.8056,20.88,84.29,26.4256,9.2951,10,5,2022-02-07,2023-06-29,1494.5600000000004,0.17372019443792241,860.326,0.20470483333770423,8.647719863741255,507,50.7,151,1.2216,2,40.5863,9.0647,20.88,84.29,1598.9605,8.2421,86.0141,0.5309,136,0.9006622516556292,1.2216,0.22334383769892796
CUST381,450.93,90.186,26.5565,5,209.43,41.886,5,1.0,0.0,90.186,26.5565,49.08,113.72,41.886,7.395,5,1,2022-03-04,2025-07-29,241.5,0.5355598429911516,90.186,0.29446366398332335,0.0,1243,248.6,6,1.3333,2,90.8857,32.6783,49.08,132.77,9.3841,1.0427,0.0847,0.5556,7,1.1666666666666667,1.3333,0.3595538131961354
CUST382,1701.86,81.041,33.5306,21,906.17,43.151,90,4.2857,6.6041,51.561,20.478,3.24,85.41,26.706,10.0952,11,5,2022-02-02,2024-01-05,795.6899999999999,0.46754139588450283,154.71454545454546,0.3971606446732996,1.5409618032060106,702,63.81818181818182,27,1.1818,2,54.4151,20.8487,3.24,85.41,112.7958,3.4181,5.3641,0.6364,27,1.0,1.1818,0.38314181173975603
CUST383,923.72,83.9745,27.1913,11,470.62,42.7836,17,1.5455,0.5222,57.645,18.8655,31.23,81.21,29.5486,9.9014,9,4,2022-02-11,2025-07-09,453.1,0.4905166067639545,102.63555555555556,0.3272703616965912,0.33788417987706243,1244,138.22222222222223,15,1.1667,2,58.5393,17.9094,31.23,86.0454,27.8977,1.5499,0.5404,0.6111,13,0.8666666666666667,1.1667,0.3059380621223691
CUST384,2180.64,242.2933,188.9843,9,966.98,107.4422,146,16.2222,12.3063,88.6575,117.5652,2.98,269.62,43.1554,58.6807,8,3,2022-02-24,2023-11-13,1213.6599999999999,0.5565613764766307,272.58,1.3260604009813046,0.758608573436402,627,78.375,15,1.1176,2,99.6863,120.9682,2.98,290.7448,256.2121,15.0713,11.4247,0.5294,10,0.6666666666666666,1.1176,1.2134887140961195
CUST385,3706.46,617.7433,502.0472,6,3042.0,507.0,18500,3083.3333,1878.7407,0.4452,0.7184,0.041,1.9,0.3431,0.5098,6,3,2024-03-26,2025-06-04,664.46,0.17927078668055235,617.7433333333333,1.6136567834681044,0.6093213146953657,435,72.5,8,1.3333,2,0.4469,0.7666,0.041,2.2398,46609.364,3884.1137,2420.9181,0.5,9,1.125,1.3333,1.7153725665697022
CUST386,2526.58,180.47,156.24,14,2069.32,147.8086,22,1.5714,0.9376,152.1368,153.0538,18.2,439.09,126.9495,133.4092,5,14,2022-02-02,2022-09-15,457.25999999999976,0.18097982252689399,505.316,1.0060274700138296,0.5966653939162531,225,45.0,20,1.2,2,154.6953,158.5785,18.2,503.1072,36.7103,1.4684,0.8345,0.56,18,0.9,1.2,1.0251022493896065
CUST387,227.87,75.9567,36.4212,3,124.08,41.36,4,1.3333,0.5774,56.3683,5.8786,49.67,60.67,30.5867,1.9344,3,1,2022-04-13,2024-06-26,103.79,0.45547900118488616,75.95666666666666,0.10428911285243656,0.4330608265206631,805,268.3333333333333,3,1.4,2,57.2989,4.9785,49.67,62.1249,7.0,1.4,0.5477,0.6,5,1.6666666666666667,1.4,0.08688648473181859
CUST388,15283.01,305.6602,176.8978,50,5155.67,103.1134,6750,135.0,131.1777,5.6041,21.9368,1.6031,157.555,2.1498,9.1657,47,3,2022-01-14,2025-08-08,10127.34,0.6626534956137567,325.1704255319149,3.91441979978944,0.9716866666666666,1302,27.70212765957447,75,1.1477,2,6.333,24.1091,1.6031,169.1586,12251.6876,139.2237,148.8826,0.5682,57,0.76,1.1477,3.8069003631770095
CUST389,115.69,115.69,0.0,1,53.22,53.22,1,1.0,0.0,115.69,0.0,115.69,115.69,53.22,0.0,1,1,2023-06-12,2023-06-12,62.47,0.5399775261474631,115.69,0.0,0.0,0,0.0,2,1.0,1,122.6655,9.8649,115.69,129.641,2.1905,1.0953,0.1347,0.5,1,0.5,1.0,0.08042114530980594
CUST39,412.25,58.8929,28.2248,7,469.03,67.0043,29,4.1429,7.0812,52.1504,32.4246,15.7325,103.07,59.9843,46.1689,3,7,2023-09-22,2024-11-12,-56.77999999999997,-0.13773195876288652,137.41666666666666,0.6217517027673805,1.7092374906466485,417,139.0,10,1.1667,2,43.3933,29.1846,15.7325,103.07,43.7928,3.6494,5.3872,0.5833,8,0.8,1.1667,0.6725600495929095
CUST390,100052.49,1640.2048,691.0582,61,71247.88,1167.998,585,9.5902,4.1888,178.1164,27.0761,169.0,307.57,123.8362,10.6977,54,4,2022-01-04,2024-01-17,28804.61,0.28789498392293883,1852.823888888889,0.15201351475776514,0.4367792121123647,743,13.75925925925926,103,1.2426,2,192.0425,33.142,169.0,347.5334,1283.9521,9.4408,4.3661,0.4485,77,0.7475728155339806,1.2426,0.17257638283192525
CUST391,12532.75,198.9325,251.9188,63,9440.44,149.8483,538,8.5397,17.937,132.5663,171.7621,0.034,579.0,104.2914,140.7145,33,57,2022-01-06,2025-03-25,3092.3099999999995,0.24673834553469906,379.780303030303,1.2956694122110972,2.1004250734803334,1174,35.57575757575758,88,1.2414,2,120.3221,159.9867,0.034,579.0,887.5365,7.6512,15.3353,0.5431,80,0.9090909090909091,1.2414,1.3296534884281441
CUST392,25283.62,59.9138,126.9185,422,17285.83,40.9617,16071,38.0829,54.2983,24.1087,89.5731,0.0249,1200.0,17.4615,71.766,147,192,2022-01-03,2025-08-29,7997.789999999997,0.3163229790670797,171.9974149659864,3.715384902545554,1.4257921534336933,1334,9.07482993197279,628,1.2228,2,22.4992,75.7398,0.0249,1200.0,32442.4382,40.1515,55.1615,0.5223,545,0.8678343949044586,1.2228,3.366333025174229
CUST393,2885.03,169.7076,166.8447,17,1239.03,72.8841,356,20.9412,21.9017,12.503,6.846,6.31,26.39,5.5656,2.8194,17,4,2022-02-17,2025-05-13,1646.0000000000002,0.5705313289636503,169.70764705882354,0.5475485883387987,1.0458665214982905,1181,69.47058823529412,23,1.2333,2,13.5321,6.7471,6.31,30.4662,472.7785,15.7593,18.6257,0.5667,21,0.9130434782608695,1.2333,0.4985996260742974
CUST394,38773.21,196.8183,280.2367,197,24558.4,124.6619,57970,294.264,975.6104,64.2632,114.1378,0.0245,449.0,46.4745,87.3276,93,128,2022-01-07,2025-08-29,14214.809999999998,0.36661421636227687,416.91623655913975,1.776098918198907,3.3154256042193406,1330,14.301075268817204,284,1.2324,2,75.8384,126.3854,0.0245,465.9741,116336.3621,314.4226,1033.1059,0.5324,254,0.8943661971830986,1.2324,1.6665093145425012
CUST395,172189.79,1434.9149,4705.4231,120,112265.98,935.5498,208245,1735.375,4957.9797,9.2402,45.005,0.0627,469.0,5.9864,32.8405,46,34,2022-01-19,2025-09-04,59923.81000000001,0.34801023916691,3743.2563043478262,4.870565572173763,2.8570076784556653,1324,28.782608695652176,162,1.2098,2,7.7327,35.9859,0.0627,469.0,383788.5515,1872.1393,5056.0047,0.5854,152,0.9382716049382716,1.2098,4.653730262392179
CUST396,6181.03,137.3562,91.964,45,3363.49,74.7442,513,11.4,12.9271,66.4561,43.7146,3.4575,180.555,37.0564,25.6141,22,6,2022-01-24,2025-05-06,2817.54,0.4558366485844592,280.9559090909091,0.6577966507213031,1.133956140350877,1198,54.45454545454545,62,1.1948,2,73.7603,48.1047,3.4575,192.5088,953.4597,12.3826,16.4629,0.5844,54,0.8709677419354839,1.1948,0.6521760350757793
CUST397,964.16,482.08,127.2085,2,489.5,244.75,110,55.0,0.0,482.08,127.2085,392.13,572.03,244.75,46.669,2,1,2023-08-09,2025-05-28,474.65999999999997,0.49230418187852637,482.08,0.26387425323597746,0.0,658,329.0,3,1.25,2,458.4377,78.3893,392.13,572.03,198.0162,49.5041,6.3462,0.5,2,0.6666666666666666,1.25,0.17099226350712432
CUST398,1520.88,304.176,118.7693,5,891.36,178.272,288,57.6,21.4663,62.9678,2.7958,60.2217,66.5667,36.216,5.061,2,2,2022-12-02,2023-08-18,629.5200000000001,0.41391825785071806,760.44,0.044400471352024365,0.3726788194444444,259,129.5,6,1.1429,2,67.9605,11.5204,60.2217,93.2646,431.0071,61.5724,18.7965,0.7143,6,1.0,1.1429,0.16951611597913496
CUST399,1197.15,92.0885,44.3806,13,667.3,51.3308,220,16.9231,11.0488,70.3741,57.3342,3.5067,160.56,37.1143,26.5231,11,4,2022-04-20,2025-08-05,529.8500000000001,0.4425928246251515,108.83181818181819,0.8147059784778776,0.6528827460689826,1203,109.36363636363636,21,1.16,2,63.7319,62.5528,3.5067,210.8149,361.5933,14.4637,11.303,0.52,16,0.7619047619047619,1.16,0.9814990609098425
CUST4,8878285.4,158.9723,258.7681,55848,4681151.39,83.8195,29525068,528.6683,971.905,8.9363,33.5048,0.0016,737.81,6.079,23.0338,8531,763,2022-01-03,2025-09-08,4197134.010000001,0.47274150592185293,1040.7086390809989,3.7492922126607215,1.8384022647092702,1344,0.15754307818544133,81081,1.2182,2,9.5226,36.0474,0.0016,835.7564,55099566.4141,531.2952,990.6168,0.5385,71498,0.8818095484762152,1.2182,3.785457753134648
CUST40,710014.32,263.6518,685.6215,2693,445558.355,165.4506,426166,158.2495,756.4184,60.3242,154.6707,0.2408,3700.44,38.7645,103.2738,210,210,2022-01-14,2025-08-28,264455.96499999997,0.37246567787534196,3381.020571428571,2.5639909024902114,4.7799102050875355,1322,6.295238095238095,3931,1.2151,2,62.5115,151.8449,0.2408,4232.0473,852000.6518,170.1279,811.2662,0.5377,3431,0.8728059018061562,1.2151,2.429071450853043
CUST400,6747.07,124.9457,93.6578,54,3603.68,66.7348,94,1.7407,1.0673,71.5564,22.4001,1.97,99.865,38.0894,10.2296,20,5,2022-01-05,2025-02-25,3143.39,0.4658896380206519,337.3535,0.3130411815015848,0.6131441374159821,1147,57.35,78,1.1959,2,75.7047,24.2903,1.97,126.209,168.8795,1.741,1.0571,0.5567,67,0.8589743589743589,1.1959,0.3208559045871656
CUST401,552.94,92.1567,53.5913,6,328.58,54.7633,26,4.3333,4.4121,33.1613,15.8123,16.042,53.59,19.8917,9.2289,2,4,2022-04-12,2022-10-11,224.36000000000007,0.40575831012406416,276.47,0.4768299192130587,1.018184755267348,182,91.0,9,1.1,2,34.9399,18.1083,16.042,60.0931,45.8456,4.5846,4.1893,0.6,6,0.6666666666666666,1.1,0.5182699435316072
CUST402,735.71,183.9275,101.7205,4,417.4,104.35,49,12.25,12.3929,79.2971,34.6504,31.23,107.595,45.2325,18.106,3,2,2022-02-15,2024-02-05,318.31000000000006,0.43265688926343265,245.23666666666668,0.4369693217028113,1.011665306122449,720,240.0,7,1.2222,2,74.5368,33.1713,31.23,115.1947,118.1685,13.1298,11.0413,0.4444,6,0.8571428571428571,1.2222,0.445032520848762
CUST403,824.86,68.7383,33.0616,12,451.33,37.6108,23,1.9167,3.1754,56.2999,19.9034,13.5692,78.93,30.0483,11.8499,10,8,2022-04-06,2024-11-08,373.53000000000003,0.4528404820211915,82.486,0.35352460661564233,1.6567016225804767,947,94.7,19,1.2692,2,60.2424,22.3152,13.5692,101.7117,36.9641,1.4217,2.1592,0.4615,17,0.8947368421052632,1.2692,0.37042348910401973
CUST404,519.32,43.2767,22.2517,12,448.92,37.41,25,2.0833,3.1754,38.1767,16.3502,20.11,66.11,34.0233,15.7217,10,5,2022-05-04,2024-02-22,70.40000000000003,0.13556188862358473,51.932,0.4282769333127275,1.5242163874621995,659,65.9,19,1.2692,2,43.9459,17.1653,20.11,75.5347,39.6703,1.5258,2.1721,0.4615,16,0.8421052631578947,1.2692,0.3906007158802072
CUST405,605.4,100.9,114.0878,6,298.36,49.7267,10,1.6667,0.5164,54.79,53.9383,14.24,124.09,27.38,24.9933,2,3,2023-01-04,2023-01-20,307.03999999999996,0.5071688140072679,302.7,0.9844551925533856,0.3098338033239335,16,8.0,12,1.2,2,53.8605,53.159,14.24,160.1645,23.2366,1.5491,0.5668,0.4,9,0.75,1.2,0.9869756129259847
CUST406,380.77,126.9233,28.169,3,194.93,64.9767,5,1.6667,0.5774,79.355,14.2722,67.95,95.36,39.3967,1.7782,3,1,2022-03-17,2022-07-12,185.83999999999997,0.48806366047745353,126.92333333333333,0.17985256127528196,0.3464330713385732,117,39.0,4,1.2,2,86.6915,20.6612,67.95,118.8678,8.1654,1.6331,0.5819,0.6,4,1.0,1.2,0.2383301707779886
CUST407,337.16,112.3867,71.0908,3,162.81,54.27,20,6.6667,9.815,81.4517,33.6055,43.64,107.91,38.0933,13.8733,1,3,2022-07-27,2022-07-27,174.35000000000002,0.517113536599834,337.16,0.41258193506090113,1.4722426387868062,0,0.0,4,1.3333,2,79.6617,38.238,43.64,135.7948,23.2565,3.8761,6.9196,0.5,4,1.0,1.3333,0.4800048203841997
CUST408,1522.67,152.267,48.962,10,740.42,74.042,17,1.7,0.483,93.1205,25.2657,58.85,125.9,44.9555,10.5015,6,3,2022-03-21,2025-06-30,782.2500000000001,0.5137357405084491,253.77833333333334,0.2713226410940663,0.28411764705882353,1197,199.5,17,1.2917,2,98.1275,25.7381,58.85,138.8451,42.0435,1.7518,0.4977,0.4167,14,0.8235294117647058,1.2917,0.26229242567068356
CUST409,3612.36,116.5277,98.8751,31,2534.54,81.7594,91,2.9355,4.5966,92.8265,92.7311,2.5845,499.0,65.4326,78.1303,18,15,2022-02-18,2023-06-07,1077.8200000000002,0.2983700406382531,200.68666666666667,0.9989722762357732,1.565866121614716,474,26.333333333333332,42,1.1429,2,95.2104,109.1091,2.5845,562.5664,169.9686,3.4687,5.3089,0.6327,36,0.8571428571428571,1.1429,1.1459788006352247
CUST41,3504361.09,252.9859,525.0652,13852,2466214.76,178.0403,3110200,224.5308,1213.9572,46.9761,118.9519,0.0394,3687.8,32.2774,83.1804,4801,147,2022-01-03,2025-09-05,1038146.3300000001,0.2962441093648829,729.9231597583837,2.532179129387071,5.406639979904762,1341,0.2793168089981254,20081,1.2199,2,50.3569,131.2147,0.0394,4937.1458,5785046.2746,224.7318,1210.6296,0.5381,17747,0.883770728549375,1.2199,2.605694552285784
CUST410,109.59,54.795,34.1038,2,61.5,30.75,2,1.0,0.0,54.795,34.1038,30.68,78.91,30.75,17.8898,1,2,2022-10-10,2022-10-10,48.09,0.4388174103476595,109.59,0.6223889040970891,0.0,0,0.0,3,1.4,2,55.1876,26.9754,30.68,89.1814,4.8036,0.9607,0.0878,0.4,4,1.3333333333333333,1.4,0.48879458429067396
CUST411,6421.79,267.5746,411.1186,24,4082.64,170.11,2259,94.125,253.861,55.2331,64.8908,1.7127,177.78,32.9543,41.0255,15,7,2022-01-13,2022-12-20,2339.15,0.364252023189796,428.1193333333333,1.174853484595288,2.697062416998672,341,22.733333333333334,29,1.2564,2,47.8951,62.4748,1.7127,203.2809,6662.184,170.8252,392.963,0.6154,32,1.103448275862069,1.2564,1.3044090105250852
CUST412,8404.08,147.44,111.3778,57,4875.7,85.5386,613,10.7544,14.05,34.4195,31.0877,2.02,138.39,19.9022,17.7296,21,10,2022-01-20,2025-02-18,3528.38,0.4198413151707266,400.1942857142857,0.903200220805067,1.3064420144313025,1125,53.57142857142857,85,1.2056,2,37.4917,34.7576,2.02,190.1418,1175.8007,10.9888,13.8303,0.5327,71,0.8352941176470589,1.2056,0.9270745258283832
CUST413,60973.69,76.2171,160.9406,800,36155.7,45.1946,119361,149.2012,364.9909,16.9129,46.4665,0.0196,586.07,10.5656,31.0663,411,337,2022-01-04,2025-08-11,24817.990000000005,0.4070278508648567,148.35447688564477,2.7473999136753604,2.446300029758474,1315,3.199513381995134,1130,1.2169,2,18.8936,51.0535,0.0196,586.1224,204585.9797,141.7782,358.7988,0.5544,1005,0.8893805309734514,1.2169,2.702158402845408
CUST414,18834.01,138.4854,120.0182,136,5897.92,43.3671,198292,1458.0294,822.0987,0.1059,0.0808,0.0134,0.445,0.0489,0.1938,34,23,2022-01-04,2024-11-05,12936.089999999998,0.6868473575197209,553.9414705882352,0.7629839471199245,0.56384233404347,1036,30.470588235294116,196,1.1934,2,0.1072,0.0892,0.0134,0.5113,368040.8877,1514.5716,799.2113,0.5597,172,0.8775510204081632,1.1934,0.832089552238806
CUST415,89545.83,5596.6144,11703.1326,16,32486.2,2030.3875,29949,1871.8125,2516.8789,61.3192,91.6762,0.0246,247.35,31.5929,52.6275,15,6,2023-10-02,2025-08-04,57059.630000000005,0.6372114703722106,5969.722,1.4950651671907003,1.344621269491469,672,44.8,20,1.2,2,65.4705,98.6151,0.0246,291.9817,58367.1266,2334.6851,2860.3474,0.64,21,1.05,1.2,1.5062524343024721
CUST416,2500.52,131.6063,123.8138,19,1920.91,101.1005,146163,7692.7895,11087.0906,15.266,45.7213,0.0085,152.47,7.0605,21.3841,5,7,2022-02-14,2023-02-03,579.6099999999999,0.23179578647641286,500.104,2.9949757631337612,1.4412315064645926,354,70.8,28,1.1765,2,28.4706,62.7728,0.0085,187.6243,250793.3955,7376.2763,10998.7704,0.5588,23,0.8214285714285714,1.1765,2.204828840979818
CUST417,231.15,38.525,27.5926,6,136.69,22.7817,11000,1833.3333,1693.1233,0.0266,0.0166,0.0175,0.06,0.0162,0.0093,3,4,2023-08-18,2025-06-26,94.46000000000001,0.4086523902227991,77.05,0.6240601503759399,0.9235218167913057,678,226.0,6,1.25,2,0.0333,0.022,0.0175,0.0749,13500.0,1687.5,1510.3807,0.75,8,1.3333333333333333,1.25,0.6606606606606605
CUST418,1840938.51,600.8285,763.9676,3064,1240596.23,404.8943,33412995,10905.0245,16226.4719,4.087,128.2637,0.008,5598.0,0.5613,1.4539,424,26,2022-01-04,2025-09-04,600342.28,0.32610664437673154,4341.836108490566,31.383337411304137,1.4879812420412262,1339,3.1580188679245285,4450,1.2177,2,4.3453,130.6023,0.008,5598.0,62402497.1331,10970.9032,16308.0088,0.5387,3913,0.8793258426966292,1.2177,30.05599153107956
CUST419,52696.29,160.6594,318.8251,328,23031.01,70.2165,214465,653.8567,764.4249,0.4074,0.5721,0.0108,3.7212,0.1745,0.2693,108,88,2022-01-04,2025-09-05,29665.280000000002,0.562948169596,487.92861111111114,1.4042709867452137,1.1691015783733651,1340,12.407407407407407,454,1.2132,2,0.4419,0.5901,0.0108,3.7212,376071.4285,651.7702,736.4687,0.5685,414,0.9118942731277533,1.2132,1.3353699932111336
CUST42,19924.38,55.8106,42.3092,357,14886.35,41.6985,20940,58.6555,307.1569,46.615,33.6572,0.005,148.27,35.1784,24.4421,131,65,2022-04-01,2025-09-04,5038.030000000001,0.2528575544132365,152.0945038167939,0.7220250992169903,5.236625721373102,1252,9.557251908396946,515,1.2302,2,48.4185,35.3627,0.005,209.7318,36972.0735,55.2647,281.7302,0.5336,462,0.8970873786407767,1.2302,0.7303551328521122
CUST420,4782.15,19.9256,32.3185,240,2003.7,8.3488,23452,97.7167,133.7115,1.6956,12.3281,0.0146,159.39,0.9372,7.0421,43,98,2022-01-20,2025-09-03,2778.45,0.5810043599636147,111.21279069767441,7.270641660769049,1.3683587349961674,1322,30.74418604651163,333,1.222,2,2.002,15.1733,0.0146,184.8431,41028.6021,95.8612,123.5408,0.5607,309,0.9279279279279279,1.222,7.579070929070929
CUST421,15008.37,53.4106,142.0927,281,7539.97,26.8326,46044,163.8577,357.564,1.811,9.7826,0.006,158.0867,0.9584,4.5888,76,210,2022-01-07,2025-07-18,7468.400000000001,0.49761566379293687,197.47855263157896,5.401766979569299,2.1821617171484773,1288,16.94736842105263,391,1.2085,2,1.5574,7.5883,0.006,158.0867,78850.27,159.6159,336.196,0.5688,350,0.8951406649616368,1.2085,4.87241556440221
CUST422,12585.63,66.2402,253.5107,190,6051.62,31.8506,10796,56.8211,72.7707,12.6473,49.9158,0.0108,429.0,7.4584,38.3368,50,142,2022-03-02,2025-05-28,6534.009999999999,0.5191643167644369,251.71259999999998,3.946755433966143,1.280698543322815,1183,23.66,287,1.2507,2,12.3757,45.6742,0.0108,472.8661,20486.7358,53.4902,68.4569,0.4961,253,0.8815331010452961,1.2507,3.6906356812139918
CUST423,24797.15,151.2021,291.3492,164,14160.45,86.3442,19029,116.0305,398.2296,12.9256,32.0746,0.0156,206.04,7.3288,18.0247,106,80,2022-01-10,2025-03-04,10636.7,0.4289484880318908,233.93537735849057,2.4814786160797175,3.4321113845066598,1149,10.839622641509434,246,1.224,2,12.3713,31.9958,0.0156,206.2788,32805.7471,103.4882,296.2381,0.5174,212,0.8617886178861789,1.224,2.586292467242731
CUST424,10385.55,59.6871,74.0533,174,4254.33,24.4502,23060,132.5287,146.9686,2.173,6.0983,0.0165,47.2733,1.038,3.1702,35,82,2022-01-06,2025-09-03,6131.219999999999,0.590360645319699,296.72999999999996,2.8063966866083754,1.1089567769094546,1336,38.17142857142857,262,1.2226,2,2.4715,6.7479,0.0165,47.2733,47985.7518,142.391,156.1061,0.5163,226,0.8625954198473282,1.2226,2.7302852518713334
CUST425,11033.3,197.0232,334.8477,56,8920.39,159.2927,2635,47.0536,91.3438,98.9737,130.6258,0.0169,699.0,80.2869,110.0394,14,53,2022-12-13,2025-05-05,2112.91,0.19150299547732771,788.092857142857,1.31980313962194,1.9412712311066527,874,62.42857142857143,76,1.2,2,113.4581,129.6506,0.0169,699.0,4694.6492,49.4174,99.877,0.5895,70,0.9210526315789473,1.2,1.1427178843996153
CUST426,19252.68,97.2358,157.5272,198,9473.71,47.847,18644,94.1616,181.2295,15.9312,61.5032,0.0125,567.82,8.6811,34.6917,41,119,2022-01-07,2025-06-02,9778.970000000001,0.5079277274644362,469.57756097560974,3.8605503665762777,1.9246646191228696,1242,30.29268292682927,281,1.204,2,16.7623,72.2705,0.0125,640.0981,34842.7834,98.7048,186.0306,0.5609,249,0.8861209964412812,1.204,4.311490666555305
CUST427,6821.84,66.2315,127.107,103,4810.01,46.6991,24331,236.2233,305.4325,42.7876,88.5987,0.0129,399.0,33.9187,71.1071,22,64,2022-03-03,2025-05-30,2011.83,0.294910170862993,310.08363636363634,2.0706629958212193,1.2929821063375204,1184,53.81818181818182,150,1.2228,2,41.4718,83.9568,0.0129,399.0,43658.7858,226.2113,293.1822,0.5337,129,0.86,1.2228,2.0244310591775614
CUST428,5584.36,31.9106,36.1179,175,2200.04,12.5717,16116,92.0914,75.0128,1.5758,6.5019,0.0093,59.83,0.6815,3.2808,24,132,2022-01-21,2025-06-27,3384.3199999999997,0.6060354275154181,232.68166666666664,4.126094682066252,0.8145472867173266,1253,52.208333333333336,250,1.2284,2,1.3601,5.0139,0.0093,59.83,29030.1973,89.5994,70.624,0.5401,226,0.904,1.2284,3.686420116167928
CUST429,2863.73,59.661,77.7949,48,1899.06,39.5638,2301,47.9375,50.0852,11.3185,41.114,0.0208,279.0,8.4244,33.7451,6,33,2022-01-20,2025-03-06,964.6700000000001,0.3368578741710986,477.28833333333336,3.632460131642885,1.0448020860495437,1141,190.16666666666666,70,1.2784,2,13.9439,53.4254,0.0208,326.2489,4700.7127,48.461,47.4547,0.4948,68,0.9714285714285714,1.2784,3.8314531802436913
CUST43,155202.56,98.4788,114.3618,1576,122967.68,78.0252,653748,414.8147,3232.1992,53.1673,74.6315,0.0054,567.74,41.0827,52.7193,950,73,2022-01-04,2025-09-08,32234.880000000005,0.20769554316629832,163.3711157894737,1.4037105514103594,7.791910942403922,1343,1.4136842105263159,2323,1.2107,2,58.9771,83.3375,0.0054,809.1794,1136368.0898,386.1258,3041.4009,0.5355,1990,0.8566508824795523,1.2107,1.4130484544000979
CUST430,3940.95,562.9929,289.1754,7,1721.85,245.9786,58500,8357.1429,3171.6752,0.065,0.0098,0.0572,0.0755,0.0292,0.0012,6,1,2022-01-27,2025-04-21,2219.1,0.5630875804057397,656.8249999999999,0.15076923076923077,0.3795166886520511,1180,196.66666666666666,12,1.3684,2,0.0716,0.0127,0.0572,0.0976,153334.4522,8070.2343,2890.5036,0.3684,12,1.0,1.3684,0.17737430167597765
CUST431,10.95,10.95,0.0,1,6.46,6.46,500,500.0,0.0,0.0219,0.0,0.0219,0.0219,0.0129,0.0,1,1,2022-09-12,2022-09-12,4.489999999999999,0.41004566210045656,10.95,0.0,0.0,0,0.0,1,1.0,1,0.0219,0.0,0.0219,0.0219,500.0,500.0,0.0,1.0,1,1.0,1.0,0.0
CUST432,53372.39,2320.5387,3624.8175,23,19500.44,847.8452,126443,5497.5217,9151.9777,65.5721,295.8823,0.0172,1421.77,52.1656,240.4778,13,13,2022-07-12,2022-11-08,33871.95,0.6346343118604956,4105.568461538462,4.512320026352671,1.6647460800382106,119,9.153846153846153,36,1.2174,2,67.6151,307.1681,0.0172,1559.1895,282574.2932,6142.9194,9602.3596,0.5,29,0.8055555555555556,1.2174,4.542892046303266
CUST433,8914.96,35.3768,98.1143,252,4306.47,17.0892,10270,40.754,109.405,9.6394,25.361,0.0012,220.73,4.9981,12.0971,69,165,2022-01-26,2025-07-16,4608.489999999999,0.5169389430799465,129.2023188405797,2.6309728821295932,2.6845217647347503,1267,18.36231884057971,372,1.2135,2,10.9373,30.3404,0.0012,241.0225,17890.6778,37.8238,99.6282,0.5328,320,0.8602150537634409,1.2135,2.774030153694239
CUST434,374.18,74.836,68.6316,5,214.42,42.884,782,156.4,147.3934,15.2979,33.377,0.0238,75.0,13.1165,29.0043,4,5,2024-01-04,2024-12-09,159.76000000000002,0.42696028649313167,93.545,2.18180273109381,0.9424130434782609,340,85.0,6,1.3333,2,18.3087,35.1322,0.0238,85.2129,1219.9402,135.5489,115.8468,0.5556,8,1.3333333333333333,1.3333,1.918880095255261
CUST435,11706.94,55.4831,81.7505,211,5689.24,26.9632,9621,45.5972,86.1602,8.7241,29.7346,0.0344,299.0,5.1232,20.628,96,151,2022-04-01,2025-01-28,6017.700000000001,0.5140284309990485,121.94729166666667,3.4083286528123247,1.8895940978832033,1033,10.760416666666666,303,1.2109,2,9.6749,34.6919,0.0344,338.85,16474.1062,42.9013,71.6084,0.5495,269,0.8877887788778878,1.2109,3.5857631603427427
CUST436,4983.84,355.9886,417.1146,14,2914.72,208.1943,12230,873.5714,535.9479,0.5049,0.5814,0.0282,1.6851,0.2783,0.372,8,6,2025-02-17,2025-07-16,2069.1200000000003,0.41516581591704393,622.98,1.1515151515151516,0.6135135605401001,149,18.625,22,1.2414,2,0.4697,0.5656,0.0282,1.829,27932.9573,963.2054,622.6118,0.4828,20,0.9090909090909091,1.2414,1.2041728763040238
CUST437,1072.5,536.25,370.1704,2,388.8,194.4,10000,5000.0,0.0,0.1072,0.074,0.0549,0.1596,0.0389,0.0101,1,2,2024-07-30,2024-07-30,683.7,0.6374825174825175,1072.5,0.6902985074626865,0.0,0,0.0,3,1.4,2,0.1532,0.056,0.0549,0.1871,23638.5091,4727.7018,372.8597,0.4,3,1.0,1.4,0.36553524804177545
CUST438,223128.08,166.8871,475.9454,1337,167300.38,125.1312,97084,72.6133,169.2149,80.9456,356.1392,0.0016,6530.0,63.4787,289.5725,304,617,2022-01-03,2025-09-02,55827.69999999998,0.2502047254653022,733.973947368421,4.3997351307544825,2.3303568354557638,1338,4.401315789473684,1905,1.2154,2,87.9759,437.8662,0.0016,9064.7498,170178.68,70.0901,157.8427,0.5507,1693,0.8887139107611548,1.2154,4.977115323628403
CUST439,36951.5,236.8686,334.9633,156,17151.86,109.9478,172013,1102.6474,1890.3412,14.3602,47.1556,0.011,517.89,7.109,21.8566,59,49,2022-01-12,2025-06-25,19799.64,0.5358277742446179,626.2966101694915,3.2837704210247765,1.7143659886197529,1260,21.35593220338983,230,1.2203,2,13.4874,39.5324,0.011,517.89,311882.1206,1057.2275,1765.28,0.5288,202,0.8782608695652174,1.2203,2.93106158340377
CUST44,1854233.12,182.091,313.4877,10183,1311328.36,128.7762,8751167,859.3899,2389.2367,3.1778,14.5375,0.0053,378.9217,2.4038,11.0439,4927,301,2022-01-04,2025-02-12,542904.76,0.29279207352309616,376.3412056017861,4.574705771288313,2.780154502630296,1135,0.23036330424193222,14731,1.2216,2,3.4127,15.3041,0.0053,420.054,16202559.7163,856.1911,1995.0947,0.5381,13097,0.8890774557056548,1.2216,4.484455123509245
CUST440,35434.35,43.9632,132.6959,806,19846.74,24.6237,191942,238.1414,405.4387,6.2455,32.7184,0.0004,399.0,4.5975,27.2604,105,292,2022-01-03,2025-09-05,15587.609999999997,0.4399011129031575,337.46999999999997,5.2387158754303105,1.702512456884859,1341,12.771428571428572,1140,1.2186,2,7.1626,37.5846,0.0004,443.6822,338433.4326,231.9626,381.4716,0.5524,1034,0.9070175438596492,1.2186,5.247340351269092
CUST441,723.2,21.2706,25.9226,34,416.81,12.2591,1414,41.5882,33.0547,4.3279,9.0914,0.0079,34.56,2.7762,6.0254,7,33,2022-01-21,2023-04-04,306.39000000000004,0.4236587389380531,103.31428571428572,2.1006492756302135,0.7948095854112464,438,62.57142857142857,50,1.2188,2,4.6098,9.2768,0.0079,37.6466,3005.4429,46.96,35.891,0.5312,42,0.84,1.2188,2.012408347433728
CUST442,24531.35,629.009,2518.7547,39,17270.65,442.8372,33656,862.9744,2672.5411,13.5844,50.4123,0.012,224.872,36.6296,178.0903,19,33,2022-01-07,2024-02-26,7260.699999999997,0.295976373089944,1291.1236842105263,3.7110435499543595,3.0968949947993822,780,41.05263157894737,57,1.2692,2,7.882,36.4389,0.012,224.872,69229.8891,887.5627,2897.0706,0.5,52,0.9122807017543859,1.2692,4.623052524739913
CUST443,19620.56,54.6534,57.9795,359,7930.6,22.0908,72556,202.1058,110.1933,0.7387,5.5249,0.0093,104.4,0.4347,4.592,75,98,2022-01-07,2024-02-06,11689.960000000001,0.5958015469487109,261.6074666666667,7.4792202517936905,0.5452258173689226,760,10.133333333333333,506,1.2251,2,0.6685,4.1287,0.0093,104.4,130559.6082,199.9381,109.5807,0.5498,463,0.9150197628458498,1.2251,6.176065818997757
CUST444,5697.15,70.3352,151.1977,81,2613.2,32.2617,7029,86.7778,55.4603,5.8797,22.4154,0.0073,172.86,3.8097,15.6396,6,72,2022-01-19,2025-08-20,3083.95,0.5413145169075766,949.525,3.8123373641512326,0.6391070066307281,1309,218.16666666666666,121,1.2039,2,5.7707,25.8026,0.0073,237.6746,12920.0304,85.0002,52.5558,0.5329,101,0.8347107438016529,1.2039,4.471311972550991
CUST445,8809.38,41.1653,70.0343,214,2553.32,11.9314,18632,87.0654,42.1401,1.1889,7.2694,0.01,101.88,0.6214,5.6082,16,125,2022-04-06,2025-08-27,6256.0599999999995,0.7101589442162786,550.58625,6.114391454285474,0.48400512718025757,1239,77.4375,300,1.1935,2,0.9109,5.5429,0.01,101.88,31926.9386,85.8251,40.3144,0.5753,267,0.89,1.1935,6.085080689428039
CUST446,34031.27,74.63,106.8186,456,22296.42,48.8957,29687,65.1031,97.4227,31.6861,66.9108,0.0086,399.0,22.9045,51.8964,126,154,2022-01-21,2025-09-04,11734.849999999999,0.34482550900980186,270.08944444444444,2.1116767289126774,1.496437189626915,1322,10.492063492063492,662,1.2338,2,33.2936,70.5112,0.0086,406.3927,59778.6193,69.1882,102.0836,0.5278,585,0.8836858006042296,1.2338,2.117860489703727
CUST447,22182.69,98.1535,100.7595,226,9715.25,42.9878,93828,415.1681,515.0391,15.9319,65.3119,0.0123,486.56,11.7523,52.043,56,137,2022-01-19,2025-07-01,12467.439999999999,0.5620346315077206,396.1194642857143,4.099442000012553,1.2405555725500104,1259,22.482142857142858,337,1.241,2,15.7462,70.2447,0.0123,549.9373,181238.9087,408.1957,471.7855,0.509,292,0.8664688427299704,1.241,4.461057270960612
CUST448,47630.24,366.3865,294.5668,130,18464.1,142.0315,665287,5117.5923,2927.4616,0.0979,0.095,0.017,0.3392,0.0402,0.046,69,8,2022-01-06,2025-08-27,29166.14,0.6123450144278089,690.2933333333333,0.9703779366700716,0.5720388472524472,1329,19.26086956521739,189,1.2222,2,0.1106,0.1066,0.017,0.3942,1187126.9183,4885.296,2830.9806,0.535,171,0.9047619047619048,1.2222,0.9638336347197106
CUST449,726896.54,1151.9755,1919.3658,631,462070.0,732.2821,6099662,9666.6593,12019.9369,0.1351,0.1558,0.009,1.129,0.0773,0.0871,497,13,2021-12-28,2025-09-05,264826.54000000004,0.3643249423088464,1462.568490945674,1.153219837157661,1.2434426958649512,1347,2.710261569416499,910,1.2169,2,0.1396,0.1588,0.009,1.2726,11288534.5728,9714.7458,11942.7617,0.543,806,0.8857142857142857,1.2169,1.1375358166189111
CUST45,3825.98,212.5544,271.6872,18,2667.8,148.2111,81,4.5,5.2384,64.2851,50.9832,2.1333,182.8533,43.511,36.0299,11,5,2022-01-19,2023-10-30,1158.1799999999998,0.302714598612643,347.81636363636363,0.7930795783159705,1.164088888888889,649,59.0,26,1.2353,2,60.1302,53.2771,2.1333,238.3555,157.4161,4.6299,5.2693,0.5294,25,0.9615384615384616,1.2353,0.8860289837718817
CUST450,551459.1,1036.5773,2344.5879,532,501490.16,942.6507,4008931,7535.5846,18073.6812,0.346,0.2637,0.009,1.129,0.1966,0.1522,328,19,2022-01-06,2025-09-05,49968.94,0.09061223216735385,1681.277743902439,0.7621387283236994,2.3984444683959887,1338,4.079268292682927,774,1.2198,2,0.3709,0.2867,0.009,1.6577,6835357.3278,6890.4812,16930.2933,0.5363,683,0.8824289405684754,1.2198,0.772984631976274
CUST451,70593.76,276.8383,358.7176,255,24002.34,94.1268,48527,190.302,505.6274,36.5261,55.618,0.0171,229.0712,10.0365,12.947,187,32,2022-01-04,2025-09-04,46591.42,0.6599934611784385,377.50673796791443,1.5226919928489493,2.656973652405125,1339,7.160427807486631,383,1.22,2,36.0415,55.8612,0.0171,262.6694,92774.3259,188.9497,513.6191,0.5193,331,0.8642297650130548,1.22,1.549913294396737
CUST452,35766.06,376.4848,481.1014,95,24036.4,253.0147,24420,257.0526,354.3661,81.475,82.1178,0.007,172.175,55.7376,56.1155,45,13,2022-01-17,2025-02-12,11729.659999999996,0.3279550501229377,794.8013333333333,1.0078895366676897,1.3785742684571174,1122,24.933333333333334,149,1.2475,2,86.4519,89.0032,0.007,254.8813,53481.2815,270.1075,356.3472,0.4798,129,0.8657718120805369,1.2475,1.029511207966511
CUST453,30.6,15.3,13.7179,2,25.47,12.735,2000,1000.0,0.0,0.0153,0.0137,0.0056,0.025,0.0127,0.0145,2,2,2022-02-04,2022-03-07,5.130000000000003,0.16764705882352948,15.3,0.8954248366013072,0.0,31,15.5,2,1.0,1,0.0153,0.0137,0.0056,0.025,2000.0,1000.0,0.0,1.0,2,1.0,1.0,0.8954248366013072
CUST454,634.66,37.3329,39.2221,17,385.1,22.6529,17726,1042.7059,733.2833,0.0382,0.0383,0.0106,0.1162,0.0215,0.0195,9,7,2022-03-25,2025-03-31,249.55999999999995,0.39321841615983355,70.51777777777778,1.0026178010471205,0.7032503604324096,1102,122.44444444444444,23,1.1154,2,0.0491,0.0451,0.0106,0.1246,25458.159,979.16,616.991,0.6538,19,0.8260869565217391,1.1154,0.9185336048879837
CUST455,22009.12,83.3679,366.3438,264,12185.85,46.1585,16933,64.1402,229.0325,5.1611,18.0208,0.0052,250.9267,2.8521,7.8255,33,187,2024-06-18,2025-08-27,9823.269999999999,0.44632724979463057,666.9430303030302,3.4916587549165876,3.5708105057358726,435,13.181818181818182,405,1.2105,2,5.333,18.929,0.0052,268.4788,36564.6576,71.2761,255.9508,0.5146,334,0.8246913580246914,1.2105,3.54940933808363
CUST456,249566.91,11884.1386,21260.9651,21,256084.95,12194.5214,1615,76.9048,286.8304,11844.8154,21283.4149,0.18,53200.0,12169.1067,21361.0119,9,16,2022-03-11,2022-06-02,-6518.040000000008,-0.026117404747288044,27729.656666666666,1.796854926080148,3.729681372294057,83,9.222222222222221,23,1.1786,2,8885.3764,19047.0868,0.18,53200.0,2916.9733,104.1776,341.3141,0.75,26,1.1304347826086956,1.1786,2.1436443367779
CUST457,1349.33,269.866,198.2757,5,1323.93,264.786,78,15.6,19.5269,63.0989,34.9199,3.022,94.5,67.7154,43.2831,4,4,2022-10-28,2025-02-21,25.399999999999864,0.01882415717430122,337.3325,0.553415352724057,1.2517243589743592,847,211.75,9,1.1818,2,63.0101,40.1254,3.022,106.268,208.7294,18.9754,18.1559,0.4545,5,0.5555555555555556,1.1818,0.6368090195063966
CUST458,1522.81,13.2418,39.2998,115,1112.9,9.6774,5589,48.6,10.304,7.4734,39.8225,0.0028,289.0,5.9126,31.4564,2,113,2022-03-31,2022-09-20,409.90999999999985,0.26918000275805903,761.405,5.328565311638611,0.21201646090534979,173,86.5,169,1.1914,2,6.1644,41.0926,0.0028,414.6795,10265.0984,49.1153,9.1074,0.5502,143,0.8461538461538461,1.1914,6.666115112581922
CUST459,2038.73,20.1854,49.1554,101,976.12,9.6646,9976,98.7723,97.3193,0.7594,1.9826,0.0151,11.3633,0.405,1.1139,24,59,2022-01-04,2022-12-29,1062.6100000000001,0.5212117347564416,84.94708333333334,2.6107453252567816,0.9852893979384908,359,14.958333333333334,147,1.1923,2,0.838,2.2489,0.0151,12.7832,16919.5257,92.9644,85.1618,0.5549,126,0.8571428571428571,1.1923,2.683651551312649
CUST46,2225.22,92.7175,83.7662,24,2002.66,83.4442,48,2.0,2.3219,81.4211,89.1438,4.3667,315.18,73.2792,80.229,16,20,2022-09-13,2025-08-12,222.55999999999972,0.10001707696317656,139.07625,1.0948488782391788,1.16095,1064,66.5,36,1.28,2,89.2884,102.4444,4.3667,349.3248,91.9335,1.8387,1.753,0.48,34,0.9444444444444444,1.28,1.1473427679295407
CUST460,36975.64,528.2234,968.5668,70,26657.16,380.8166,25436,363.3714,411.4513,20.6493,40.4008,0.0122,129.2307,14.7777,29.9149,30,21,2022-02-08,2025-08-26,10318.48,0.27906156593908854,1232.5213333333334,1.9565215285748183,1.1323161371533368,1295,43.166666666666664,110,1.1729,2,23.6549,44.1053,0.0122,134.4333,50689.8129,381.1264,445.8738,0.5263,81,0.7363636363636363,1.1729,1.8645312387708253
CUST461,10127.69,151.1596,122.0674,67,5192.18,77.4952,127876,1908.597,2517.3219,4.5647,11.6999,0.0271,68.28,2.2796,5.9641,15,19,2022-01-25,2025-08-26,4935.51,0.48732830487505047,675.1793333333334,2.5631257256774815,1.318938413923945,1309,87.26666666666667,104,1.1875,2,3.4246,9.4153,0.0271,68.28,269987.5843,2109.278,2565.9942,0.5234,85,0.8173076923076923,1.1875,2.7493137884716465
CUST462,7028.32,226.72,307.1222,31,4858.47,156.7248,1640,52.9032,123.6666,63.6549,99.8847,0.0239,499.0,44.9215,76.8321,18,22,2022-03-30,2025-04-10,2169.8499999999995,0.3087295399185011,390.4622222222222,1.5691596404990031,2.3376015061470765,1107,61.5,40,1.2727,2,90.2657,151.445,0.0239,636.5358,2905.29,52.8235,129.6116,0.5636,41,1.025,1.2727,1.6777690750750285
CUST463,1815.21,31.2967,22.5635,58,524.92,9.0503,128029,2207.3966,872.4845,0.0134,0.0056,0.0079,0.0212,0.0041,0.0,57,1,2022-03-10,2025-09-05,1290.29,0.7108213374761047,31.84578947368421,0.417910447761194,0.3952549804597869,1275,22.36842105263158,83,1.2095,2,0.015,0.0065,0.0079,0.0311,237433.204,2261.2686,937.9034,0.5524,75,0.9036144578313253,1.2095,0.43333333333333335
CUST464,13429.08,73.383,192.6131,183,7788.09,42.5579,119681,653.9945,2497.1185,0.2847,0.4995,0.0065,4.1394,0.1344,0.2382,21,48,2023-10-03,2025-08-19,5640.99,0.4200578148316936,639.48,1.7544783983140146,3.818256116832787,686,32.666666666666664,273,1.2438,2,0.3142,0.592,0.0065,4.7469,192754.2164,533.9452,1992.4753,0.5069,245,0.8974358974358975,1.2438,1.8841502227880331
CUST465,1888.19,67.4354,126.0,28,737.08,26.3243,1294,46.2143,75.8792,3.7109,7.0068,0.0082,30.88,1.6116,3.5448,14,21,2023-03-31,2025-01-15,1151.1100000000001,0.6096367420651524,134.87071428571429,1.888167290953677,1.6418987196603647,656,46.857142857142854,40,1.2308,2,3.6154,7.2928,0.0082,37.5941,3279.5145,63.0676,99.4077,0.5385,38,0.95,1.2308,2.0171488631963266
CUST466,4659.05,28.5831,37.0614,163,1675.51,10.2792,13925,85.4294,107.8645,0.7461,0.994,0.006,5.28,0.2572,0.4085,47,92,2022-03-18,2025-08-22,2983.54,0.6403751837821015,99.12872340425533,1.3322610910065675,1.2626156803161441,1253,26.659574468085108,249,1.2523,2,0.7979,1.0075,0.006,5.846,27404.865,82.2969,91.482,0.4895,215,0.8634538152610441,1.2523,1.2626895600952501
CUST467,25429.91,94.535,140.0766,269,11387.16,42.3314,24838,92.3346,99.194,6.9077,29.1036,0.0176,319.0,4.5327,22.7388,113,153,2022-01-04,2025-08-15,14042.75,0.5522139087397478,225.04345132743362,4.213211343862646,1.0742885115655454,1319,11.672566371681416,408,1.2273,2,8.9764,33.5895,0.0176,347.4538,44615.9003,84.4998,90.5075,0.5095,341,0.8357843137254902,1.2273,3.741978967069204
CUST468,4510.21,49.5627,50.6118,91,1584.57,17.4129,7361,80.8901,167.3486,5.2267,19.1677,0.0279,125.05,2.9517,13.6982,10,50,2022-01-05,2024-08-29,2925.6400000000003,0.6486704610206621,451.021,3.6672661526393324,2.0688390791951052,967,96.7,134,1.2386,2,5.6856,21.7263,0.0279,174.4529,13068.6632,74.2538,125.7102,0.517,118,0.8805970149253731,1.2386,3.821285352469396
CUST469,123671.72,192.3355,437.0331,643,62577.12,97.3206,147027,228.6579,461.6411,6.3279,18.399,0.0055,107.86,3.3651,10.0445,106,321,2022-01-04,2025-09-05,61094.6,0.49400622874817296,1166.7143396226415,2.9075996776181676,2.0189160313288976,1340,12.641509433962264,943,1.2207,2,6.625,19.9583,0.0055,133.737,270747.8546,223.7586,467.8542,0.5314,834,0.8844114528101803,1.2207,3.0125735849056605
CUST47,35583.8,271.6321,560.7882,131,25611.33,195.5063,24281,185.3511,923.4766,14.0857,46.834,0.0083,480.0,10.2114,37.8647,59,88,2022-01-11,2023-03-09,9972.470000000001,0.28025309269948684,603.1152542372882,3.3249323782275644,4.982309789367314,422,7.1525423728813555,190,1.2083,2,13.3947,39.3248,0.0083,480.0,56406.6498,235.0277,1152.632,0.5458,166,0.8736842105263158,1.2083,2.935847760681464
CUST470,820630.42,7528.7194,6105.645,109,531289.82,4874.2185,5741195,52671.5138,33132.2877,0.163,0.1092,0.009,0.435,0.0974,0.0554,71,10,2022-01-13,2025-07-23,289340.6000000001,0.35258332246567226,11558.174929577466,0.6699386503067485,0.6290361774261366,1287,18.12676056338028,168,1.1962,2,0.1748,0.113,0.009,0.6111,11100202.8439,53111.0184,33536.933,0.5215,132,0.7857142857142857,1.1962,0.6464530892448512
CUST471,46142.0,3076.1333,2505.504,15,16186.0,1079.0667,180400,12026.6667,5409.9732,0.3577,0.3899,0.0615,0.9628,0.1137,0.1024,14,2,2022-03-01,2025-08-08,29956.0,0.6492132980798405,3295.8571428571427,1.0900195694716244,0.4498314732543474,1256,89.71428571428571,18,1.1818,2,0.3244,0.3782,0.0615,1.0892,287946.5293,13088.4786,5751.8847,0.6818,18,1.0,1.1818,1.165844636251541
CUST472,488.89,162.9633,173.0723,3,202.13,67.3767,697,232.3333,229.2081,0.6636,0.0575,0.6304,0.73,0.29,0.0,3,1,2022-06-22,2023-07-20,286.76,0.5865532123790628,162.96333333333334,0.08664858348402653,0.9865486350858873,393,131.0,3,1.0,1,0.6636,0.0575,0.6304,0.73,697.0,232.3333,229.2081,1.0,3,1.0,1.0,0.08664858348402653
CUST473,6032.14,54.8376,70.891,110,3474.2,31.5836,9334,84.8545,500.4957,5.1439,4.4023,0.05,24.113,3.1145,2.4567,16,53,2022-01-05,2024-01-19,2557.9400000000005,0.4240518290357983,377.00875,0.8558292346274228,5.898281175423814,744,46.5,151,1.1517,2,5.3854,4.3992,0.05,30.1968,11690.1161,65.6748,405.6741,0.618,130,0.8609271523178808,1.1517,0.8168752553199392
CUST474,31721.2,537.6475,624.1564,59,14667.6,248.6034,570118,9663.0169,47947.5175,7.9192,22.2394,0.0045,171.43,4.2004,13.9526,23,9,2022-02-08,2025-07-08,17053.6,0.5376089176954213,1379.182608695652,2.8082887160319223,4.961961465678488,1246,54.17391304347826,99,1.2385,2,6.8773,15.601,0.0045,171.43,1166867.2641,8975.902,45503.2516,0.4538,83,0.8383838383838383,1.2385,2.2684774548151165
CUST475,33502.0,90.5459,328.5545,370,11653.27,31.4953,65617,177.3432,217.3374,1.8839,6.5368,0.0067,80.775,0.6137,2.2235,75,134,2022-01-24,2025-09-02,21848.73,0.6521619604799713,446.6933333333333,3.4698232390254264,1.2255186553530104,1317,17.56,536,1.2129,2,2.0124,6.2817,0.0067,80.775,115938.1946,170.247,215.3828,0.5433,473,0.8824626865671642,1.2129,3.1214967203339294
CUST476,16154.2,769.2476,418.6517,21,7289.78,347.1324,185900,8852.381,9110.3578,0.3059,0.4431,0.0143,1.8478,0.1357,0.1973,21,5,2022-05-12,2025-08-25,8864.420000000002,0.5487377895531813,769.2476190476191,1.4485125858123569,1.0291420805317801,1201,57.19047619047619,25,1.1379,2,0.2796,0.411,0.0143,1.8478,271874.7074,9374.9899,9598.3418,0.7241,25,1.0,1.1379,1.4699570815450642
CUST477,40738.3,1044.5718,565.5345,39,21702.05,556.4628,262600,6733.3333,3333.193,0.1636,0.0594,0.0477,0.3858,0.0899,0.0322,33,3,2022-02-02,2025-08-27,19036.250000000004,0.46728140349499125,1234.4939393939394,0.36308068459657705,0.49502866581697363,1302,39.45454545454545,52,1.1746,2,0.1666,0.057,0.0477,0.3858,422689.2455,6709.3531,3591.7018,0.619,46,0.8846153846153846,1.1746,0.34213685474189676
CUST478,288.96,7.6042,8.8585,38,133.46,3.5121,1248,32.8421,22.1427,2.7432,8.7812,0.0193,34.68,1.7512,5.8126,5,35,2022-04-27,2024-12-10,155.49999999999997,0.5381367663344407,57.791999999999994,3.2010790317876934,0.6742169349706627,958,191.6,51,1.2031,2,2.3437,8.205,0.0193,38.0737,2058.1135,32.158,20.6225,0.5938,48,0.9411764705882353,1.2031,3.50087468532662
CUST479,91631.8,514.7854,1790.2936,178,69030.24,387.8103,82947,465.9944,649.341,3.3512,2.1237,0.1301,9.6465,2.2571,1.4939,117,8,2022-01-25,2025-07-31,22601.559999999998,0.24665629181135804,783.1777777777778,0.6337132967295297,1.3934523676679378,1283,10.965811965811966,258,1.2158,2,3.4681,2.4045,0.1301,12.0355,146014.7793,443.8139,612.156,0.541,223,0.8643410852713178,1.2158,0.6933191084455466
CUST48,9990691.58,1088.5478,2541.0704,9178,6928753.2476,754.9306,88760151,9670.9687,26276.5,0.5459,2.3379,0.0007,64.145,0.3816,1.8303,805,378,2022-01-11,2025-09-04,3061938.3323999997,0.3064791168741093,12410.79699378882,4.282652500457958,2.717049430632528,1332,1.6546583850931678,13333,1.2217,2,0.587,2.7602,0.0007,88.7242,165086905.5401,9637.2975,27092.633,0.5358,11805,0.8853971349283732,1.2217,4.702214650766611
CUST480,143515.7,400.8818,491.9269,358,84792.45,236.8504,328827,918.5112,1020.6713,2.4196,5.2889,0.0441,29.6012,1.3322,2.7787,130,16,2022-01-03,2025-09-02,58723.250000000015,0.4091764873111444,1103.9669230769232,2.1858571664737974,1.1112235757168774,1338,10.292307692307693,510,1.2166,2,2.3834,5.3133,0.0441,31.0506,634239.2904,974.2539,1050.4428,0.5499,458,0.8980392156862745,1.2166,2.2292942854745323
CUST481,11679.1,530.8682,392.0498,22,3934.07,178.8214,161000,7318.1818,2868.3223,0.0702,0.0389,0.0111,0.1113,0.0239,0.0134,19,4,2022-04-28,2025-03-17,7745.030000000001,0.6631529826784599,614.6894736842105,0.5541310541310541,0.39194466308557674,1054,55.473684210526315,27,1.2059,2,0.0729,0.0437,0.0111,0.1571,249555.5295,7339.8685,2810.606,0.6471,29,1.0740740740740742,1.2059,0.5994513031550068
CUST482,56691.38,50.9815,174.3808,1112,33309.88,29.9549,48916,43.9892,140.524,8.5621,57.4824,0.0025,1372.8,5.4461,41.5111,128,426,2022-01-06,2024-05-13,23381.5,0.4124348357722109,442.90140625,6.7135866201048815,3.1945113800660163,858,6.703125,1600,1.2222,2,8.9266,50.6514,0.0025,1372.8,93666.9191,45.5357,149.5168,0.5406,1427,0.891875,1.2222,5.674209665494141
CUST483,5969.55,42.9464,49.1035,139,2180.57,15.6876,95571,687.5612,448.2474,0.0693,0.0808,0.0063,0.5414,0.024,0.0225,57,25,2022-01-17,2025-07-23,3788.98,0.6347178598051779,104.72894736842106,1.1659451659451658,0.6519381838300359,1283,22.50877192982456,209,1.2372,2,0.0811,0.0923,0.0063,0.6122,186339.2196,680.0701,425.1478,0.5073,178,0.8516746411483254,1.2372,1.1381011097410603
CUST484,11642.18,352.7933,459.9717,33,4541.4,137.6182,46807,1418.3939,1794.4014,0.5677,0.7092,0.0186,2.9038,0.2005,0.2894,13,21,2022-04-21,2024-10-29,7100.780000000001,0.6099184173410822,895.5523076923077,1.2492513651576538,1.265093850163907,922,70.92307692307692,44,1.2,2,0.678,0.8148,0.0186,3.2612,82023.2707,1491.3322,1809.7012,0.6,42,0.9545454545454546,1.2,1.2017699115044247
CUST485,8218.69,51.3668,101.5147,160,4091.33,25.5708,4153,25.9562,30.5353,11.239,26.3372,0.0168,180.92,6.1438,15.0314,86,130,2022-01-04,2025-08-12,4127.360000000001,0.5021919551656043,95.56616279069767,2.343375745173058,1.1764164245921978,1316,15.30232558139535,225,1.2188,2,11.0232,29.3082,0.0168,210.6498,7674.706,26.6483,30.1852,0.5556,205,0.9111111111111111,1.2188,2.658774221641629
CUST486,6677.69,58.5762,106.8297,114,2630.2,23.0719,9625,84.4298,68.3209,1.0531,1.6935,0.0273,10.5506,0.4564,0.846,22,71,2022-01-21,2025-04-17,4047.49,0.6061212784660563,303.5313636363636,1.6081093913208624,0.8092036224176771,1182,53.72727272727273,169,1.2283,2,1.0432,1.5289,0.0273,10.5506,18420.1698,84.1104,62.9804,0.5205,146,0.863905325443787,1.2283,1.465586656441718
CUST487,7649.08,59.2952,60.4001,129,5176.64,40.129,2355,18.2558,37.678,31.9932,56.1094,0.0284,309.97,22.6979,42.914,40,87,2022-01-05,2025-08-26,2472.4399999999996,0.32323364378461195,191.227,1.7537914306790192,2.0638920233569604,1329,33.225,197,1.1926,2,31.967,55.6535,0.0284,309.97,4211.8374,17.2616,35.7378,0.5287,157,0.7969543147208121,1.1926,1.7409672474739577
CUST488,44372.83,310.2995,637.7534,143,23272.63,162.7457,343206,2400.042,8694.977,2.7152,7.0748,0.0089,33.4445,1.2488,3.2585,74,84,2022-01-06,2025-04-11,21100.2,0.4755207184216107,599.6328378378379,2.605627578078963,3.6228436835688713,1191,16.094594594594593,205,1.2205,2,2.2694,6.3941,0.0089,33.4445,556150.515,2114.6407,6804.5498,0.5437,183,0.8926829268292683,1.2205,2.81752886225434
CUST489,1865.18,42.3905,49.9038,44,890.6,20.2409,15748,357.9091,658.5544,5.4025,13.4673,0.0055,54.545,2.855,7.2908,13,40,2022-01-24,2025-01-07,974.58,0.5225125725131087,143.47538461538463,2.4927903748264693,1.840004626873136,1079,83.0,58,1.2162,2,4.599,12.3971,0.0055,59.5457,31045.6695,419.5361,781.7298,0.5946,55,0.9482758620689655,1.2162,2.69560774081322
CUST49,287212.68,193.8007,351.5182,1482,184308.38,124.3646,105243,71.0142,593.6456,22.389,52.6935,0.3429,1210.17,15.0791,35.687,213,132,2022-01-03,2025-09-08,102904.29999999999,0.3582860617435135,1348.416338028169,2.353544151145652,8.359533727057403,1344,6.309859154929577,2143,1.2216,2,25.5277,79.9861,0.3429,1386.5739,193139.1881,70.1559,585.6843,0.5383,1917,0.894540363975735,1.2216,3.1333061732941077
CUST490,4728.98,82.9646,132.6081,57,2129.83,37.3654,7161,125.6316,148.0382,6.8297,28.6229,0.0228,207.41,3.4704,14.1966,14,52,2022-03-17,2024-09-09,2599.1499999999996,0.5496216943188594,337.78428571428566,4.190945429521062,1.1783516249096564,907,64.78571428571429,84,1.2432,2,11.7217,41.7962,0.0228,226.0165,14008.8136,126.2055,150.6378,0.5135,76,0.9047619047619048,1.2432,3.56571145823558
CUST491,3235.44,44.3211,37.4703,73,1686.37,23.101,10102,138.3836,195.2808,13.9988,26.6619,0.0131,169.0,7.9569,19.5905,23,63,2022-05-18,2023-04-11,1549.0700000000002,0.4787818658358678,140.6713043478261,1.9045846786867446,1.4111556571732489,328,14.26086956521739,100,1.2188,2,14.7067,25.5951,0.0131,169.0,16193.8109,126.5141,189.4928,0.5703,94,0.94,1.2188,1.7403700354260303
CUST492,3240.92,34.4779,45.5716,94,1438.1,15.2989,10610,112.8723,193.8795,2.5712,7.7311,0.0159,47.8083,1.2067,3.9407,11,91,2022-01-05,2023-05-09,1802.8200000000002,0.5562679732915345,294.6290909090909,3.0068061605476037,1.7176889281072505,489,44.45454545454545,141,1.2167,2,2.8625,9.1292,0.0159,65.4189,21066.0241,117.0335,192.4406,0.5222,123,0.8723404255319149,1.2167,3.1892401746724897
CUST493,17487.39,56.4109,117.1432,310,10696.11,34.5036,32426,104.6,573.0986,6.4067,28.585,0.014,399.0,4.3869,24.0394,132,165,2022-01-12,2025-09-02,6791.279999999999,0.3883529789179517,132.48022727272726,4.461735370783711,5.478954110898663,1329,10.068181818181818,468,1.2378,2,8.0079,30.281,0.014,399.0,56271.6832,91.6477,413.355,0.5049,413,0.8824786324786325,1.2378,3.7813908765094473
CUST494,3296.51,53.1695,76.8451,62,2572.0,41.4839,169,2.7258,4.0536,47.1533,75.0691,0.0225,449.0,37.1895,63.5734,23,54,2022-02-07,2025-07-24,724.5100000000002,0.21978091982126557,143.32652173913044,1.5920221914478945,1.4871230464450804,1263,54.91304347826087,90,1.2174,2,42.2606,61.6475,0.0225,449.0,314.3335,2.7333,4.0376,0.5391,78,0.8666666666666667,1.2174,1.4587464446789682
CUST495,410394.86,884.4717,1329.4991,464,280041.1498,603.537,10102047,21771.653,37257.3834,1.2531,6.9385,0.0071,51.5,0.8574,4.7421,94,25,2022-01-06,2025-09-05,130353.71019999997,0.3176299776269127,4365.902765957447,5.537068071183465,1.7112794972435028,1338,14.23404255319149,664,1.2225,2,1.3903,7.6582,0.0071,55.7474,17555185.2926,20556.4231,35026.6451,0.5433,594,0.8945783132530121,1.2225,5.508307559519528
CUST496,7054.14,881.7675,828.2723,8,4356.54,544.5675,9200,1150.0,277.746,0.8688,0.8418,0.0652,1.6721,0.5349,0.5189,7,3,2022-04-07,2023-11-13,2697.6000000000004,0.3824137315108575,1007.7342857142858,0.9689226519337016,0.2415182608695652,585,83.57142857142857,14,1.3,2,1.1966,0.8427,0.0652,2.2606,22700.5492,1135.0275,278.2798,0.4,10,0.7142857142857143,1.3,0.7042453618585993
CUST497,48674.36,565.9809,2962.649,86,31511.72,366.4153,35692,415.0233,1080.3533,26.4379,138.2911,0.0168,1005.6,18.4556,98.2879,54,8,2022-01-03,2025-07-24,17162.64,0.35260124632352635,901.3770370370371,5.230789888758184,2.6031148130719406,1298,24.037037037037038,130,1.2121,2,18.1659,101.7837,0.0168,1005.6,58823.6297,356.5068,798.1208,0.5212,111,0.8538461538461538,1.2121,5.603008934321998
CUST498,16772.28,1677.228,1731.2774,10,9786.38,978.638,238000,23800.0,18486.0308,39.8937,76.3167,0.0457,234.17,26.497,42.6768,7,1,2022-04-19,2024-12-04,6985.9,0.4165146300920328,2396.04,1.913001300957294,0.7767239831932773,960,137.14285714285714,15,1.2105,2,53.1205,92.8476,0.0457,257.3408,380777.7532,20040.9344,16743.6476,0.5263,11,0.7333333333333333,1.2105,1.74786758407771
CUST499,2158.6,719.5333,638.7929,3,1035.57,345.19,26000,8666.6667,5773.5027,0.0728,0.0363,0.0461,0.1141,0.0363,0.0079,3,1,2022-05-16,2023-08-02,1123.03,0.5202585008802001,719.5333333333333,0.4986263736263736,0.6661733858993332,443,147.66666666666666,4,1.3333,2,0.0806,0.0349,0.0461,0.1336,62984.9941,10497.499,4181.5107,0.5,5,1.25,1.3333,0.43300248138957814
CUST5,9726170.24,107.0598,230.3098,90848,6851156.79,75.4134,134043528,1475.4703,6081.52,3.9077,6.0222,0.0039,98.82,2.9593,5.0518,17036,492,2022-01-03,2025-09-08,2875013.45,0.295595633127639,570.9186569617282,1.5411111395450008,4.121750197208308,1344,0.0788917586287861,131689,1.2172,2,4.201,6.5296,0.0039,128.6971,246780076.1292,1466.9992,6037.3893,0.5401,115986,0.8807569348996499,1.2172,1.5542965960485602
CUST50,515443.97,99.2575,157.0706,5193,354997.1,68.3607,326385,62.851,1197.2627,20.5281,27.1788,0.0247,935.4,14.3534,19.325,1019,182,2022-01-04,2025-08-18,160446.87,0.31127897373598146,505.8331403336604,1.323980300173908,19.04922276495203,1322,1.2973503434739941,7504,1.2123,2,21.6908,29.5471,0.0247,1117.2252,564397.2129,59.2481,1083.4715,0.5451,6614,0.8813965884861408,1.2123,1.3621950319951317
CUST500,56579.99,4041.4279,6103.0083,14,16071.78,1147.9843,404000,28857.1429,34173.4426,135.7244,170.7415,0.0621,472.9075,40.0902,42.0754,14,1,2022-07-22,2025-07-18,40508.21,0.7159458670812773,4041.427857142857,1.2580015089401757,1.1842282071521364,1092,78.0,20,1.2,2,165.1159,203.2476,0.0621,659.3611,644516.2973,25780.6519,30527.2047,0.56,18,0.9,1.2,1.2309389949726222
CUST501,624000.36,63.3567,164.1795,9849,308138.06,31.2862,2140916,217.3739,321.192,0.6682,4.8325,0.006,197.36,0.3727,3.4343,1307,429,2022-01-03,2025-09-08,315862.3,0.5061892913010498,477.4295026778883,7.232116132894342,1.477601496775832,1344,1.0283091048201989,14354,1.2161,2,0.7462,5.1839,0.006,214.4131,3986767.9409,217.7372,322.8541,0.5379,12576,0.8761320886164136,1.2161,6.94706512999196
CUST502,286.08,31.7867,39.6974,9,135.41,15.0456,165,18.3333,14.2478,6.0818,13.616,0.1644,42.14,2.8734,6.4226,3,8,2022-06-24,2023-08-03,150.67,0.5266708612975392,95.36,2.2388108783583807,0.777154140280255,405,135.0,14,1.2222,2,4.0374,9.6569,0.1644,42.14,348.415,19.3564,14.2851,0.5,13,0.9285714285714286,1.2222,2.3918610987269036
CUST503,1895.27,54.1506,93.651,35,1053.32,30.0949,668,19.0857,25.9619,32.9385,95.2549,0.1208,493.75,20.4193,59.3167,24,29,2022-03-16,2025-01-22,841.95,0.4442374965044559,78.96958333333333,2.891901574145757,1.3602802097905762,1043,43.458333333333336,49,1.2222,2,43.4864,111.9551,0.1208,567.7187,1312.6057,20.835,26.4569,0.5556,44,0.8979591836734694,1.2222,2.5744853563412926
CUST504,52501.06,135.6617,181.51,387,32788.68,84.7253,18304,47.2972,82.7046,36.6184,82.6475,0.0204,499.0,27.3707,66.6227,179,256,2022-01-13,2025-09-04,19712.379999999997,0.3754663239180313,293.3020111731843,2.2569937517750636,1.748615140008288,1330,7.430167597765363,562,1.2238,2,37.1134,82.6107,0.0204,499.0,34595.4625,47.7838,78.506,0.5345,502,0.8932384341637011,1.2238,2.2258995403277524
CUST505,957.98,73.6908,104.5818,13,377.89,29.0685,439,33.7692,30.7521,2.2225,2.9992,0.1353,10.2,0.8871,1.1262,5,12,2022-09-20,2024-03-26,580.09,0.6055345623081901,191.596,1.3494713160854892,0.9106552716676736,553,110.6,18,1.1818,2,2.2915,2.7274,0.1353,10.2,648.1249,29.4602,24.9714,0.5909,17,0.9444444444444444,1.1818,1.1902247436177176
CUST506,15228.97,120.8648,220.9571,126,7832.6,62.1635,5172,41.0476,63.8224,20.841,68.597,0.033,483.54,13.3394,50.5955,35,86,2022-01-21,2025-06-10,7396.369999999999,0.4856776262610012,435.1134285714285,3.291444748332613,1.554838772546994,1236,35.31428571428572,183,1.2078,2,25.8032,83.2452,0.033,543.3517,10356.9032,44.8351,77.3961,0.5455,163,0.8907103825136612,1.2078,3.226157995907484
CUST507,16904.41,135.2353,158.9542,125,12567.52,100.5402,1060,8.48,17.1585,96.145,114.3427,0.0222,651.62,70.3045,84.7296,52,95,2022-01-14,2025-07-21,4336.889999999999,0.25655376318960554,325.08480769230766,1.1892734931613709,2.0234080188679244,1284,24.692307692307693,179,1.208,2,95.5992,115.6635,0.0222,651.62,1837.0334,8.1285,16.9243,0.5531,160,0.8938547486033519,1.208,1.2098793713754927
CUST508,621.25,56.4773,65.7772,11,182.67,16.6064,122,11.0909,5.0091,5.1773,5.6796,0.3225,14.336,1.6438,2.6919,3,7,2023-03-02,2024-05-08,438.58000000000004,0.7059637826961771,207.08333333333334,1.0970196820736677,0.4516405341315854,433,144.33333333333334,13,1.3158,2,5.7042,6.4445,0.3225,16.5358,228.3683,12.0194,5.0235,0.5789,15,1.1538461538461537,1.3158,1.129781564461274
CUST509,87181.56,473.8128,738.3358,184,44779.8,243.3685,74322,403.9239,505.3867,3.1757,11.5639,0.0239,114.67,1.7097,6.1368,70,81,2022-01-06,2025-08-05,42401.759999999995,0.4863615654503085,1245.450857142857,3.641370406524546,1.2511928608334393,1307,18.67142857142857,256,1.2171,2,3.1467,11.9633,0.0239,145.6096,128696.9476,393.5686,474.9927,0.5627,237,0.92578125,1.2171,3.8018559125432994
CUST51,3439.96,118.6193,76.8593,29,2262.03,78.001,9314,321.1724,415.9036,25.0316,27.9427,0.13,149.32,16.0573,16.2827,5,17,2022-01-17,2023-04-12,1177.9299999999998,0.3424254933196897,687.992,1.1162970005912525,1.2949543609600327,450,90.0,45,1.1964,2,32.161,42.4676,0.13,164.3508,16475.6677,294.2084,393.2124,0.5179,36,0.8,1.1964,1.320468890892696
CUST510,1430.82,89.4262,116.5118,16,710.13,44.3831,7728,483.0,574.0044,2.0594,4.55,0.039,13.59,1.212,2.7672,3,12,2022-05-25,2022-08-10,720.6899999999999,0.5036901916383612,476.94,2.2093813732154994,1.1884149068322982,77,25.666666666666668,20,1.2593,2,1.8739,4.4159,0.039,14.8996,14424.4265,534.238,575.1445,0.5926,22,1.1,1.2593,2.356529163776082
CUST511,632.87,19.7772,28.5683,32,324.94,10.1544,1056,33.0,30.4398,7.2501,27.9713,0.0176,150.0,5.1555,21.8351,10,31,2022-01-10,2024-10-16,307.93,0.4865612211038602,63.287,3.8580571302464794,0.9224181818181819,1010,101.0,48,1.2258,2,5.4054,22.239,0.0176,150.0,2073.7,33.4468,30.9459,0.5161,41,0.8541666666666666,1.2258,4.1142191142191145
CUST512,13000.52,295.4664,261.6375,44,6133.48,139.3973,7233,164.3864,274.4635,75.3639,83.8235,0.045,205.57,38.2825,40.6764,31,17,2022-01-07,2025-05-05,6867.040000000001,0.5282127176451404,419.3716129032258,1.112250029523419,1.6696241294900307,1214,39.16129032258065,62,1.1622,2,92.9783,93.349,0.045,244.0075,12225.0011,165.2027,262.2805,0.5946,51,0.8225806451612904,1.1622,1.0039869517941282
CUST513,35266.81,62.3089,152.8593,566,23908.94,42.2419,35416,62.5724,177.0962,30.5971,70.0148,0.025,519.0,21.8988,54.6067,209,325,2022-02-23,2025-09-05,11357.869999999999,0.32205549637180114,168.74071770334928,2.2882822228250386,2.8302606260907366,1290,6.172248803827751,849,1.231,2,34.7418,80.4708,0.025,595.4599,60755.9918,55.0326,146.1696,0.5127,737,0.8680800942285041,1.231,2.3162530438837368
CUST514,19813.53,233.1004,276.1015,85,11173.02,131.4473,5317,62.5529,210.0113,41.4798,39.679,0.0569,123.0386,22.1609,20.9051,41,7,2022-01-17,2025-07-23,8640.509999999998,0.4360913981506576,483.2568292682927,0.9565860973293026,3.35733914814501,1283,31.29268292682927,122,1.2026,2,47.1241,43.7385,0.0569,140.2824,9654.9524,63.1043,210.0203,0.5556,108,0.8852459016393442,1.2026,0.9281556570841671
CUST515,308667.13,461.3858,1619.0778,669,247416.31,369.8301,37990,56.7862,190.108,45.4565,266.2504,0.988,4338.67,32.985,193.8091,166,51,2022-01-07,2025-08-27,61250.82000000001,0.1984364839884312,1859.4405421686747,5.857256937951669,3.347785201334127,1328,8.0,984,1.2159,2,42.2547,227.9406,0.988,4338.67,63888.689,50.9073,171.119,0.5331,863,0.8770325203252033,1.2159,5.394443695020908
CUST516,2192.95,243.6611,64.1374,9,1273.85,141.5389,26,2.8889,0.3333,84.2367,18.8734,66.0967,110.7333,49.2526,3.494,9,1,2022-04-13,2025-07-28,919.0999999999999,0.4191158029138831,243.6611111111111,0.22405198684183972,0.11537263318218006,1202,133.55555555555554,12,1.1429,2,83.5714,17.4526,66.0967,110.7333,39.9339,2.8524,0.4049,0.6429,11,0.9166666666666666,1.1429,0.2088346013109748
CUST517,1444.66,206.38,11.4419,7,689.02,98.4314,14,2.0,0.0,103.19,5.7209,97.705,110.735,49.2157,2.4285,7,1,2022-03-07,2025-07-11,755.6400000000001,0.5230573283679205,206.38000000000002,0.05544044965597442,0.0,1222,174.57142857142858,10,1.375,2,112.8808,12.3776,97.705,141.0833,32.3319,2.0207,0.1024,0.4375,11,1.1,1.375,0.10965195143904012
CUST518,73.78,73.78,0.0,1,55.97,55.97,1,1.0,0.0,73.78,0.0,73.78,73.78,55.97,0.0,1,1,2022-04-07,2022-04-07,17.810000000000002,0.24139333152615888,73.78,0.0,0.0,0,0.0,1,1.0,1,73.78,0.0,73.78,73.78,1.0,1.0,0.0,1.0,1,1.0,1.0,0.0
CUST519,520.18,520.18,0.0,1,198.76,198.76,4,4.0,0.0,130.045,0.0,130.045,130.045,49.69,0.0,1,1,2023-05-26,2023-05-26,321.41999999999996,0.617901495636126,520.18,0.0,0.0,0,0.0,2,1.0,1,138.202,11.5357,130.045,146.3589,8.5041,4.252,0.3564,0.5,1,0.5,1.0,0.08346984848265583
CUST52,400.85,100.2125,27.0104,4,234.82,58.705,374,93.5,29.0,1.1016,0.1756,0.9526,1.2936,0.6294,0.0118,3,2,2022-03-11,2025-03-24,166.03000000000003,0.4141948359735562,133.61666666666667,0.15940450254175748,0.31016042780748665,1109,369.6666666666667,6,1.1429,2,1.2443,0.3177,0.9526,1.8628,633.3884,90.4841,27.8067,0.5714,5,0.8333333333333334,1.1429,0.2553242787109218
CUST520,818.67,90.9633,41.8008,9,513.65,57.0722,132,14.6667,5.2915,6.0658,0.6491,5.44,7.23,3.8338,0.3328,9,1,2022-04-27,2025-04-08,305.02,0.3725799162055529,90.96333333333332,0.10700979260773517,0.3607832709471115,1077,119.66666666666667,12,1.1429,2,6.4687,1.0536,5.44,9.2332,191.7719,13.698,4.3648,0.6429,10,0.8333333333333334,1.1429,0.1628766212685702
CUST521,1148.65,114.865,91.7755,10,853.64,85.364,79,7.9,11.1101,98.9068,102.6894,0.4725,249.0,76.3518,84.8732,5,10,2022-05-26,2024-02-15,295.0100000000001,0.25683193313890224,229.73000000000002,1.0382440843298943,1.4063417721518985,630,126.0,15,1.2857,2,88.3773,102.3225,0.4725,344.2388,135.1671,6.4365,10.0609,0.4762,14,0.9333333333333333,1.2857,1.1577916501182997
CUST522,13.86,6.93,0.0,2,12.48,6.24,48,24.0,0.0,0.2888,0.0,0.2888,0.2888,0.26,0.0,1,2,2022-12-27,2022-12-27,1.379999999999999,0.0995670995670995,13.86,0.0,0.0,0,0.0,2,1.5,2,0.3144,0.031,0.2888,0.351,96.0,24.0,0.0,0.5,4,2.0,1.5,0.09860050890585241
CUST523,13326.89,888.4593,212.9185,15,5615.86,374.3907,420021,28001.4,30982.5112,213.868,120.3364,79.333,364.1233,87.7593,45.628,14,2,2022-04-26,2025-08-18,7711.03,0.5786068617659484,951.9207142857142,0.562666691604167,1.1064629339961574,1210,86.42857142857143,18,1.1429,2,266.2893,134.9386,79.333,471.4777,420040.5396,20001.9305,28981.3547,0.7143,17,0.9444444444444444,1.1429,0.5067368459791662
CUST524,187.08,46.77,64.7189,4,169.5,42.375,27,6.75,11.5,46.77,64.7189,6.93,143.19,42.375,58.1399,3,4,2025-01-08,2025-04-04,17.580000000000013,0.09397049390635029,62.36000000000001,1.3837695103698953,1.7037037037037037,86,28.666666666666668,4,1.0,1,46.77,64.7189,6.93,143.19,27.0,6.75,11.5,1.0,4,1.0,1.0,1.3837695103698953
CUST525,13303.34,146.1905,171.5389,91,7004.3,76.9703,4201,46.1648,64.0684,20.2524,41.777,0.0702,249.5,11.5318,24.0452,44,70,2022-01-05,2024-12-04,6299.04,0.4734931227796929,302.3486363636364,2.0628172463510497,1.3878192908882958,1064,24.181818181818183,131,1.2294,2,22.448,48.2766,0.0702,274.3627,8055.0494,47.3826,65.5769,0.5353,121,0.9236641221374046,1.2294,2.1505969351389878
CUST526,208832.35,276.5991,308.9625,755,150538.99,199.3894,173717,230.0887,897.8447,50.6737,47.0567,0.2212,196.145,36.0496,34.809,145,22,2022-01-04,2025-09-04,58293.360000000015,0.27913951071278,1440.2231034482759,0.9286217505333142,3.9021677292279024,1339,9.23448275862069,1097,1.2286,2,53.8269,50.0133,0.2212,255.0406,358089.32,251.8209,941.5401,0.5309,973,0.886964448495898,1.2286,0.9291506663025364
CUST527,21560.52,347.7503,562.8746,62,11661.96,188.0961,10863,175.2097,435.5279,20.8362,35.4051,0.0146,116.2647,11.1525,18.6603,35,36,2022-01-26,2025-06-11,9898.560000000001,0.4591058100639503,616.0148571428572,1.6992109885679727,2.4857522157734415,1232,35.2,98,1.216,2,19.5731,35.2837,0.0146,133.1002,29765.8804,238.127,506.3439,0.496,78,0.7959183673469388,1.216,1.802662838283154
CUST528,739.73,147.946,16.0867,5,324.1,64.82,40,8.0,0.0,73.973,8.0434,65.49,82.955,32.41,1.9992,5,1,2022-02-03,2024-05-22,415.63,0.5618671677503954,147.946,0.10873426790856124,0.0,839,167.8,6,1.25,2,76.2886,9.2189,65.49,93.3988,65.3038,8.163,0.461,0.625,7,1.1666666666666667,1.25,0.12084243255217686
CUST529,1505.2,167.2444,56.7054,9,606.78,67.42,53000,5888.8889,333.3333,0.0284,0.0092,0.0092,0.0378,0.0114,0.003,9,2,2022-02-23,2025-06-27,898.4200000000001,0.5968774913632741,167.24444444444444,0.32394366197183094,0.056603767817728745,1220,135.55555555555554,14,1.125,2,0.0294,0.0077,0.0092,0.0428,92493.8574,5780.8661,558.3496,0.5625,9,0.6428571428571429,1.125,0.2619047619047619
CUST53,1953793.59,164.9467,509.8704,11845,1164171.455,98.2838,3792322,320.1623,640.0577,22.182,109.2101,0.0081,4247.71,15.0558,76.4314,2005,508,2022-01-03,2025-09-08,789622.135,0.404148185888971,974.4606433915212,4.923365792083672,1.9991663603116292,1344,0.6703241895261846,17042,1.2178,2,23.8474,118.7959,0.0081,5404.9472,6887381.0837,316.1234,631.2955,0.5437,15155,0.8892735594413801,1.2178,4.9815032246701945
CUST530,816.3,816.3,0.0,1,139.5,139.5,3000,3000.0,0.0,0.2721,0.0,0.2721,0.2721,0.0465,0.0,1,1,2023-07-12,2023-07-12,676.8,0.8291069459757442,816.3,0.0,0.0,0,0.0,3,1.4,2,0.3054,0.0417,0.2721,0.3783,14906.978,2981.3956,183.3294,0.2,2,0.6666666666666666,1.4,0.13654223968565815
CUST531,3981.26,265.4173,382.1073,15,2292.72,152.848,147900,9860.0,3288.5733,0.0514,0.1353,0.012,0.54,0.0316,0.0897,13,2,2022-02-14,2025-03-20,1688.5400000000004,0.42412201162446067,306.25076923076927,2.632295719844358,0.3335267038539554,1130,86.92307692307692,21,1.3226,2,0.0735,0.1717,0.012,0.6334,273471.0024,8821.6452,4342.2682,0.4839,22,1.0476190476190477,1.3226,2.3360544217687074
CUST532,1103.4,367.8,260.7544,3,464.16,154.72,18000,6000.0,0.0,0.0613,0.0435,0.0326,0.1113,0.0258,0.009,3,1,2022-04-19,2025-05-28,639.24,0.5793365959760739,367.8,0.7096247960848286,0.0,1135,378.3333333333333,3,1.25,2,0.0791,0.0502,0.0326,0.1324,24000.0,6000.0,0.0,0.75,4,1.3333333333333333,1.25,0.6346396965865992
CUST533,25365.47,650.3967,457.3378,39,17138.29,439.4433,4117,105.5641,78.6805,11.3096,10.4516,2.3999,25.625,8.3548,8.29,27,6,2022-01-13,2023-02-16,8227.18,0.32434565572804286,939.4618518518519,0.9241352479309612,0.7453338777103201,399,14.777777777777779,52,1.2121,2,11.3367,11.1031,2.3999,31.5112,6849.5264,103.7807,77.8944,0.5909,48,0.9230769230769231,1.2121,0.9793943563823687
CUST534,1636.46,545.4867,61.8952,3,943.74,314.58,186,62.0,1.7321,8.7929,0.8831,8.1186,9.7925,5.0767,0.2501,3,2,2022-01-31,2022-11-07,692.72,0.423303960988964,545.4866666666667,0.10043330414311548,0.027937096774193548,280,93.33333333333333,4,1.0,1,9.3838,1.3843,8.1186,11.1563,260.8816,65.2204,6.5942,0.75,3,0.75,1.0,0.14752019437754427
CUST535,21563.42,513.4148,499.9457,42,10053.32,239.3648,106769,2542.119,2258.8403,176.3908,439.8371,0.03,1612.8,89.1782,244.4443,7,29,2022-02-03,2024-01-04,11510.099999999999,0.5337789645612802,3080.488571428571,2.4935376448204782,0.8885659168591241,700,100.0,56,1.2821,2,207.6328,498.0934,0.03,1983.0196,218061.6944,2795.6627,2250.6634,0.5385,59,1.0535714285714286,1.2821,2.398914815000327
CUST536,83120.33,132.1468,355.3828,629,45964.04,73.0748,137892,219.2242,1292.7674,16.7332,89.2574,0.0083,1187.25,9.4136,49.5733,248,345,2022-01-06,2025-08-27,37156.29,0.44701807608319166,335.16262096774193,5.3341500729089475,5.897010457787051,1329,5.358870967741935,901,1.2083,2,20.7096,113.4478,0.0083,1747.2065,296369.7618,260.4304,1456.4934,0.5527,798,0.8856825749167592,1.2083,5.478029512882915
CUST537,13950.0,2325.0,2226.1941,6,8551.51,1425.2517,450000,75000.0,75564.5419,0.032,0.0015,0.03,0.033,0.0189,0.0003,4,1,2022-03-11,2024-08-05,5398.49,0.38698853046594983,3487.5,0.046875,1.0075272253333334,878,219.5,11,1.2667,2,0.0344,0.0034,0.03,0.0423,1119787.6136,74652.5076,64023.1543,0.4,9,0.8181818181818182,1.2667,0.09883720930232558
CUST538,14086.3,1280.5727,681.2283,11,10009.39,909.9445,236000,21454.5455,40354.2405,0.2811,0.1503,0.0145,0.3727,0.193,0.1138,10,3,2022-03-18,2025-07-22,4076.91,0.2894237663545431,1408.6299999999999,0.5346851654215581,1.880917985421784,1222,122.2,13,1.35,2,0.2639,0.1924,0.0145,0.5509,655031.7138,32751.5857,46803.1648,0.55,16,1.2307692307692308,1.35,0.7290640394088669
CUST539,393.5,393.5,0.0,1,231.93,231.93,2500,2500.0,0.0,0.1574,0.0,0.1574,0.1574,0.0928,0.0,1,1,2022-02-11,2022-02-11,161.57,0.4105972045743329,393.5,0.0,0.0,0,0.0,2,1.0,1,0.1628,0.0076,0.1574,0.1681,4542.547,2271.2735,323.4681,0.5,1,0.5,1.0,0.04668304668304668
CUST54,575391.83,204.0397,514.6594,2820,368201.0098,130.5677,23703,8.4053,20.1833,34.3079,64.3287,0.02,713.07,27.1905,68.6981,1820,90,2022-01-04,2025-09-08,207190.82019999996,0.3600864826321917,316.1493571428571,1.8750404425802805,2.4012587296110786,1343,0.737912087912088,4110,1.2219,2,36.5619,69.1918,0.02,998.6841,44507.3169,8.4262,20.2922,0.5339,3632,0.883698296836983,1.2219,1.8924563548393272
CUST540,12663.3,15.3123,29.8348,827,8613.76,10.4157,3185,3.8513,3.6067,6.3325,15.7963,0.275,142.28,4.3893,12.3301,175,46,2022-01-14,2025-09-05,4049.539999999999,0.31978552194135806,72.36171428571429,2.4944808527437825,0.9364889777477734,1330,7.6,1243,1.2289,2,6.8347,17.1967,0.275,211.3375,6066.0522,3.7631,3.5038,0.513,1077,0.8664521319388576,1.2289,2.51608702649714
CUST541,10206.86,82.3134,130.9328,124,5934.64,47.86,4629,37.3306,26.8818,13.8099,43.7807,0.0136,263.55,8.8776,29.9027,32,54,2022-03-14,2024-08-02,4272.22,0.4185635935047605,318.964375,3.170240190008617,0.7201009359613829,872,27.25,194,1.2146,2,16.5044,53.2317,0.0136,320.3787,9214.9418,37.3075,26.042,0.502,157,0.8092783505154639,1.2146,3.2253035554155254
CUST542,52479.45,5831.05,1227.614,9,14.7253,1.6361,1163,129.2222,27.1743,45.1215,0.093,45.0067,45.3048,0.0129,0.0034,9,1,2022-01-31,2025-08-29,52464.7247,0.9997194082636156,5831.049999999999,0.0020611016920980023,0.21029126574226412,1306,145.11111111111111,10,1.3333,2,50.0412,7.053,45.0067,63.881,1935.5768,129.0385,24.1882,0.6,13,1.3,1.3333,0.1409438622574998
CUST543,25000.0,25000.0,0.0,1,0.01,0.01,1,1.0,0.0,25000.0,0.0,25000.0,25000.0,0.01,0.0,1,1,2022-08-09,2022-08-09,24999.99,0.9999996000000001,25000.0,0.0,0.0,0,0.0,1,1.0,1,25000.0,0.0,25000.0,25000.0,1.0,1.0,0.0,1.0,1,1.0,1.0,0.0
CUST544,11467.02,254.8227,326.6147,45,6788.5,150.8556,28635,636.3333,661.993,1.2482,2.1223,0.04,13.57,0.7042,1.4354,11,17,2022-02-09,2025-09-03,4678.52,0.40799789308817813,1042.4563636363637,1.7002884153180582,1.0403243080316558,1302,118.36363636363636,66,1.2326,2,1.4125,2.2883,0.04,15.1947,58366.6229,678.6817,671.1089,0.5233,57,0.8636363636363636,1.2326,1.6200353982300884
CUST545,17695.49,842.6424,480.106,21,9440.81,449.5624,4952,235.8095,656.6003,185.7087,148.2492,0.0288,329.96,101.2669,80.6781,21,4,2022-04-21,2025-08-11,8254.680000000002,0.46648496311772103,842.642380952381,0.7982889331517586,2.7844522803364575,1208,57.523809523809526,38,1.1556,2,179.2683,163.0762,0.0288,434.5381,12021.0975,267.1355,680.1721,0.4667,26,0.6842105263157895,1.1556,0.9096767247750996
CUST546,3841.2,3841.2,0.0,1,3841.2,3841.2,1,1.0,0.0,3841.2,0.0,3841.2,3841.2,3841.2,0.0,1,1,2023-03-31,2023-03-31,0.0,0.0,3841.2,0.0,0.0,0,0.0,2,1.0,1,4035.7738,275.1689,3841.2,4230.3475,2.1763,1.0882,0.1247,0.5,1,0.5,1.0,0.06818243876800033
CUST547,27456.96,137.2848,182.5489,200,8885.72,44.4286,103168,515.84,452.6844,1.9041,8.6483,0.011,107.46,0.9141,4.2684,75,30,2022-01-19,2025-09-04,18571.239999999998,0.6763764087502767,366.0928,4.541935822698388,0.8775674627791562,1324,17.653333333333332,298,1.226,2,2.0678,9.1356,0.011,114.775,196100.3921,509.3517,452.4754,0.5195,257,0.8624161073825504,1.226,4.418028822903569
CUST548,8082.11,80.8211,204.7885,100,4008.07,40.0807,13705,137.05,401.6283,3.5186,14.9049,0.0898,87.44,2.2813,10.5901,99,16,2022-02-15,2025-08-28,4074.0399999999995,0.5040812362118308,81.63747474747474,4.2360313761155,2.9305238963881792,1290,13.030303030303031,141,1.2253,2,5.0739,18.7275,0.0898,98.065,26544.1534,145.847,427.2714,0.5495,131,0.9290780141843972,1.2253,3.6909477916395668
CUST549,11023.2,551.16,379.8664,20,3300.0,165.0,11000,550.0,153.8968,0.9484,0.4014,0.5455,1.5394,0.3,0.0,20,1,2022-01-12,2025-06-05,7723.200000000001,0.700631395602003,551.1600000000001,0.42323913960354276,0.27981236363636364,1240,62.0,27,1.129,2,0.9646,0.4099,0.5455,2.005,16814.7062,542.4099,148.0441,0.6452,23,0.8518518518518519,1.129,0.42494298154675514
CUST55,315763.62,380.897,523.8892,829,212486.83,256.317,612565,738.9204,2467.4123,28.3385,60.7505,0.0009,519.74,20.9824,46.04,386,100,2022-01-05,2025-08-27,103276.79000000001,0.32706994554977553,818.0404663212435,2.1437443760255483,3.3392125863624824,1330,3.4455958549222796,1221,1.2138,2,30.3539,67.5781,0.0009,581.7845,1080391.5739,695.6803,2002.8416,0.5338,1064,0.8714168714168714,1.2138,2.2263399431374555
CUST550,3971237.11,3687.3139,4536.4955,1077,2393987.48,2222.8296,1905519,1769.2841,3755.9047,44.8224,585.5114,0.14,18054.76,34.2787,502.4634,197,102,2022-01-04,2025-09-04,1577249.63,0.3971683347811987,20158.564010152284,13.062919433140571,2.1228386667805355,1339,6.7969543147208125,1576,1.2194,2,47.4141,499.1753,0.14,18054.76,3665769.2976,1815.6361,3898.9769,0.5334,1384,0.8781725888324873,1.2194,10.527992727901616
CUST551,322570.74,266.8079,1571.2173,1209,170092.68,140.6887,597442,494.1621,2243.3124,1.2707,24.4309,0.0534,850.0,1.0085,24.4377,90,164,2022-01-05,2023-02-07,152478.06,0.472696500618748,3584.119333333333,19.22633194302353,4.5396285955559925,398,4.4222222222222225,1787,1.2207,2,0.9803,17.7402,0.0534,850.0,1101879.7047,480.5406,2331.06,0.5273,1552,0.868494683827644,1.2207,18.096705090278487
CUST552,6706.04,447.0693,526.0511,15,57406.1,3827.0733,172,11.4667,22.5828,121.3454,78.2659,14.878,220.0,3667.2265,13704.5417,14,7,2022-02-04,2022-10-26,-50700.06,-7.56035752843705,479.0028571428571,0.6449844823124733,1.9694245074868968,264,18.857142857142858,22,1.2667,2,124.7164,83.4212,14.878,266.4738,204.8685,6.8289,16.4282,0.5,21,0.9545454545454546,1.2667,0.6688871712140505
CUST553,871.45,124.4929,61.4329,7,462.49,66.07,9348,1335.4286,2096.0238,24.2928,29.323,0.0148,68.35,13.5177,16.8895,3,6,2022-02-02,2022-06-29,408.96000000000004,0.4692868208158816,290.48333333333335,1.207065467957584,1.5695513784862778,147,49.0,11,1.2143,2,16.9116,22.3498,0.0148,68.35,24538.6141,1752.7581,2362.8979,0.5,9,0.8181818181818182,1.2143,1.3215662622105535
CUST554,338354.13,1859.0886,4741.5684,182,207381.87,1139.4608,142317,781.9615,1220.648,207.3713,2284.0143,0.0145,30600.0,154.0012,1617.5985,58,66,2022-01-05,2025-09-03,130972.26000000001,0.38708633466362596,5833.691896551724,11.014129245464536,1.5610077989773152,1337,23.051724137931036,267,1.2101,2,356.3227,3292.4585,0.0145,38775.4925,280506.9313,829.9022,1278.8858,0.5385,231,0.8651685393258427,1.2101,9.240103142460473
CUST555,5593.6,61.4681,28.9179,91,3094.22,34.0024,973,10.6923,18.075,44.8753,21.7141,5.24,141.83,24.6611,11.5522,26,9,2022-01-11,2023-05-17,2499.3800000000006,0.4468285183066362,215.13846153846154,0.48387643090965404,1.6904688420639151,491,18.884615384615383,130,1.2121,2,50.8166,25.7111,5.24,160.3981,1595.8637,9.6719,17.6037,0.5515,115,0.8846153846153846,1.2121,0.5059586827926307
CUST556,306.38,153.19,0.0,2,188.4,94.2,4,2.0,0.0,76.595,0.0,76.595,76.595,47.1,2.7153,1,1,2022-01-03,2022-01-17,117.97999999999999,0.38507735491872835,306.38,0.0,0.0,14,14.0,2,1.0,1,76.595,0.0,76.595,76.595,4.0,2.0,0.0,1.0,2,1.0,1.0,0.0
CUST557,1373.4,76.3,41.6087,18,1047.62,58.2011,452,25.1111,26.6235,49.8347,25.1115,20.32,104.63,36.0461,11.0412,7,4,2022-07-14,2023-09-27,325.7800000000002,0.23720693170234466,196.20000000000002,0.5038958797785479,1.060228345233781,440,62.857142857142854,29,1.2162,2,54.6049,31.3933,20.32,134.9728,827.2083,22.357,24.9051,0.4865,22,0.7586206896551724,1.2162,0.5749172693293093
CUST558,6080.0,6080.0,0.0,1,3664.0,3664.0,8000,8000.0,0.0,0.76,0.0,0.76,0.76,0.458,0.0,1,1,2022-01-05,2022-01-05,2416.0,0.3973684210526316,6080.0,0.0,0.0,0,0.0,1,1.0,1,0.76,0.0,0.76,0.76,8000.0,8000.0,0.0,1.0,1,1.0,1.0,0.0
CUST559,65275.4,183.3579,99.0974,356,44440.62,124.8332,180278,506.3989,849.5242,86.4347,82.7142,0.44,264.16,60.1594,55.6657,165,8,2022-01-06,2025-09-03,20834.78,0.3191827242728501,395.60848484848486,0.9569559447768083,1.6775790784695621,1336,8.096969696969698,512,1.2135,2,96.8982,87.7452,0.44,325.8945,311437.8144,478.3991,782.2018,0.5469,461,0.900390625,1.2135,0.9055400409914734
CUST56,1533163.16,183.6343,1239.7863,8349,1035996.28,124.0863,6408179,767.5385,7546.029,27.276,58.2462,0.004,1715.88,19.4787,41.1907,1277,213,2022-01-04,2025-09-08,497166.8799999999,0.32427525847933886,1200.5976194205168,2.1354377474703035,9.831466434582762,1343,1.0516836335160533,12208,1.2209,2,29.0507,60.6615,0.004,1715.88,10668972.3627,680.8534,6308.0789,0.5328,10710,0.8772935779816514,1.2209,2.0881252431094603
CUST560,2349.18,293.6475,320.9696,8,1929.68,241.21,13553,1694.125,1764.4112,93.6608,190.9374,0.0019,528.32,84.2754,171.8551,7,7,2025-05-12,2025-07-16,419.4999999999998,0.17857294885875064,335.59714285714284,2.038605264956097,1.0414882018741238,65,9.285714285714286,11,1.2143,2,110.2208,200.7206,0.0019,560.5186,26354.7564,1882.4826,1795.9514,0.5714,10,0.9090909090909091,1.2143,1.8210773284171409
CUST561,70519.75,2518.5625,105.7198,28,47454.25,1694.7946,70000,2500.0,0.0,1.0074,0.0423,0.9355,1.0314,0.6779,0.0304,27,1,2022-05-11,2025-08-15,23065.5,0.3270785843682089,2611.8425925925926,0.041989279332936266,0.0,1192,44.148148148148145,38,1.24,2,1.0805,0.116,0.9355,1.4418,123812.3312,2476.2466,169.9879,0.56,35,0.9210526315789473,1.24,0.1073577047663119
CUST562,3139.67,78.4918,56.1461,40,1852.24,46.306,2589,64.725,79.8393,15.396,10.0708,3.875,43.56,9.116,5.2828,9,7,2022-02-21,2023-08-14,1287.43,0.4100526488452608,348.8522222222222,0.6541179527149908,1.2335156431054461,539,59.888888888888886,60,1.2,2,15.9769,10.594,3.875,43.56,5415.0781,72.201,84.0514,0.5333,50,0.8333333333333334,1.2,0.663082325106873
CUST563,2824.88,128.4036,96.9612,22,2006.4,91.2,749,34.0455,103.4746,103.5233,102.5445,0.1954,349.0,77.4831,84.1561,12,20,2022-01-19,2024-05-16,818.48,0.2897397411571465,235.40666666666667,0.9905451236581523,3.0393032853093653,848,70.66666666666667,29,1.1714,2,114.8373,116.7329,0.1954,497.4131,1263.8224,36.1092,98.7415,0.6286,26,0.896551724137931,1.1714,1.0165068318394808
CUST564,11490.67,1276.7411,966.9142,9,11481.37,1275.7078,1531,170.1111,192.0309,46.172,47.4447,2.4244,127.68,46.0037,47.6053,2,9,2022-06-14,2022-09-14,9.299999999999272,0.000809352283200133,5745.335,1.0275643246989516,1.1288557889520439,92,46.0,10,1.1667,2,35.6924,44.6854,2.4244,127.68,1564.4091,130.3674,178.8544,0.75,10,1.0,1.1667,1.251958400107586
CUST565,6358.55,489.1192,403.7786,13,3708.51,285.27,8853,681.0,1039.2032,2.9728,2.8057,0.127,7.1176,1.6908,1.6205,5,3,2022-04-13,2023-01-12,2650.04,0.4167679738305117,1271.71,0.94379036598493,1.5259958883994125,274,54.8,19,1.24,2,3.3987,3.1037,0.127,9.106,15313.762,612.5505,960.4105,0.52,17,0.8947368421052632,1.24,0.9132021066878513
CUST566,5885.39,99.7524,103.8373,59,4139.42,70.1597,3387,57.4068,92.6473,59.722,107.3884,0.05,399.0,47.1911,89.9699,28,39,2022-01-18,2025-08-21,1745.9700000000003,0.29666173354696973,210.19250000000002,1.7981380395834032,1.6138732693687856,1311,46.82142857142857,87,1.2301,2,68.6067,119.6677,0.05,455.6803,5719.2014,50.6124,84.1857,0.5221,76,0.8735632183908046,1.2301,1.7442567562643296
CUST567,387822.47,162.1331,444.0439,2392,212601.23,88.8801,184409,77.0941,153.4153,20.2785,226.8839,0.0024,10671.5,11.3223,97.094,796,589,2022-01-05,2025-09-02,175221.23999999996,0.45180785940536133,487.21415829145724,11.188396577656139,1.9899745894951755,1336,1.678391959798995,3469,1.2239,2,19.6531,173.3756,0.0024,10671.5,357302.3143,79.9334,165.4377,0.5351,3077,0.8869991351974632,1.2239,8.821794017228834
CUST568,79482.78,673.5829,739.3605,118,46534.84,394.3631,30219,256.0932,758.5548,38.8156,83.0614,0.0329,460.96,21.9085,48.2831,65,9,2022-01-03,2025-08-18,32947.94,0.4145292854628386,1222.812,2.139897360854914,2.9620263247911303,1323,20.353846153846153,168,1.2186,2,49.9705,108.8892,0.0329,517.6035,52012.9384,241.9206,739.8448,0.5488,154,0.9166666666666666,1.2186,2.1790696510941454
CUST569,216570.82,966.834,1527.151,224,133923.8,597.8741,133160,594.4643,452.7419,16.1114,29.3989,0.0622,149.155,9.4989,17.153,75,9,2022-01-03,2025-08-11,82647.02000000002,0.38161660005720077,2887.6109333333334,1.8247265911094008,0.7615964491055224,1316,17.546666666666667,333,1.2071,2,18.7984,35.2538,0.0622,201.7309,244518.4844,582.1869,439.7868,0.5333,287,0.8618618618618619,1.2071,1.8753617329134393
CUST57,338673.57,265.0028,645.7576,1278,274650.97,214.9069,73499,57.511,409.8503,32.0552,33.0941,0.0111,299.0,25.8329,27.5701,781,93,2022-01-05,2025-03-07,64022.600000000035,0.18903925688680115,433.6409346991037,1.0324097182360428,7.126467980038601,1157,1.4814340588988477,1871,1.2204,2,34.0296,34.1704,0.0111,316.6527,131303.8499,54.7099,344.0175,0.5325,1639,0.8760021378941742,1.2204,1.004137574347039
CUST570,47465.67,804.5029,437.8551,59,31628.69,536.0795,20472,346.9831,194.0475,2.6451,1.8513,0.4326,7.0569,1.68,0.7997,50,7,2022-01-11,2025-07-21,15836.98,0.3336512473120047,949.3134,0.6998979244641035,0.5592419342613517,1287,25.74,80,1.2233,2,3.0579,2.2291,0.4326,9.0917,35105.5312,340.8304,176.3325,0.5728,77,0.9625,1.2233,0.728964321920272
CUST571,375935.56,89.7007,120.6593,4191,167423.58,39.9484,1933994,461.4636,559.519,1.3054,9.0877,0.0367,194.635,0.7387,4.8577,606,104,2022-01-04,2025-09-04,208511.98,0.5546481955577707,620.3557095709571,6.961620959092999,1.2124878321930483,1339,2.2095709570957096,6046,1.2156,2,1.3603,10.1493,0.0367,276.3914,3545617.7002,459.9919,553.5603,0.5437,5355,0.8857095600396957,1.2156,7.461074762919944
CUST572,181.64,90.82,34.4644,2,124.92,62.46,13,6.5,7.7782,60.3638,77.536,5.5375,115.19,42.1375,54.3659,1,2,2023-05-03,2023-05-09,56.719999999999985,0.3122660207002862,181.64,1.2844784456909606,1.196646153846154,6,6.0,3,1.0,1,42.1993,63.212,5.5375,115.19,23.8737,7.9579,6.052,0.6667,2,0.6666666666666666,1.0,1.4979395392814574
CUST573,191030.84,1646.8176,1655.4732,116,124557.59,1073.7723,469433,4046.8362,7471.7637,39.5753,35.4022,0.031,204.8225,26.5353,25.2326,74,14,2022-01-05,2025-08-13,66473.25,0.34797130138777593,2581.497837837838,0.8945529155811832,1.8463222455111972,1316,17.783783783783782,171,1.2262,2,42.3545,40.3226,0.031,235.838,886388.3056,4010.8068,6900.6601,0.5249,148,0.8654970760233918,1.2262,0.9520263490302093
CUST574,6129.86,197.7374,100.2373,31,4917.02,158.6135,2774,89.4839,38.1758,149.5152,63.1978,2.12,222.595,125.2952,61.0196,30,5,2022-01-13,2024-09-04,1212.8399999999992,0.19785769984958862,204.32866666666666,0.42268478388819336,0.4266219956886099,965,32.166666666666664,42,1.1923,2,156.6903,66.9865,2.12,246.0158,4380.8048,84.2462,38.3956,0.5962,36,0.8571428571428571,1.1923,0.42750891408083336
CUST575,4364.32,436.432,756.6952,10,2864.7,286.47,1314,131.4,396.5642,348.429,785.9049,75.19,2584.21,243.405,618.5785,8,3,2022-02-18,2023-05-15,1499.62,0.34360908457674966,545.54,2.255566844321225,3.017992389649924,451,56.375,18,1.28,2,425.7747,877.2187,75.19,2880.0683,3928.6927,157.1477,421.094,0.4,12,0.6666666666666666,1.28,2.060288457721889
CUST576,886.35,147.725,29.9688,6,473.0,78.8333,2004,334.0,515.8814,147.725,29.9688,120.61,194.12,78.8333,15.621,6,2,2022-03-29,2022-09-27,413.35,0.4663507643707339,147.725,0.20286884413606365,1.5445550898203593,182,30.333333333333332,10,1.2857,2,160.5617,25.4328,120.61,194.12,4858.8214,347.0587,485.3263,0.4286,9,0.9,1.2857,0.15839892078870615
CUST577,113.96,56.98,2.7436,2,60.1,30.05,6,3.0,2.8284,56.98,2.7436,55.04,58.92,30.05,0.0,2,1,2022-11-11,2024-06-19,53.85999999999999,0.4726219726219726,56.98,0.04815022815022815,0.9428,586,293.0,3,1.25,2,63.5504,11.2045,55.04,80.0307,11.8719,2.968,2.347,0.5,3,1.0,1.25,0.17630888239885192
CUST578,4500.0,4500.0,0.0,1,450.0,450.0,1,1.0,0.0,4500.0,0.0,4500.0,4500.0,450.0,0.0,1,1,2022-01-05,2022-01-05,4050.0,0.9,4500.0,0.0,0.0,0,0.0,2,1.3333,2,5014.9382,502.821,4500.0,5504.6959,2.8286,0.9429,0.0989,0.3333,2,1.0,1.3333,0.10026464533501132
CUST579,628.25,104.7083,124.4043,6,467.6,77.9333,25,4.1667,7.7567,49.0193,32.7113,1.92,82.36,30.56,17.9679,3,6,2022-03-16,2022-12-07,160.64999999999998,0.2557103064066852,209.41666666666666,0.6673147107363835,1.8615931072551422,266,88.66666666666667,11,1.2143,2,46.0199,33.1783,1.92,82.36,32.22,2.3014,5.0945,0.4286,8,0.7272727272727273,1.2143,0.7209554996860054
CUST58,2904652.93,473.5332,764.8706,6134,2042710.5999,333.0144,23202874,3782.6661,8322.6938,2.5062,49.7069,0.0076,3799.2,1.5668,9.759,1541,257,2022-01-06,2025-09-02,861942.3301000001,0.2967453774589173,1884.9142959117457,19.833572739605774,2.2002189936880763,1335,0.8663205710577547,8877,1.2173,2,2.6925,54.9204,0.0076,4270.8206,43462926.2436,3832.0337,7185.6869,0.5408,7787,0.8772107694040779,1.2173,20.39754874651811
CUST580,28866.08,291.5766,238.9714,99,16859.87,170.3017,4733,47.8081,41.9185,8.6016,7.1923,1.7833,33.73,4.3492,2.3079,41,11,2022-01-05,2024-07-22,12006.210000000003,0.41592796805108284,704.0507317073171,0.8361583891369049,0.8768074865974594,929,22.658536585365855,152,1.2042,2,8.8168,7.3865,1.7833,42.6403,8768.9702,45.9108,42.2771,0.5183,122,0.8026315789473685,1.2042,0.8377756101987115
CUST581,49358.39,147.7796,192.0274,334,34789.89,104.1613,10674,31.9581,188.4282,88.1921,139.7643,0.016,967.0,66.565,114.2116,129,197,2022-01-10,2024-10-31,14568.5,0.29515752033240955,382.6231782945736,1.5847711983272879,5.896101457846368,1025,7.945736434108527,478,1.229,2,92.827,140.3562,0.016,967.0,19752.3278,31.8586,194.4145,0.5387,422,0.8828451882845189,1.229,1.512019132364506
CUST582,725.88,181.47,22.9869,4,475.24,118.81,792,198.0,4.0,0.9156,0.1046,0.825,1.0062,0.5995,0.0629,4,1,2022-09-28,2024-08-29,250.64,0.3452912327106409,181.47,0.11424202708606379,0.020202020202020204,701,175.25,6,1.0,1,0.942,0.1018,0.825,1.0678,1138.6721,189.7787,16.0322,0.6667,4,0.6666666666666666,1.0,0.10806794055201699
CUST583,78287.77,1565.7554,1215.5245,50,43703.67,874.0734,4926,98.52,86.5427,50.5543,63.8371,0.2319,218.75,27.0533,32.6775,39,6,2022-02-10,2025-08-26,34584.100000000006,0.4417561006016649,2007.378717948718,1.2627432285680942,0.878427730410069,1293,33.15384615384615,73,1.2151,2,62.5704,70.2162,0.2319,233.8564,8513.8203,91.5465,82.5252,0.5376,65,0.8904109589041096,1.2151,1.1221951593724828
CUST584,1926475.06,20067.4485,35437.7462,96,1740457.58,18129.7665,27112,282.4167,483.0846,334.7396,2593.2354,0.77,25477.2,391.0033,3244.3143,52,9,2023-06-06,2025-09-02,186017.47999999998,0.09655846777481769,37047.59730769231,7.747023059118193,1.7105383640556668,819,15.75,136,1.2047,2,221.1532,1942.8814,0.77,25477.2,48158.835,281.6306,468.102,0.5614,124,0.9117647058823529,1.2047,8.785228520319851
CUST585,9505.6,279.5765,143.0266,34,5496.9,161.6735,65000,1911.7647,287.9022,0.1459,0.0686,0.0898,0.3368,0.0832,0.0432,17,2,2023-06-07,2025-06-11,4008.7000000000007,0.4217198283117321,559.1529411764706,0.4701850582590815,0.15059499738644613,735,43.23529411764706,45,1.1,2,0.1503,0.071,0.0898,0.4119,95443.805,1908.8761,327.6039,0.68,39,0.8666666666666667,1.1,0.47238855622089154
CUST586,6892.63,299.6796,59.3802,23,4419.68,192.16,45000,1956.5217,474.654,154.7444,9.0721,129.9333,165.5,98.913,18.5996,21,1,2022-04-11,2025-08-22,2472.95,0.35878177125422367,328.2204761904762,0.0586263541685515,0.24260093818535208,1229,58.523809523809526,39,1.2642,2,166.7071,20.2647,129.9333,218.0383,109482.0438,2065.6989,543.5364,0.434,31,0.7948717948717948,1.2642,0.1215587098569887
CUST587,2392.18,341.74,113.4344,7,1503.58,214.7971,43,6.1429,2.1931,56.5674,3.7184,50.985,63.195,34.8389,1.7198,6,3,2022-01-10,2022-12-06,888.5999999999999,0.37146034161308933,398.69666666666666,0.0657339739850161,0.3570137882758957,330,55.0,9,1.1818,2,59.2355,4.9042,50.985,66.5997,70.6622,6.4238,1.8872,0.6364,8,0.8888888888888888,1.1818,0.08279156924479408
CUST588,6048.74,241.9496,198.9496,25,2511.2,100.448,3545,141.8,92.7901,2.138,1.1552,0.322,2.94,0.879,0.5634,10,3,2022-01-10,2025-08-14,3537.54,0.5848391565846771,604.874,0.5403180542563143,0.6543730606488011,1312,131.2,40,1.2593,2,2.3672,1.229,0.322,4.1021,7941.3338,147.0617,93.2384,0.463,36,0.9,1.2593,0.5191787766137209
CUST589,1305.45,72.525,70.0682,18,713.34,39.63,254,14.1111,18.3235,43.7633,75.0975,0.3116,256.65,26.713,45.21,8,16,2022-03-22,2024-10-08,592.11,0.45356773526370214,163.18125,1.7159926239566028,1.298516770485646,931,116.375,25,1.2188,2,36.8938,68.1097,0.3116,256.65,461.5887,14.4246,18.6807,0.5625,23,0.92,1.2188,1.846101512991343
CUST59,285.64,95.2133,22.8746,3,158.78,52.9267,3,1.0,0.0,95.2133,22.8746,76.8,120.82,52.9267,3.0252,2,2,2022-03-30,2024-03-20,126.85999999999999,0.44412547262288193,142.82,0.2402458480065285,0.0,721,360.5,4,1.0,1,96.5402,18.8646,76.8,120.82,3.8867,0.9717,0.0567,0.75,3,0.75,1.0,0.19540668032591604
CUST590,131637.89,2861.6933,3061.768,46,107967.35,2347.1163,159,3.4565,2.9792,2857.0488,3066.0993,42.36,6359.0,2343.887,2530.4117,26,5,2022-02-03,2025-09-03,23670.540000000008,0.17981555310556865,5062.99576923077,1.0731700837591573,0.8619123390713149,1308,50.30769230769231,65,1.2442,2,2283.7033,3053.0029,42.36,8205.952,337.8258,3.9282,2.9347,0.5349,60,0.9230769230769231,1.2442,1.336864950889198
CUST591,9700.55,102.1111,95.8852,95,4264.87,44.8934,14139,148.8316,114.8526,1.0786,2.4189,0.0413,22.807,0.5732,1.8035,16,38,2022-03-07,2025-08-19,5435.679999999999,0.5603476091561819,606.284375,2.2426293343222694,0.7716949895049169,1261,78.8125,138,1.2023,2,0.9958,1.8834,0.0413,22.807,27080.2363,156.5332,119.9591,0.5491,121,0.8768115942028986,1.2023,1.8913436433018678
CUST592,118438.84,2467.4758,2548.2581,48,104009.15,2166.8573,1034,21.5417,10.3162,108.4029,98.3669,17.9,278.48,93.5932,89.4845,10,3,2022-01-24,2025-06-11,14429.690000000002,0.12183241578522723,11843.884,0.9074194509556479,0.47889442337419985,1234,123.4,71,1.1932,2,120.0353,105.8823,17.9,336.333,1801.0304,20.4663,9.5742,0.5455,57,0.8028169014084507,1.1932,0.8820930176373116
CUST593,73.76,36.88,0.8768,2,66.38,33.19,2,1.0,0.0,36.88,0.8768,36.26,37.5,33.19,0.792,2,2,2022-01-12,2022-02-17,7.38000000000001,0.1000542299349242,36.88,0.023774403470715834,0.0,36,18.0,2,1.0,1,36.88,0.8768,36.26,37.5,2.0,1.0,0.0,1.0,2,1.0,1.0,0.023774403470715834
CUST594,36.26,36.26,0.0,1,32.63,32.63,1,1.0,0.0,36.26,0.0,36.26,36.26,32.63,0.0,1,1,2022-02-16,2022-02-16,3.6299999999999955,0.10011031439602856,36.26,0.0,0.0,0,0.0,1,1.0,1,36.26,0.0,36.26,36.26,1.0,1.0,0.0,1.0,1,1.0,1.0,0.0
CUST595,56389.49,2088.4996,1409.6888,27,31681.72,1173.397,720,26.6667,15.787,74.6194,15.9197,46.065,97.403,42.0975,6.3903,18,1,2022-03-21,2025-08-12,24707.769999999997,0.4381626788963688,3132.749444444444,0.21334532306611956,0.5920117599853001,1240,68.88888888888889,38,1.1915,2,78.0757,19.088,46.065,138.2238,1270.3733,27.0292,15.1891,0.5745,33,0.868421052631579,1.1915,0.24448067708646867
CUST596,3195.55,145.2523,149.513,22,2488.67,113.1214,554,25.1818,60.4063,120.3552,128.5597,0.0417,449.0,94.337,106.5713,9,22,2022-04-22,2025-06-27,706.8800000000001,0.22120761684217116,355.06111111111113,1.0681690529366408,2.398807869175357,1162,129.11111111111111,31,1.2791,2,126.37,130.3583,0.0417,449.0,924.0854,21.4904,53.8174,0.5116,31,1.0,1.2791,1.031560496953391
CUST597,839.52,119.9314,96.9985,7,592.46,84.6371,16,2.2857,1.6036,50.4932,15.8353,27.72,70.65,32.2957,16.0164,4,5,2022-06-22,2024-10-01,247.05999999999995,0.29428721174004185,209.88,0.31361252604311074,0.7015793848711555,832,208.0,11,1.2143,2,54.1802,16.5176,27.72,75.3682,30.4602,2.1757,1.4977,0.5,8,0.7272727272727273,1.2143,0.3048641385598429
CUST598,1220.99,152.6238,94.028,8,946.27,118.2838,21,2.625,1.8468,61.1836,6.4478,49.3267,65.59,45.0406,2.4557,4,2,2022-05-03,2023-06-30,274.72,0.22499774772930164,305.2475,0.1053844494276244,0.7035428571428571,423,105.75,11,1.2667,2,64.4294,8.6235,49.3267,86.1148,42.6034,2.8402,1.8146,0.5333,11,1.0,1.2667,0.1338441767267738
CUST599,13767.27,199.5257,152.4577,69,7449.2,107.9594,813,11.7826,9.1633,17.0662,2.5173,9.846,19.7075,9.1018,0.9327,29,4,2022-02-11,2025-06-04,6318.070000000001,0.4589195969861854,474.7334482758621,0.1475020801350037,0.777697621917064,1209,41.689655172413794,97,1.2481,2,18.4153,3.3104,9.846,27.6131,1547.4946,11.9961,8.528,0.5349,92,0.9484536082474226,1.2481,0.179763566165091
CUST6,751958.66,159.3808,1018.6792,4718,519180.44,110.0425,1073840,227.6049,878.7047,24.7307,39.3845,0.0046,684.85,19.6468,31.3938,1441,346,2022-01-06,2025-09-08,232778.22000000003,0.30956252302486953,521.8311311589174,1.5925347847007971,3.8606580965524033,1341,0.9306037473976405,6847,1.2191,2,26.624,43.3456,0.0046,976.9292,2031759.7056,231.7244,889.1691,0.5381,6060,0.8850591499926975,1.2191,1.6280649038461539
CUST60,4638.3,515.3667,338.9078,9,2921.4,324.6,720,80.0,50.9117,61.2108,32.7466,5.2542,88.6783,37.8956,20.2596,3,2,2022-01-07,2023-02-07,1716.9,0.3701571696526745,1546.1000000000001,0.5349807550301581,0.63639625,396,132.0,12,1.25,2,72.8628,36.3559,5.2542,125.0271,1265.4467,79.0904,46.5719,0.5625,11,0.9166666666666666,1.25,0.49896380594761663
CUST600,4510.15,118.6882,110.6768,38,3043.67,80.0966,184,4.8421,3.7019,30.6462,62.8681,2.5,399.0,22.415,55.5654,15,17,2022-02-18,2025-03-26,1466.4799999999996,0.32515104819130175,300.6766666666666,2.05141583622113,0.7645236570909316,1132,75.46666666666667,50,1.2188,2,26.7214,49.0248,2.5,399.0,318.6999,4.9797,3.5965,0.5938,47,0.94,1.2188,1.834664351418713
CUST601,14155.94,123.0951,111.1991,115,9164.74,79.6934,206,1.7913,1.3145,75.8434,55.3988,9.298,289.03,49.7095,38.0969,36,77,2023-12-29,2025-05-14,4991.200000000001,0.3525869705579425,393.22055555555556,0.7304366629133188,0.7338245966616425,502,13.944444444444445,173,1.2412,2,85.8217,63.3396,9.298,305.8325,415.3839,1.8219,1.3739,0.5044,157,0.9075144508670521,1.2412,0.7380371164868558
CUST602,228302.68,4227.8274,7534.9965,54,160321.84,2968.923,110388,2044.2222,4899.9728,260.1007,1239.4543,0.0405,8274.33,182.4623,888.2497,29,24,2022-01-31,2025-08-15,67980.84,0.2977662811492182,7872.506206896552,4.765286291040355,2.3969863941405194,1292,44.55172413793103,72,1.1724,2,174.9449,979.8391,0.0405,8274.33,189739.2109,2180.9105,4967.3956,0.6207,66,0.9166666666666666,1.1724,5.600844037179707
CUST603,659332.66,4920.393,14843.9462,134,366600.85,2735.8272,426699,3184.3209,8878.813,58.3947,49.2233,0.1793,175.64,41.2035,35.7579,121,17,2022-01-18,2025-09-02,292731.81000000006,0.4439819650371939,5449.030247933884,0.8429412258304264,2.788290903721418,1323,10.933884297520661,204,1.2444,2,62.9946,56.4219,0.1793,221.0329,923478.6529,3420.2913,8970.8853,0.4963,177,0.8676470588235294,1.2444,0.8956624853558877
CUST604,6654.63,739.4033,1201.3271,9,4126.66,458.5178,2075,230.5556,436.2878,44.0656,104.723,1.8777,322.78,34.3994,82.9354,7,7,2022-01-20,2024-01-29,2527.9700000000003,0.37988137582405035,950.6614285714286,2.376524999092262,1.892332261719082,739,105.57142857142857,13,1.2353,2,47.7734,111.9214,1.8777,365.3385,5124.6457,301.4497,462.8405,0.5294,13,1.0,1.2353,2.3427555920240133
CUST605,3483.83,75.7354,101.1872,46,2548.27,55.3972,2651,57.6304,97.7085,48.8048,75.8165,0.0148,249.0,37.5613,61.5016,6,46,2022-03-22,2023-11-30,935.56,0.2685435282433414,580.6383333333333,1.5534640035406355,1.6954333129737083,618,103.0,69,1.2247,2,64.0493,94.9074,0.0148,339.4405,5877.7756,66.0424,99.9138,0.5169,60,0.8695652173913043,1.2247,1.4817866861932916
CUST606,9464.39,139.1822,147.3889,68,3835.55,56.4051,7412,109.0,155.352,18.8307,58.9192,0.0787,319.0,13.874,46.7315,23,36,2022-04-08,2025-05-13,5628.839999999999,0.5947388051422225,411.4952173913043,3.1288905882415414,1.4252477064220184,1131,49.17391304347826,91,1.2018,2,18.1986,64.4558,0.0787,473.7888,12808.6569,112.3566,143.4425,0.5965,84,0.9230769230769231,1.2018,3.541799918675063
CUST607,781.88,45.9929,75.9717,17,381.47,22.4394,450,26.4706,14.7484,18.0069,68.7819,0.056,284.82,11.3785,44.781,5,17,2022-02-14,2025-07-21,400.40999999999997,0.5121118330178543,156.376,3.819752428235842,0.557161530150431,1253,250.6,25,1.2188,2,22.3639,80.139,0.056,365.4586,900.2949,28.1342,15.8409,0.5312,21,0.84,1.2188,3.583408976073046
CUST608,3194.07,40.4313,48.0769,79,1537.99,19.4682,6166,78.0506,66.7703,0.6659,0.7011,0.0239,3.0277,0.331,0.3375,21,33,2022-01-04,2024-09-17,1656.0800000000002,0.5184858190333963,152.09857142857143,1.0528607899083946,0.8554745255001244,987,47.0,109,1.1985,2,0.679,0.7105,0.0239,3.0277,10314.5168,75.842,64.8911,0.5809,97,0.8899082568807339,1.1985,1.0463917525773196
CUST609,2272.84,22.958,70.8944,99,1394.7,14.0879,3435,34.697,36.3485,15.0452,70.5493,0.014,532.34,10.8743,54.2701,35,80,2022-03-21,2025-04-08,878.1400000000001,0.38636243642315343,64.93828571428571,4.6891566745540105,1.0475977750237773,1114,31.82857142857143,137,1.2303,2,17.0675,67.3159,0.014,532.34,5517.9965,31.0,34.1749,0.5562,127,0.927007299270073,1.2303,3.9440984326937163
CUST61,24742.8,105.2885,52.8893,235,12958.04,55.1406,2696,11.4723,35.2388,72.2403,46.7066,0.614,245.0,37.0799,21.5624,65,18,2022-01-05,2025-03-27,11784.759999999998,0.4762904764214236,380.65846153846155,0.6465449340603513,3.071642129302755,1177,18.107692307692307,328,1.1921,2,74.6338,49.5701,0.614,258.5391,5492.5135,13.5284,43.6951,0.5788,294,0.8963414634146342,1.1921,0.6641776246151208
CUST610,980.54,31.6303,36.5393,31,595.13,19.1977,1077,34.7419,49.6306,8.2516,17.5268,0.0931,58.77,5.1997,11.4034,13,23,2022-03-02,2024-08-12,385.40999999999997,0.3930589267138515,75.42615384615384,2.124048669348975,1.4285516911855713,894,68.76923076923077,43,1.2586,2,7.6583,16.8947,0.0931,81.2618,2078.8973,35.8431,51.6684,0.5345,41,0.9534883720930233,1.2586,2.2060640089837174
CUST611,14671.11,115.5206,136.227,127,9520.57,74.9651,4458,35.1024,54.4905,68.3716,96.2897,0.0185,419.0,46.4106,73.3896,58,87,2022-01-17,2025-06-27,5150.540000000001,0.3510668245279328,252.95017241379313,1.4083288967934053,1.5523297552304114,1257,21.67241379310345,195,1.2323,2,77.681,105.8646,0.0185,480.113,9220.1266,36.2997,55.9668,0.5,166,0.8512820512820513,1.2323,1.3628120132336092
CUST612,3817.82,272.7014,280.3811,14,2455.91,175.4221,20094,1435.2857,1862.8845,4.1039,11.82,0.1045,44.95,2.6198,7.5668,10,8,2024-08-01,2024-11-05,1361.9100000000003,0.3567245181805324,381.78200000000004,2.8801871390628424,1.297918943942659,96,9.6,19,1.1739,2,7.5199,16.4866,0.1045,51.2628,20916.9593,909.433,1582.0622,0.6087,16,0.8421052631578947,1.1739,2.192396175481057
CUST613,4153.34,56.8951,122.4732,73,1520.17,20.8242,2927,40.0959,61.0249,4.8516,10.1181,0.0225,46.49,2.0651,4.5518,20,59,2022-05-11,2025-07-10,2633.17,0.6339885489750418,207.667,2.0855181795696263,1.5219735683698334,1156,57.8,100,1.2424,2,5.4766,11.3659,0.0225,62.7434,6047.4622,45.8141,71.8378,0.553,99,0.99,1.2424,2.075356973304605
CUST614,1187.1,43.9667,51.5532,27,740.26,27.417,451,16.7037,25.9657,30.4912,53.5523,0.0633,210.77,20.4845,37.4039,10,26,2022-02-10,2022-09-12,446.8399999999999,0.3764131075730772,118.71,1.7563198562208113,1.554487927824374,214,21.4,38,1.1915,2,40.53,67.6822,0.0633,227.964,740.6662,15.7589,24.4536,0.5745,33,0.868421052631579,1.1915,1.6699284480631629
CUST615,1229.24,53.4452,88.1348,23,584.6,25.4174,678,29.4783,30.4017,3.6846,7.4909,0.1016,35.3467,1.9337,4.1359,8,23,2022-01-06,2023-11-30,644.64,0.5244215938303342,153.655,2.0330293654670792,1.0313247371795524,693,86.625,33,1.2143,2,3.1811,5.8519,0.1016,35.3467,1179.5229,28.0839,28.5339,0.5476,28,0.8484848484848485,1.2143,1.8395837917701423
CUST616,853.37,11.3783,14.3458,75,388.93,5.1857,2049,27.32,28.4947,2.3176,6.8389,0.0085,36.715,1.2228,3.8738,13,59,2022-04-18,2025-07-08,464.44,0.5442422395912676,65.64384615384616,2.950854332067656,1.0429978038067351,1177,90.53846153846153,111,1.1957,2,2.1706,6.0174,0.0085,36.715,3699.1157,26.8052,29.77,0.5435,94,0.8468468468468469,1.1957,2.772228876808256
CUST617,2849.19,56.9838,92.3173,50,2014.59,40.2918,814,16.28,19.2471,33.87,75.6593,0.016,449.0,25.5534,63.804,10,43,2022-01-04,2024-11-21,834.6000000000001,0.29292535773325057,284.919,2.2338145851786244,1.1822542997542997,1052,105.2,79,1.2617,2,29.8609,64.345,0.016,449.0,1849.4345,17.2844,19.6537,0.4673,68,0.8607594936708861,1.2617,2.154824536433932
CUST618,7909.57,208.1466,676.1116,38,6225.77,163.8361,107,2.8158,4.9476,88.0619,120.3589,3.85,599.0,67.1889,104.8871,9,37,2025-02-18,2025-08-26,1683.7999999999993,0.2128813576464965,878.8411111111111,1.3667533859705505,1.7570850202429151,189,21.0,67,1.2556,2,93.9486,103.7212,3.85,599.0,226.8373,2.5204,5.0903,0.4222,52,0.7761194029850746,1.2556,1.1040207091963052
CUST619,12723.22,117.8076,128.31,108,9794.82,90.6928,209,1.9352,5.0126,114.7309,129.9209,0.99,549.0,88.8007,106.7239,65,89,2022-01-18,2025-07-22,2928.3999999999996,0.23016186154133936,195.74184615384615,1.132396764951726,2.590223232740802,1281,19.70769230769231,164,1.2077,2,117.8448,141.109,0.99,604.5741,362.4841,1.7511,3.8695,0.5217,133,0.8109756097560976,1.2077,1.1974138867391688
CUST62,291.16,48.5267,23.5271,6,195.0,32.5,15,2.5,1.2247,39.1054,30.7342,18.84,78.78,26.0,20.1395,5,1,2022-03-04,2022-10-27,96.16000000000003,0.33026514631130655,58.232000000000006,0.7859323776255964,0.48988,237,47.4,10,1.1667,2,41.888,31.2969,18.84,89.9952,31.8715,2.656,1.0981,0.5,8,0.8,1.1667,0.7471567035905272
CUST620,1563.58,130.2983,129.3108,12,1074.0,89.5,12,1.0,0.0,130.2983,129.3108,24.99,399.0,89.5,94.4371,4,12,2022-03-24,2025-08-13,489.5799999999999,0.3131147750674733,390.895,0.9924212365011669,0.0,1238,309.5,21,1.1923,2,152.3194,143.6077,24.99,419.9613,25.738,0.9899,0.0542,0.4615,15,0.7142857142857143,1.1923,0.942806366096505
CUST621,2491.48,249.148,184.2945,10,1980.41,198.041,11,1.1,0.3162,221.149,149.8797,31.47,499.0,175.541,139.57,1,10,2025-09-03,2025-09-03,511.06999999999994,0.20512707306500552,2491.48,0.6777317555132513,0.2874545454545454,0,0.0,14,1.1765,2,260.4921,167.5624,31.47,556.329,19.3015,1.1354,0.3524,0.5882,13,0.9285714285714286,1.1765,0.643253288679388
CUST622,1122.49,74.8327,24.264,15,603.74,40.2493,20,1.3333,0.8165,62.2703,19.9933,7.84,80.2,33.102,9.3873,10,3,2022-02-18,2025-04-04,518.75,0.46214220171226467,112.249,0.32107280677947597,0.612390309757744,1141,114.1,20,1.2593,2,63.6423,23.1703,7.84,104.7541,44.4961,1.648,1.0448,0.5556,20,1.0,1.2593,0.3640707516855928
CUST623,3291.83,47.0261,143.8135,70,2177.9,31.1129,3542,50.6,113.9151,8.0963,30.2387,0.0338,226.5,5.7999,25.927,20,64,2022-02-25,2024-12-30,1113.9299999999998,0.33839232281132375,164.5915,3.7348788952978524,2.251286561264822,1039,51.95,102,1.2031,2,7.8293,31.6759,0.0338,246.4765,5759.2722,44.9943,97.3666,0.5469,91,0.8921568627450981,1.2031,4.045815079253573
CUST624,1022.3,46.4682,67.3195,22,340.27,15.4668,2300,104.5455,102.3271,0.7607,0.8516,0.031,2.9382,0.2584,0.2495,3,17,2022-05-25,2025-02-19,682.03,0.6671524992663602,340.76666666666665,1.119495201787827,0.9787805309649865,1001,333.6666666666667,36,1.2653,2,0.6733,0.6921,0.031,2.9382,4733.728,96.6067,96.593,0.449,32,0.8888888888888888,1.2653,1.0279221743650677
CUST625,6298.78,899.8257,1162.2204,7,3935.54,562.22,348,49.7143,60.4806,134.7968,113.545,11.3638,225.8308,83.8191,69.8289,6,3,2022-03-10,2022-11-22,2363.24,0.3751901161812287,1049.7966666666666,0.8423419547051563,1.2165634435162518,257,42.833333333333336,10,1.3333,2,145.5311,130.3921,11.3638,333.3188,683.354,45.5569,54.097,0.4667,12,1.2,1.3333,0.8959741251182737
CUST626,28.99,28.99,0.0,1,21.74,21.74,252,252.0,0.0,28.99,0.0,28.99,28.99,21.74,0.0,1,1,2022-10-19,2022-10-19,7.25,0.25008623663332186,28.99,0.0,0.0,0,0.0,2,1.0,1,30.8258,2.5962,28.99,32.6616,479.8284,239.9142,17.0919,0.5,1,0.5,1.0,0.0842216584808829
CUST627,701.98,13.2449,14.0823,53,303.89,5.7338,4409,83.1887,102.7203,0.4474,0.5529,0.0271,2.435,0.2165,0.3216,2,52,2022-12-12,2024-11-15,398.09000000000003,0.5670959286589362,350.99,1.2358068842199372,1.2347866957892117,704,352.0,75,1.1848,2,0.5465,0.6422,0.0271,2.6713,6672.815,72.5306,93.8922,0.5761,65,0.8666666666666667,1.1848,1.1751143641354072
CUST628,3641.51,88.8173,171.3892,41,2619.52,63.8907,3451,84.1707,186.4407,44.2023,78.7871,0.0196,332.99,32.9676,62.8089,21,31,2023-09-12,2025-08-20,1021.9900000000002,0.2806500600025814,173.4052380952381,1.7824208242557513,2.215030883668545,708,33.714285714285715,49,1.1552,2,36.3876,72.8879,0.0196,332.99,5242.6973,90.3913,176.6521,0.7069,48,0.9795918367346939,1.1552,2.0030972089393093
CUST629,3355.08,36.869,43.7391,91,1626.86,17.8776,7754,85.2088,68.8774,1.2473,3.322,0.0136,25.63,0.6461,1.7527,20,60,2022-01-20,2023-11-08,1728.22,0.5151054520309502,167.754,2.66335284213902,0.8083366976180864,657,32.85,128,1.2381,2,1.7019,4.0334,0.0136,28.9241,13867.4736,82.5445,68.541,0.5417,121,0.9453125,1.2381,2.3699394794053705
CUST63,72.37,18.0925,14.9456,4,64.85,16.2125,9,2.25,2.5,9.7675,3.8904,6.46,14.43,8.7125,3.6072,3,4,2022-03-08,2022-08-05,7.52000000000001,0.10391046013541536,24.123333333333335,0.3983004863066291,1.1111111111111112,150,50.0,5,1.1667,2,8.9822,3.2498,6.46,14.43,22.1408,3.6901,2.9762,0.6667,5,1.0,1.1667,0.3618044577052392
CUST630,12458.6,150.1036,168.1072,83,3452.23,41.5931,4293,51.7229,34.7918,5.7814,15.4742,0.1979,138.2917,1.4502,3.0971,22,16,2022-01-04,2025-08-12,9006.37,0.7229038575762927,566.3000000000001,2.676548932784447,0.6726575656044035,1316,59.81818181818182,118,1.1806,2,5.276,12.1944,0.1979,138.2917,7646.486,53.1006,34.7632,0.5764,99,0.8389830508474576,1.1806,2.3112964366944655
CUST631,11103.47,156.3869,183.2008,71,5994.81,84.4339,36492,513.9718,667.4691,46.9874,92.8528,0.0262,399.0,35.7775,77.8571,29,50,2022-02-01,2025-01-14,5108.659999999999,0.4600958078870839,382.87827586206896,1.9761212580393892,1.298649264414896,1078,37.172413793103445,111,1.1778,2,44.5916,92.0685,0.0262,450.8649,67406.0041,499.3037,640.7668,0.5259,86,0.7747747747747747,1.1778,2.064705011706241
CUST632,3864.69,227.3347,323.1509,17,2403.15,141.3618,686,40.3529,43.8562,27.0861,80.5771,1.85,338.67,19.2717,60.6167,10,9,2022-10-18,2025-08-12,1461.54,0.37817780986314553,386.469,2.9748505691110942,1.0868165608915346,1029,102.9,22,1.2414,2,48.9046,123.0903,1.85,474.193,1177.6637,40.6091,43.7283,0.5862,24,1.0909090909090908,1.2414,2.516947281032868
CUST633,2736.2,152.0111,228.7565,18,1612.54,89.5856,49,2.7222,2.3466,72.0537,94.883,1.79,284.3733,47.3772,68.0088,14,17,2022-02-10,2024-09-19,1123.6599999999999,0.41066442511512313,195.44285714285712,1.3168373032890746,0.8620233634560283,952,68.0,23,1.2069,2,67.295,90.289,1.79,305.9322,66.02,2.2766,2.015,0.6207,23,1.0,1.2069,1.3416895757485696
CUST634,20563.3,178.8113,192.6985,115,15681.06,136.357,3708,32.2435,136.5627,118.7318,133.5177,0.1192,699.0,92.5638,108.5719,54,73,2022-08-09,2025-09-08,4882.24,0.2374249269329339,380.80185185185184,1.1245319282618471,4.235355963217393,1126,20.85185185185185,167,1.1608,2,124.1365,133.212,0.1192,699.0,5938.8042,29.8432,127.8981,0.5779,140,0.8383233532934131,1.1608,1.0731090372291792
CUST635,16719.75,201.4428,186.2929,83,9852.55,118.7054,6078,73.2289,132.3293,21.843,33.1714,0.1559,180.51,13.014,22.4835,54,31,2022-01-10,2025-01-16,6867.200000000001,0.4107238445550921,309.625,1.5186283935356863,1.807063877785956,1102,20.40740740740741,122,1.2515,2,23.231,34.7955,0.1559,185.0319,13002.1573,79.7678,128.6929,0.5092,110,0.9016393442622951,1.2515,1.4978046575696267
CUST636,1180.45,7.1111,8.0777,166,906.41,5.4603,459,2.7651,2.9002,2.9698,2.6632,0.01,15.6933,2.1991,1.8055,33,33,2022-02-15,2025-09-08,274.0400000000001,0.2321487568300225,35.77121212121212,0.8967607246279209,1.048858992441503,1301,39.42424242424242,249,1.2267,2,3.1046,2.3881,0.01,15.6933,900.0272,2.7951,2.8847,0.5155,215,0.8634538152610441,1.2267,0.7692134252399665
CUST637,498.0,166.0,75.9408,3,424.32,141.44,802,267.3333,461.3029,141.0,112.2141,25.0,249.0,121.705,101.6243,2,3,2023-01-16,2023-05-23,73.68,0.14795180722891568,249.0,0.7958446808510639,1.7255721602957805,127,63.5,4,1.2,2,157.2504,136.5131,25.0,335.5396,1597.0588,319.4118,436.0083,0.6,4,1.0,1.2,0.868125613670935
CUST638,2684.18,34.8595,43.5255,77,1150.15,14.937,34847,452.5584,305.4263,0.3723,1.4471,0.0033,10.7271,0.1883,0.7782,9,44,2022-01-06,2022-07-11,1534.0299999999997,0.5715078720503095,298.2422222222222,3.886919151222133,0.6748881470325157,186,20.666666666666668,113,1.2467,2,0.2645,1.1242,0.0033,10.7271,69177.1052,461.1807,304.139,0.5133,98,0.8672566371681416,1.2467,4.250283553875237
CUST639,28852.6,140.7444,255.461,205,17688.86,86.2871,19354,94.4098,192.4279,19.3305,50.7413,0.0137,399.0,13.7219,41.3159,69,126,2022-01-14,2024-10-25,11163.739999999998,0.3869231888980542,418.1536231884058,2.624934688704379,2.03821954924171,1015,14.710144927536232,298,1.2178,2,19.4294,50.7211,0.0137,399.0,37676.032,98.8872,192.2476,0.5381,262,0.8791946308724832,1.2178,2.61053352136453
CUST64,2860158.93,468.8017,1184.697,6101,1971379.0497,323.1239,14850880,2434.1714,7505.0338,11.2233,29.358,0.0046,307.84,7.9477,22.0544,2036,198,2022-01-04,2025-09-08,888779.8803000001,0.31074492783518154,1404.79318762279,2.6158081847584937,3.083198578374555,1343,0.6596267190569745,8792,1.2129,2,11.5803,31.1591,0.0046,398.5315,26541332.3368,2376.1264,6854.5346,0.5462,7756,0.8821656050955414,1.2129,2.690698859269622
CUST640,3850.1,770.02,343.4526,5,1277.01,255.402,42000,8400.0,4979.9598,0.0987,0.0239,0.0813,0.1255,0.029,0.005,4,1,2023-07-14,2025-06-26,2573.09,0.6683177060336095,962.525,0.24214792299898685,0.5928523571428571,713,178.25,7,1.3636,2,0.0983,0.0175,0.0813,0.1255,130981.3149,11907.3923,6137.2783,0.4545,8,1.1428571428571428,1.3636,0.17802644964394712
CUST641,2346.29,69.0085,67.6009,34,1393.75,40.9926,1457,42.8529,71.7893,26.0456,46.9652,0.1208,216.49,17.2136,36.4808,13,26,2022-02-25,2023-10-17,952.54,0.4059770957554266,180.48384615384614,1.8031913259821237,1.6752495163687873,599,46.07692307692308,50,1.2188,2,29.115,42.6227,0.1208,216.49,2335.8719,36.498,63.4048,0.5312,45,0.9,1.2188,1.4639429847157823
CUST642,6927.86,1731.965,78.8233,4,3739.2,934.8,80,20.0,0.0,86.5983,3.9412,82.0,89.885,46.74,0.0,4,1,2022-02-17,2024-08-26,3188.66,0.46026622939840006,1731.965,0.045511286018316756,0.0,921,230.25,4,1.0,1,86.5983,3.9412,82.0,89.885,80.0,20.0,0.0,1.0,4,1.0,1.0,0.045511286018316756
CUST643,32510.48,445.349,863.0022,73,10124.24,138.6882,176160,2413.1507,3751.1289,4.6166,34.9544,0.035,299.0,3.3429,26.4616,16,53,2022-01-24,2024-06-14,22386.239999999998,0.6885853423265359,2031.905,7.571459515660876,1.5544528155659736,872,54.5,100,1.2248,2,2.92,26.3121,0.035,299.0,331316.4906,2568.3449,3987.3796,0.5659,95,0.95,1.2248,9.010993150684932
CUST644,141102.15,1932.9062,1390.5615,73,113806.84,1558.9978,69203,947.9863,682.7353,18.3933,2.3957,1.9545,23.0693,13.8246,2.3766,64,2,2022-01-04,2025-06-11,27295.309999999998,0.19344361513981181,2204.72109375,0.13024851440470173,0.7201953234978186,1254,19.59375,111,1.2071,2,19.7843,2.7384,1.9545,29.3977,136476.0217,974.8287,685.9205,0.5214,94,0.8468468468468469,1.2071,0.1384127818522768
CUST645,4479.28,213.299,82.5987,21,2187.36,104.16,55,2.619,0.9207,80.0983,11.8423,56.38,92.625,39.3987,7.9306,16,2,2022-02-24,2025-06-10,2291.9199999999996,0.5116715186369237,279.955,0.14784708289689044,0.3515463917525773,1202,75.125,31,1.225,2,84.4505,15.0979,56.38,115.9319,104.881,2.622,0.9689,0.525,29,0.9354838709677419,1.225,0.17877810078093082
CUST646,4909.16,49.5875,75.442,99,2522.29,25.4777,6726,67.9394,77.6557,5.953,16.2618,0.0002,78.6533,3.093,8.4638,52,62,2022-03-07,2025-08-29,2386.87,0.4862074163400663,94.40692307692308,2.731698303376449,1.1430142156097933,1271,24.442307692307693,145,1.2204,2,4.6932,13.4343,0.0002,78.6533,12331.7491,66.2997,79.8336,0.5323,131,0.903448275862069,1.2204,2.862503196113526
CUST647,3087.23,47.4958,72.6846,65,1793.96,27.5994,1021,15.7077,21.5702,25.2066,65.5256,0.0147,449.0,16.6503,52.8444,34,45,2022-01-27,2025-08-15,1293.27,0.4189095078759924,90.80088235294117,2.5995413899534245,1.3732245968537722,1296,38.11764705882353,95,1.181,2,29.848,73.218,0.0147,489.4964,1886.7191,16.2648,22.054,0.5603,83,0.8736842105263158,1.181,2.453028678638435
CUST648,1058.73,88.2275,80.9363,12,350.79,29.2325,1077,89.75,140.9759,2.2382,2.8793,0.1324,9.8083,0.6469,0.7509,8,12,2022-02-15,2024-09-04,707.94,0.6686690657674762,132.34125,1.2864355285497275,1.5707621169916435,932,116.5,19,1.1364,2,1.7497,2.4739,0.1324,9.8083,2052.0697,93.2759,116.6807,0.5455,14,0.7368421052631579,1.1364,1.4138995256329656
CUST649,3203.28,1067.76,0.0,3,2082.24,694.08,216,72.0,0.0,14.83,0.0,14.83,14.83,9.64,0.0,1,3,2022-03-21,2022-03-24,1121.0400000000004,0.34996628455832784,3203.28,0.0,0.0,3,3.0,3,1.25,2,15.7915,1.923,14.83,18.6761,288.0,72.0,0.0,0.75,4,1.3333333333333333,1.25,0.1217743722888896
CUST65,250570.16,123.3728,126.2503,2031,4710234.56,2319.1701,3424969,1686.3461,2742.2798,15.048,42.2533,0.0044,366.02,11.9474,58.6271,354,105,2022-01-06,2025-09-04,-4459664.399999999,-17.798066617349804,707.8253107344633,2.8079013822434877,1.6261666570106812,1337,3.7768361581920904,2908,1.2225,2,16.5628,45.5413,0.0044,417.2633,6285911.5893,1680.725,2701.3628,0.543,2628,0.9037138927097662,1.2225,2.7496135919047506
CUST650,1330547.59,178.5251,420.7301,7453,1159882.52,155.6263,15819055,2122.5084,3852.6223,0.3526,0.9406,0.0015,25.32,0.3011,0.7497,399,257,2022-01-03,2025-08-28,170665.07000000007,0.1282667912689993,3334.705739348371,2.667612024957459,1.8151269978483948,1333,3.3408521303258145,10807,1.2264,2,0.3757,1.0669,0.0015,30.099,29814062.0631,2134.149,3845.6383,0.5335,9645,0.8924770981771074,1.2264,2.8397657705616184
CUST651,141758.48,315.0188,620.771,450,97976.9,217.7264,548193,1218.2067,4125.2982,12.6356,31.6822,0.0055,262.67,10.0595,25.3342,157,155,2025-02-26,2025-09-05,43781.580000000016,0.3088462855978705,902.9202547770701,2.507375985311343,3.386369653031789,191,1.21656050955414,643,1.2272,2,13.8052,32.663,0.0055,300.8925,1077728.3709,1295.3466,4397.3449,0.5409,576,0.895800933125972,1.2272,2.3659925245559643
CUST652,7014.75,539.5962,788.9286,13,4838.26,372.1738,112,8.6154,4.9756,374.0965,445.6779,67.2,1209.765,253.9892,302.065,4,10,2022-01-10,2022-09-14,2176.49,0.3102733525784953,1753.6875,1.191344746609498,0.5775239687071988,247,61.75,19,1.2963,2,309.0619,399.3407,67.2,1209.765,256.7744,9.5102,4.5111,0.4815,19,1.0,1.2963,1.2921058855847325
CUST653,453.43,64.7757,18.4824,7,382.4,54.6286,1550,221.4286,48.795,3.7655,5.8987,0.248,12.4,3.6629,5.8331,7,1,2022-01-10,2022-02-22,71.03000000000003,0.15665042013100153,64.77571428571429,1.5665117514274334,0.22036448769490483,43,6.142857142857143,12,1.2941,2,3.5057,5.9274,0.248,16.7968,3858.3241,226.9602,45.87,0.4118,11,0.9166666666666666,1.2941,1.6907892860199103
CUST654,7787.75,222.5071,209.9251,35,4315.88,123.3109,912,26.0571,9.197,24.4174,50.9418,3.2614,218.04,13.0522,26.8896,12,8,2022-02-09,2025-04-14,3471.87,0.4458116914384771,648.9791666666666,2.0862909236855685,0.35295562437876815,1160,96.66666666666667,48,1.2258,2,24.3479,52.1101,3.2614,272.4232,1570.716,25.3341,9.5734,0.5645,45,0.9375,1.2258,2.1402297528739647
CUST655,43220.18,3324.6292,808.499,13,24107.97,1854.4592,548,42.1538,7.7658,81.4874,23.2672,53.7833,109.4118,45.6273,13.1414,11,2,2022-01-26,2023-10-13,19112.21,0.44220570113312807,3929.1072727272726,0.2855312600475656,0.18422538418837686,625,56.81818181818182,18,1.3077,2,96.8055,29.4145,53.7833,162.8789,1058.6091,40.7157,7.9567,0.5,19,1.0555555555555556,1.3077,0.30385153736099707
CUST656,12595.75,151.756,162.9813,83,9788.64,117.9354,1212,14.6024,56.8178,140.2353,164.8088,0.0202,1149.0,109.9556,136.9081,27,74,2022-04-27,2025-08-11,2807.1100000000006,0.22286167953476377,466.50925925925924,1.1752304876161708,3.8909905221059553,1202,44.51851851851852,121,1.2092,2,148.2463,187.6222,0.0202,1466.1849,2406.8867,15.7313,56.1675,0.5425,106,0.8760330578512396,1.2092,1.2656113508397848
CUST657,2700.83,158.8724,188.3267,17,2162.59,127.2112,17,1.0,0.0,158.8724,188.3267,1.56,599.0,127.2112,160.1392,11,17,2023-05-17,2025-07-18,538.2399999999998,0.1992868858832284,245.53,1.1853959529786167,0.0,793,72.0909090909091,22,1.1538,2,137.9057,159.4587,1.56,599.0,26.5738,1.0221,0.0534,0.6538,21,0.9545454545454546,1.1538,1.1562879561903532
CUST658,2101.55,55.3039,69.0375,38,1603.8,42.2053,441,11.6053,27.5313,48.5386,65.3484,0.0213,289.0,38.1319,53.2062,16,36,2022-03-09,2025-08-28,497.7500000000002,0.23684899241036386,131.346875,1.3463181879988297,2.3723040335019348,1268,79.25,54,1.2174,2,56.4093,70.7603,0.0213,332.0973,770.5036,11.1667,27.1096,0.5507,47,0.8703703703703703,1.2174,1.2544084042879453
CUST659,237.99,59.4975,29.1671,4,164.27,41.0675,22,5.5,5.1962,59.4975,29.1671,30.66,84.62,41.0675,25.5059,3,2,2022-02-04,2024-02-20,73.72,0.3097609143241313,79.33,0.49022395898987353,0.9447636363636364,746,248.66666666666666,7,1.125,2,54.8595,26.7912,30.66,91.1102,36.5806,4.5726,4.9425,0.5,5,0.7142857142857143,1.125,0.4883602657698302
CUST66,18647.33,76.4235,75.5386,244,9756.56,39.9859,6380,26.1475,82.9472,19.731,37.5168,0.06,213.12,10.1424,18.1928,40,59,2022-01-03,2025-07-11,8890.770000000002,0.47678514832954644,466.18325000000004,1.9014140185494908,3.172280332727794,1285,32.125,372,1.2102,2,21.841,40.2322,0.06,243.4492,15820.9603,33.5901,113.0428,0.518,312,0.8387096774193549,1.2102,1.842049356714436
CUST660,25041.86,569.1332,409.4564,44,14056.51,319.4661,49817,1132.2045,1938.3136,31.8084,50.2532,0.132,183.7,20.9447,38.7516,27,13,2022-01-04,2023-02-15,10985.35,0.43867947508691446,927.4762962962964,1.5798719835012136,1.711981890197398,407,15.074074074074074,65,1.2262,2,40.8322,63.6502,0.132,266.2311,80596.4993,959.4821,1754.6434,0.5238,58,0.8923076923076924,1.2262,1.5588236734733862
CUST661,646.61,49.7392,24.6221,13,373.82,28.7554,3194,245.6923,115.284,0.2621,0.1668,0.0339,0.58,0.1492,0.095,2,13,2022-01-13,2022-01-27,272.79,0.4218771748039777,323.305,0.6363983212514308,0.46922105413966986,14,7.0,17,1.15,2,0.2774,0.1603,0.0339,0.58,4926.2353,246.3118,108.8843,0.65,16,0.9411764705882353,1.15,0.5778658976207642
CUST662,1590.12,17.8665,19.1672,89,690.96,7.7636,8540,95.9551,66.4945,0.3648,0.5986,0.0146,3.387,0.1636,0.2638,12,61,2022-02-17,2024-02-05,899.1599999999999,0.5654667572258697,132.51,1.6408991228070176,0.6929751519200126,718,59.833333333333336,124,1.2201,2,0.397,0.6635,0.0146,4.2243,14965.8725,94.125,64.463,0.5597,116,0.9354838709677419,1.2201,1.671284634760705
CUST663,1397.89,30.3889,56.4621,46,483.65,10.5141,7575,164.6739,407.2733,0.5982,1.4571,0.0249,10.0,0.2435,0.9377,12,28,2022-02-07,2025-01-07,914.2400000000001,0.6540142643555645,116.49083333333334,2.4358074222668007,2.4732109945777685,1065,88.75,63,1.2222,2,0.9343,2.3075,0.0249,11.2448,11788.7367,145.54,377.3227,0.5679,60,0.9523809523809523,1.2222,2.469763459274323
CUST664,27.47,27.47,0.0,1,17.14,17.14,1,1.0,0.0,27.47,0.0,27.47,27.47,17.14,0.0,1,1,2022-01-10,2022-01-10,10.329999999999998,0.3760465962868583,27.47,0.0,0.0,0,0.0,2,1.0,1,28.3341,1.222,27.47,29.1981,1.9936,0.9968,0.0045,0.5,1,0.5,1.0,0.04312824476514165
CUST665,53.74,26.87,0.8485,2,33.95,16.975,2,1.0,0.0,26.87,0.8485,26.27,27.47,16.975,0.2333,1,2,2022-01-25,2022-01-25,19.79,0.36825455898771864,53.74,0.03157796799404541,0.0,0,0.0,6,1.3333,2,29.402,1.8937,26.27,32.9856,9.5504,1.0612,0.0643,0.2222,3,0.5,1.3333,0.06440718318481735
CUST666,36.42,36.42,0.0,1,32.45,32.45,3,3.0,0.0,12.14,0.0,12.14,12.14,10.8167,0.0,1,1,2023-04-06,2023-04-06,3.969999999999999,0.1090060406370126,36.42,0.0,0.0,0,0.0,1,1.0,1,12.14,0.0,12.14,12.14,3.0,3.0,0.0,1.0,1,1.0,1.0,0.0
CUST667,88993.13,74.3468,221.9903,1197,38973.72,32.5595,325768,272.1537,443.2463,0.8269,7.8748,0.0001,213.67,0.4546,5.5352,273,158,2022-01-03,2025-04-07,50019.41,0.5620592286168606,325.98216117216117,9.523279719434031,1.6286616716950753,1190,4.358974358974359,1724,1.2157,2,0.8403,7.571,0.0001,226.3579,595933.3677,271.1253,445.7064,0.5446,1540,0.8932714617169374,1.2157,9.009877424729263
CUST668,126.76,9.0543,4.9273,14,63.73,4.5521,1464,104.5714,61.741,0.2663,0.4432,0.0206,1.3642,0.1587,0.2944,1,14,2022-02-25,2022-02-25,63.03000000000001,0.49723887661722943,126.76,1.6642883965452497,0.5904195602239236,0,0.0,21,1.2222,2,0.2809,0.4621,0.0206,1.4247,2746.6106,101.7263,56.1241,0.5185,17,0.8095238095238095,1.2222,1.6450694197223212
CUST669,1053.1,39.0037,60.1801,27,737.32,27.3081,2084,77.1852,82.5423,31.3878,56.6348,0.0078,199.0,23.0621,43.1045,7,24,2022-05-19,2024-03-22,315.77999999999986,0.29985756338429387,150.44285714285712,1.8043571069014075,1.0694057928203853,673,96.14285714285714,37,1.2745,2,25.9643,53.1535,0.0078,199.0,4234.4937,83.0293,79.9723,0.5294,38,1.027027027027027,1.2745,2.0471763151712157
CUST67,129.29,129.29,0.0,1,56.32,56.32,1,1.0,0.0,129.29,0.0,129.29,129.29,56.32,0.0,1,1,2024-12-12,2024-12-12,72.97,0.564390130713899,129.29,0.0,0.0,0,0.0,1,1.5,2,139.5816,14.5545,129.29,149.8732,2.0,1.0,0.0,0.5,2,2.0,1.5,0.10427233962069499
CUST670,995.21,47.391,60.1822,21,509.69,24.271,693,33.0,29.7876,5.7655,9.9786,0.0176,44.08,3.3246,6.0758,6,18,2022-08-18,2024-06-06,485.52000000000004,0.4878568342359904,165.86833333333334,1.7307432139450176,0.9026545454545455,658,109.66666666666667,30,1.2308,2,7.6954,12.2644,0.0176,47.5997,1077.7842,27.6355,25.7809,0.5385,28,0.9333333333333333,1.2308,1.5937313200093561
CUST671,12526.4,77.8037,126.5075,161,9263.45,57.537,14622,90.8199,231.9189,34.5052,85.0793,0.0198,499.0,27.0394,69.4821,54,88,2022-02-15,2025-08-20,3262.949999999999,0.2604858538766125,231.97037037037038,2.4656950256772894,2.553613249959535,1282,23.74074074074074,228,1.2028,2,37.8277,93.0178,0.0198,666.8453,26258.9642,91.8146,223.8567,0.5629,204,0.8947368421052632,1.2028,2.4589864041429954
CUST672,1564.7,86.9278,62.3235,18,979.93,54.4406,204,11.3333,12.4475,17.7,3.5046,11.57,21.25,11.3483,2.0874,6,10,2022-04-11,2023-05-17,584.7700000000001,0.3737265929571164,260.78333333333336,0.198,1.098312053858982,401,66.83333333333333,27,1.2286,2,19.5476,4.1202,11.57,28.7628,361.8913,10.3398,11.7368,0.5143,24,0.8888888888888888,1.2286,0.21077779369334343
CUST673,10141.61,53.6593,81.0576,189,6917.83,36.6023,10544,55.7884,188.7831,34.3063,71.9872,0.0196,439.0,24.6519,55.4709,87,125,2022-01-27,2025-06-19,3223.7800000000007,0.3178765501730002,116.57022988505747,2.098366772283808,3.3839131432340768,1239,14.241379310344827,283,1.2204,2,32.7346,68.9504,0.0196,439.0,21760.9065,59.9474,193.0622,0.5207,242,0.8551236749116607,1.2204,2.106346190269623
CUST674,39502.5,3950.25,1288.1862,10,23911.75,2391.175,101000,10100.0,3348.2997,0.3935,0.0359,0.3643,0.4882,0.2367,0.0,9,1,2022-01-14,2025-04-15,15590.75,0.3946775520536675,4389.166666666667,0.09123252858958068,0.3315148217821782,1187,131.88888888888889,13,1.2353,2,0.41,0.0361,0.3643,0.4882,163806.6013,9635.6824,2790.0727,0.5882,11,0.8461538461538461,1.2353,0.08804878048780489
CUST675,5477.98,127.3949,67.1455,43,3398.12,79.026,47,1.093,0.61,117.0829,8.2177,103.62,129.51,73.6573,18.8818,42,1,2022-06-30,2023-06-22,2079.8599999999997,0.3796764500783135,130.42809523809524,0.070187021332748,0.5580969807868252,357,8.5,68,1.1707,2,125.6815,15.4594,103.62,191.8594,85.1856,1.0388,0.4479,0.5244,51,0.75,1.1707,0.12300457903510063
CUST676,2408.52,2408.52,0.0,1,1083.84,1083.84,6,6.0,0.0,401.42,0.0,401.42,401.42,180.64,0.0,1,1,2024-03-25,2024-03-25,1324.68,0.5499975088436052,2408.52,0.0,0.0,0,0.0,2,1.5,2,465.4111,66.9176,401.42,559.5703,23.8523,5.9631,0.0426,0.25,2,1.0,1.5,0.1437817018115812
CUST677,8729.43,140.7973,134.2224,62,5074.68,81.8497,35292,569.2258,2408.1556,27.2692,62.7068,0.0259,399.0,14.1769,41.3802,28,44,2022-01-17,2025-06-19,3654.75,0.4186699475223468,311.76535714285717,2.2995467413785518,4.230580553446453,1249,44.607142857142854,92,1.156,2,44.057,96.5375,0.0259,444.1992,64162.6399,588.6481,2706.2756,0.5688,71,0.7717391304347826,1.156,2.1911954967428557
CUST678,2438.5,2438.5,0.0,1,1724.81,1724.81,1250,1250.0,0.0,97.54,0.0,97.54,97.54,68.9924,0.0,1,1,2022-11-21,2022-11-21,713.69,0.2926758253024401,2438.5,0.0,0.0,0,0.0,2,1.3333,2,108.797,10.5418,97.54,118.4368,3618.655,1206.2183,75.8321,0.3333,2,1.0,1.3333,0.09689421583315717
CUST679,901.6,60.1067,32.7292,15,588.84,39.256,76,5.0667,2.604,11.561,2.5719,7.765,14.44,7.568,1.2325,5,5,2022-01-14,2023-06-21,312.76,0.34689440993788817,180.32,0.22246345471844994,0.5139439872106105,523,104.6,16,1.2,2,12.1807,3.0,7.765,18.9777,105.1597,5.258,2.586,0.75,19,1.1875,1.2,0.2462912640488642
CUST68,1159.17,57.9585,36.6561,20,730.52,36.526,320,16.0,12.9412,43.4651,28.7058,1.7768,90.15,27.8524,18.5589,9,6,2022-02-01,2022-04-01,428.6500000000001,0.3697904535141524,128.79666666666668,0.6604333131638948,0.808825,59,6.555555555555555,28,1.1765,2,44.9484,28.4495,1.7768,109.8134,590.4617,17.3665,12.5858,0.5882,26,0.9285714285714286,1.1765,0.6329368787320572
CUST680,23382.86,275.0925,250.771,85,16518.46,194.3348,3564,41.9294,218.8512,143.8114,177.7674,0.0381,1099.0,109.857,145.992,32,67,2024-04-19,2025-08-29,6864.4000000000015,0.29356545777548176,730.714375,1.2361148003565783,5.219516616025986,497,15.53125,137,1.1796,2,151.1633,172.318,0.0381,1099.0,7478.008,44.7785,201.5238,0.509,105,0.7664233576642335,1.1796,1.1399460054126895
CUST681,10534.71,96.6487,242.0373,109,7829.0,71.8257,280,2.5688,9.5203,87.0654,241.2057,1.08,2349.0,65.6641,193.6631,29,100,2022-02-03,2025-09-05,2705.709999999999,0.2568376348281063,363.2658620689655,2.770396736246546,3.7061273746496424,1310,45.172413793103445,157,1.2071,2,81.62,189.1508,1.08,2349.0,438.5456,2.2149,7.1163,0.5505,138,0.8789808917197452,1.2071,2.3174565057583925
CUST682,36464.25,314.347,253.7445,116,17986.12,155.0528,3111,26.819,27.9958,67.2204,104.5154,6.3967,520.0,36.3316,59.1905,61,9,2022-01-05,2025-09-08,18478.13,0.5067464708584436,597.7745901639345,1.554816692551666,1.043879339274395,1342,22.0,176,1.2,2,69.5778,112.9882,6.3967,590.5086,6351.9554,28.8725,28.8552,0.5273,147,0.8352272727272727,1.2,1.62391164998031
CUST683,4666.75,518.5278,168.7173,9,2571.56,285.7289,97,10.7778,7.71,58.8632,17.6951,14.3257,71.415,32.134,9.3795,8,2,2022-03-23,2025-04-15,2095.19,0.44896126854877594,583.34375,0.30061396594136913,0.7153593497745366,1119,139.875,14,1.3636,2,65.1959,22.6967,14.3257,96.8842,249.6855,11.3493,8.3351,0.4091,15,1.0714285714285714,1.3636,0.3481307873654632
CUST684,1226.95,204.4917,200.004,6,753.7,125.6167,91,15.1667,18.0712,64.9299,115.1885,9.559,299.69,31.9479,44.0338,2,6,2022-05-23,2022-07-26,473.25,0.3857125392232772,613.475,1.7740440074603534,1.1915050736152228,64,32.0,7,1.125,2,54.6443,99.2779,9.559,299.69,101.2793,12.6599,15.9693,0.75,7,1.0,1.125,1.8168024844311301
CUST685,5514.36,551.436,243.1445,10,2427.88,242.788,63384,6338.4,4246.1269,91.7136,31.7066,12.46,119.435,43.4453,20.3046,7,2,2022-01-13,2022-10-10,3086.4799999999996,0.5597168121051218,787.7657142857142,0.3457131766717259,0.6699051653414112,270,38.57142857142857,13,1.1875,2,97.1031,36.485,12.46,136.7819,93922.6072,5870.1629,4215.8922,0.625,12,0.9230769230769231,1.1875,0.37573465728694555
CUST686,929.03,61.9353,20.5627,15,483.22,32.2147,24,1.6,0.5071,38.5643,2.1113,36.56,41.78,20.2003,1.8675,10,2,2022-02-15,2022-11-29,445.80999999999995,0.47986609689676324,92.90299999999999,0.054747525561205566,0.3169375,287,28.7,23,1.2333,2,42.4205,4.9175,36.56,54.1573,48.4209,1.614,0.5083,0.5,21,0.9130434782608695,1.2333,0.11592272604047574
CUST687,5640.59,376.0393,228.6151,15,3212.72,214.1813,1062,70.8,42.2564,5.5775,2.0933,3.1873,8.26,3.2496,1.1081,6,3,2022-02-10,2023-06-28,2427.8700000000003,0.43042837717330995,940.0983333333334,0.375311519497983,0.5968418079096045,503,83.83333333333333,22,1.2414,2,5.7786,2.3642,3.1873,11.8977,2238.6768,77.1958,40.5079,0.5172,20,0.9090909090909091,1.2414,0.4091302391582736
CUST688,116974.82,9747.9017,10105.4525,12,105445.63,8787.1358,128184,10682.0,13457.6015,203.7454,249.6171,0.6885,605.5,134.0784,161.5059,7,5,2022-05-16,2023-04-03,11529.190000000002,0.09856129720909168,16710.68857142857,1.2251422608804912,1.259839121887287,322,46.0,19,1.2692,2,246.9681,243.2869,0.6885,605.5,161135.6435,6197.5248,10401.273,0.4615,14,0.7368421052631579,1.2692,0.9850944312241136
CUST689,4032.0,1008.0,563.721,4,4032.0,1008.0,2880,720.0,402.6578,1.4,0.0,1.4,1.4,1.4,0.0,4,1,2022-01-03,2022-03-18,0.0,0.0,1008.0,0.0,0.5592469444444444,74,18.5,5,1.1667,2,1.4682,0.1059,1.4,1.6154,4236.8867,706.1478,312.6348,0.6667,4,0.8,1.1667,0.07212913771965672
CUST69,30187.27,206.7621,377.4821,146,15473.08,105.98,1935,13.2534,28.1015,90.7066,67.0989,4.7833,385.81,47.2516,32.9103,66,20,2022-01-12,2025-09-02,14714.19,0.4874302976055801,457.3828787878788,0.7397355870465876,2.1203238414293692,1329,20.136363636363637,215,1.221,2,95.6973,71.9776,4.7833,417.9703,3708.4309,13.4363,26.6391,0.529,187,0.8697674418604651,1.221,0.7521382525943783
CUST690,34592.58,295.6631,377.4991,117,26760.79,228.7247,723,6.1795,11.6653,132.5467,167.6424,1.0283,899.0,105.1239,135.7214,30,104,2022-01-04,2025-04-15,7831.790000000001,0.22640086400031453,1153.086,1.2647798851272798,1.8877417266769156,1197,39.9,178,1.1872,2,127.1141,162.6794,1.0283,899.0,1340.0096,6.1188,11.6813,0.5342,144,0.8089887640449438,1.1872,1.2797903615727917
CUST691,8367.08,149.4121,147.8393,56,6319.93,112.8559,88,1.5714,1.5938,124.0193,137.7788,1.39,599.0,94.6635,109.4244,29,55,2022-02-14,2025-08-28,2047.1499999999996,0.24466719572419526,288.52,1.110946441400653,1.0142548046328117,1291,44.51724137931034,76,1.1915,2,137.6969,153.5236,1.39,811.5869,145.2019,1.5447,1.6312,0.5957,71,0.9342105263157895,1.1915,1.114938680536744
CUST692,5948.25,349.8971,305.5554,17,5977.61,351.6241,15097,888.0588,2640.9479,36.2281,16.9699,0.0612,61.9,32.6601,15.2808,8,6,2023-11-28,2025-07-23,-29.359999999999673,-0.004935905518429735,743.53125,0.46841816159279676,2.973843511262993,603,75.375,25,1.1935,2,37.6931,20.0098,0.0612,69.1255,38335.33,1236.6235,3064.7012,0.5484,21,0.84,1.1935,0.5308610859812538
CUST693,2528.34,22.1784,26.16,114,2480.26,21.7567,30614,268.5439,474.3929,3.5595,15.8179,0.0001,84.54,2.3519,10.0943,24,21,2021-11-23,2025-09-04,48.07999999999993,0.019016429752327584,105.34750000000001,4.443854473942969,1.7665376126584889,1381,57.541666666666664,162,1.2394,2,4.0351,18.4724,0.0001,120.5118,61084.4544,286.7815,481.1097,0.5352,153,0.9444444444444444,1.2394,4.577928675869248
CUST694,793.93,66.1608,105.2434,12,328.28,27.3567,4875,406.25,549.0824,0.2885,0.4459,0.0521,1.6724,0.0687,0.0459,4,9,2022-08-02,2025-01-30,465.65,0.5865126648445077,198.4825,1.5455805892547663,1.3515874461538462,912,228.0,15,1.2105,2,0.2713,0.3594,0.0521,1.6724,7938.1663,417.7982,525.1886,0.6316,14,0.9333333333333333,1.2105,1.3247327681533358
CUST695,868.02,32.1489,97.496,27,625.79,23.1774,1928,71.4074,73.8472,14.8531,54.8586,0.0198,249.0,12.2189,44.4442,2,24,2022-10-17,2023-02-06,242.23000000000002,0.27906039031358726,434.01,3.6934108031320063,1.034167327195781,112,56.0,36,1.1429,2,9.599,44.2645,0.0198,249.0,2949.5168,70.2266,62.1433,0.6429,29,0.8055555555555556,1.1429,4.611365767267423
CUST696,6117095.64,152.0606,520.9539,40228,5323647.81,132.3369,26238818,652.2526,1909.3609,1.0287,5.8698,0.0083,181.0814,0.8428,4.4979,10309,995,2022-01-03,2024-07-26,793447.8300000001,0.12970989448188522,593.374298186051,5.706036745406824,2.927333520786272,935,0.09069744883111844,58147,1.2193,2,1.1095,6.3504,0.0083,247.7536,48246163.6431,647.7821,1921.4455,0.5401,51522,0.8860646293015977,1.2193,5.72365930599369
CUST697,1853498.68,721.2057,1708.1384,2570,1517806.32,590.5861,5747158,2236.2482,5614.9879,132.8874,558.1653,0.0002,7060.0,114.7527,461.8106,548,429,2021-10-22,2025-09-05,335692.35999999987,0.18111281309355984,3382.2968613138687,4.20028761191806,2.5108965543270196,1414,2.5802919708029197,3739,1.2175,2,145.4314,594.4503,0.0002,7060.0,10120336.9365,2118.1115,5173.5745,0.5379,3292,0.8804493179994651,1.2175,4.087496235338448
CUST698,9845.64,240.1376,123.7653,41,5476.28,133.5678,68,1.6585,0.7619,154.2486,61.8274,19.54,234.7867,87.3677,38.7606,27,3,2022-04-08,2025-04-09,4369.36,0.4437862850967535,364.6533333333333,0.4008295699280252,0.4593910159782936,1097,40.629629629629626,56,1.2,2,153.0487,72.3189,19.54,324.0428,123.8757,1.7697,0.8023,0.5857,51,0.9107142857142857,1.2,0.47252214491204436
CUST699,16795.94,1399.6617,833.9311,12,8546.97,712.2475,642,53.5,29.8648,99.457,30.452,10.3839,125.455,51.1019,13.6696,7,2,2022-11-10,2025-06-26,8248.97,0.49112880850967555,2399.4199999999996,0.3061825713624984,0.5582205607476636,959,137.0,16,1.1579,2,103.3225,38.1484,10.3839,179.6604,1172.7811,61.7253,35.3844,0.6316,15,0.9375,1.1579,0.3692167727261729
CUST7,526866.91,365.6259,656.0828,1441,393732.09,273.2353,4903940,3403.1506,18090.3393,31.2018,27.6954,0.0093,310.905,22.8081,20.8574,843,99,2022-01-04,2025-09-08,133134.82,0.25269155734225174,624.9904033214709,0.8876218679691557,5.315762194009281,1343,1.5931198102016608,2065,1.2157,2,33.34,29.4759,0.0093,310.905,9270574.9212,3520.9172,18308.4393,0.5473,1853,0.8973365617433414,1.2157,0.8841001799640071
CUST70,52796.56,173.6729,255.4438,304,35930.44,118.1922,27167,89.3651,172.4036,17.9822,15.4463,0.465,74.88,11.4807,10.36,102,33,2022-01-10,2025-09-02,16866.119999999995,0.3194549038801012,517.6133333333333,0.8589772107973441,1.9292050252279695,1331,13.049019607843137,436,1.2073,2,19.1525,17.0554,0.465,108.4704,51557.3144,93.7406,176.3914,0.5527,381,0.8738532110091743,1.2073,0.8905051559848584
CUST700,437.77,109.4425,43.8975,4,241.93,60.4825,7,1.75,1.5,109.4425,43.8975,74.27,173.34,60.4825,21.2192,3,2,2022-03-08,2022-11-09,195.83999999999997,0.4473582017954633,145.92333333333332,0.40110103478995823,0.8571428571428571,246,82.0,8,1.1111,2,119.3078,52.892,74.27,197.5239,17.5412,1.949,1.4299,0.4444,4,0.5,1.1111,0.44332390673535177
CUST701,23045.05,360.0789,313.7233,64,8405.46,131.3353,85010,1328.2812,1235.0587,0.3588,0.3243,0.0552,1.6827,0.1259,0.0924,57,6,2022-02-08,2025-07-29,14639.59,0.6352596327627842,404.2991228070175,0.9038461538461537,0.9298171953348433,1267,22.228070175438596,88,1.1698,2,0.394,0.3675,0.0552,2.0316,146730.8487,1384.2533,1295.6989,0.6038,79,0.8977272727272727,1.1698,0.932741116751269
CUST702,35470.42,824.8935,765.8808,43,15033.36,349.613,137592,3199.814,2322.5529,0.2301,0.0774,0.1217,0.5131,0.098,0.024,20,4,2022-02-11,2024-07-05,20437.059999999998,0.5761719201520591,1773.521,0.3363754889178618,0.7258399706982969,875,43.75,65,1.2262,2,0.2499,0.0931,0.1217,0.7208,289778.0066,3449.7382,2304.7055,0.5119,54,0.8307692307692308,1.2262,0.37254901960784315
CUST703,1828.44,914.22,649.718,2,868.22,434.11,5600,2800.0,3111.2698,228.5447,319.9733,2.2894,454.8,170.9893,240.5729,2,2,2022-07-13,2025-04-10,960.22,0.5251580582354357,914.22,1.40004690548501,1.1111677857142856,1002,501.0,3,1.4,2,188.8418,255.385,2.2894,482.007,11741.9671,2348.3934,2420.6036,0.4,3,1.0,1.4,1.3523753745198361
CUST704,62410.57,891.5796,487.0022,70,33922.16,484.6023,23528,336.1143,143.2089,7.8978,22.2091,1.1776,131.37,4.1393,11.4583,46,6,2022-01-25,2025-02-06,28488.409999999996,0.4564677105176254,1356.7515217391303,2.8120615867709993,0.4260720237133618,1108,24.08695652173913,107,1.1832,2,6.3685,17.5694,1.1776,131.37,44574.0013,340.2596,133.7957,0.5344,88,0.822429906542056,1.1832,2.7587972049933267
CUST705,19750.88,470.259,692.2147,42,10196.36,242.7705,2561,60.9762,109.5633,48.885,71.8259,0.0415,212.184,25.9818,36.1601,29,20,2022-02-01,2024-12-04,9554.52,0.48375161005484313,681.0648275862069,1.4692830111486141,1.7968207267753649,1037,35.758620689655174,63,1.16,2,43.9693,67.3718,0.0415,250.6186,5382.4748,71.7663,121.3819,0.56,50,0.7936507936507936,1.16,1.5322463628031375
CUST706,1381.34,197.3343,135.0001,7,770.32,110.0457,149,21.2857,24.9914,44.4453,35.2279,6.7667,80.785,22.4086,17.3139,4,5,2022-08-10,2024-06-03,611.0199999999999,0.44233859875193643,345.335,0.7926124922095249,1.1740934054318157,663,165.75,11,1.2143,2,45.5584,34.1388,6.7667,80.785,300.4916,21.4637,24.5189,0.5,7,0.6363636363636364,1.2143,0.7493415045304489
CUST707,1270.84,635.42,762.4167,2,945.43,472.715,24,12.0,15.5563,73.6883,31.992,51.0665,96.31,51.415,18.5474,2,2,2022-03-31,2023-08-02,325.40999999999997,0.2560589846086053,635.42,0.43415304736301424,1.2963583333333333,489,244.5,4,1.4286,2,89.6823,23.8691,51.0665,107.5856,51.2934,7.3276,10.7064,0.2857,3,0.75,1.4286,0.2661517378568569
CUST708,134.6,44.8667,17.1616,3,66.47,22.1567,3,1.0,0.0,44.8667,17.1616,34.14,64.66,22.1567,8.8104,1,3,2024-06-06,2024-06-06,68.13,0.5061664190193165,134.6,0.3825019446493725,0.0,0,0.0,5,1.1667,2,41.4667,11.5238,34.14,64.66,6.5519,1.092,0.1018,0.5,3,0.6,1.1667,0.27790492129829475
CUST709,23575.27,163.7172,241.7652,144,12812.74,88.9774,7380,51.25,83.4378,21.1056,52.3808,0.025,428.35,13.0701,38.8238,92,64,2022-01-10,2025-06-25,10762.53,0.45651778325338377,256.2529347826087,2.4818436812978546,1.6280546341463413,1262,13.717391304347826,206,1.2313,2,22.6566,57.1707,0.025,467.5651,13222.621,49.3381,77.6288,0.5373,192,0.9320388349514563,1.2313,2.523357432271391
CUST71,11081.58,93.1225,58.4135,119,6052.07,50.8577,1337,11.2353,16.7993,53.5283,54.2576,1.4426,204.22,28.8187,28.1389,28,30,2022-02-08,2025-08-07,5029.51,0.45386217488841846,395.7707142857143,1.0136245686860967,1.4952248716100147,1276,45.57142857142857,184,1.2103,2,59.31,63.206,1.4426,281.024,2614.6058,11.2215,14.7492,0.5107,154,0.8369565217391305,1.2103,1.0656887540043838
CUST710,7.59,7.59,0.0,1,4.86,4.86,3,3.0,0.0,2.53,0.0,2.53,2.53,1.62,0.0,1,1,2022-03-04,2022-03-04,2.7299999999999995,0.3596837944664031,7.59,0.0,0.0,0,0.0,1,1.0,1,2.53,0.0,2.53,2.53,3.0,3.0,0.0,1.0,1,1.0,1.0,0.0
CUST711,49009.6,753.9938,651.3672,65,26157.78,402.4274,3927,60.4154,77.1646,86.845,134.2748,4.2222,451.85,46.2732,70.1872,25,8,2022-03-15,2024-02-28,22851.82,0.46627232215729164,1960.384,1.5461431285623812,1.277233950284199,715,28.6,91,1.1802,2,87.3465,138.5136,4.2222,504.4421,6534.9301,58.8732,68.135,0.5856,82,0.9010989010989011,1.1802,1.5857945080798885
CUST712,24228.22,1009.5092,2606.0815,24,8711.2,362.9667,985,41.0417,112.2906,203.5165,440.7163,1.12,2149.2533,84.2878,106.993,10,14,2022-01-13,2025-04-10,15517.02,0.6404523320326462,2422.822,2.1655064822753927,2.7360123971472916,1183,118.3,28,1.2632,2,229.7167,544.9368,1.12,2675.4661,1596.7285,42.0192,114.7486,0.6316,33,1.1785714285714286,1.2632,2.3722123815987253
CUST713,13060.83,4353.61,2944.4979,3,7029.77,2343.2567,345792,115264.0,99655.2753,42.2623,68.8752,0.0362,121.7406,22.4284,35.8377,3,2,2022-02-07,2023-02-27,6031.0599999999995,0.46176697805575906,4353.61,1.6297078010425368,0.8645828298514714,385,128.33333333333334,3,1.25,2,68.602,77.0561,0.0362,147.621,518592.0,129648.0,86304.0,0.75,4,1.3333333333333333,1.25,1.1232340165009767
CUST714,1956.94,978.47,211.9765,2,1555.24,777.62,43450,21725.0,30370.2363,48.6722,64.1457,3.3143,94.03,41.795,55.8261,2,2,2023-02-06,2023-03-28,401.70000000000005,0.20526945128619173,978.47,1.317912483923061,1.3979395304948217,50,25.0,2,1.3333,2,34.0399,51.9581,3.3143,94.03,43700.0,14566.6667,24797.1941,0.6667,3,1.5,1.3333,1.5263881503764698
CUST715,5916.86,1183.372,980.8153,5,2889.32,577.864,320,64.0,39.598,16.5036,7.2157,6.6865,26.4012,8.1734,2.1421,4,2,2022-06-16,2025-04-21,3027.5399999999995,0.5116801817180058,1479.215,0.4372197581133814,0.61871875,1040,260.0,7,1.3,2,14.3947,7.0079,6.6865,26.4012,535.592,53.5592,36.4213,0.5,6,0.8571428571428571,1.3,0.48683890598623103
CUST716,98.82,98.82,0.0,1,84.0,84.0,7,7.0,0.0,14.1171,0.0,14.1171,14.1171,12.0,0.0,1,1,2022-08-05,2022-08-05,14.819999999999993,0.1499696417729204,98.82,0.0,0.0,0,0.0,1,1.0,1,14.1171,0.0,14.1171,14.1171,7.0,7.0,0.0,1.0,1,1.0,1.0,0.0
CUST717,159.72,79.86,61.6031,2,141.87,70.935,66,33.0,25.4558,2.42,0.0,2.42,2.42,2.1102,0.1021,1,1,2024-03-13,2024-03-25,17.849999999999994,0.11175807663410965,159.72,0.0,0.7713878787878787,12,12.0,3,1.25,2,2.5302,0.128,2.42,2.658,155.9516,38.9879,16.2421,0.5,2,0.6666666666666666,1.25,0.05058888625405107
CUST718,194902.34,215.124,464.8575,906,180285.18,198.9903,445723,491.968,1172.4866,1.6681,7.1581,0.0048,154.7075,1.2069,4.213,258,227,2022-01-05,2025-09-05,14617.160000000003,0.07499735508562906,755.4354263565891,4.291169594149032,2.3832578541693765,1339,5.189922480620155,1303,1.2239,2,1.842,8.7381,0.0048,188.1217,777223.5581,462.9086,1132.1917,0.5396,1171,0.898695318495779,1.2239,4.7438110749185665
CUST719,211.07,105.535,12.7067,2,89.76,44.88,13,6.5,7.7782,53.0467,61.523,9.5433,96.55,6.7604,0.241,2,1,2022-10-26,2022-11-08,121.30999999999999,0.5747382384990761,105.535,1.1597893931196475,1.196646153846154,13,6.5,2,1.0,1,53.0467,61.523,9.5433,96.55,13.0,6.5,7.7782,1.0,2,1.0,1.0,1.1597893931196475
CUST72,108545.15,219.2831,374.8807,495,75656.11,152.8406,117704,237.7859,2327.1584,32.7342,64.7384,0.0243,559.0,24.9364,57.4286,122,94,2022-02-08,2025-09-04,32889.03999999999,0.3029987060683964,889.7143442622951,1.9776991647878976,9.786780460910423,1304,10.688524590163935,715,1.2073,2,33.9916,67.4526,0.0243,608.8755,204999.5397,227.2722,2112.5941,0.5488,625,0.8741258741258742,1.2073,1.9843902611233366
CUST720,5062.15,73.3645,90.5682,69,3115.99,45.1593,34158,495.0435,770.0591,0.2046,0.3015,0.014,1.6,0.1077,0.1193,46,16,2022-01-07,2024-05-10,1946.1599999999999,0.38445324615035115,110.04673913043477,1.4736070381231672,1.5555382506789805,854,18.565217391304348,100,1.2188,2,0.2406,0.3774,0.014,1.9898,56340.1742,440.1576,640.4887,0.5391,88,0.88,1.2188,1.56857855361596
CUST721,1748.0,437.0,283.5233,4,853.55,213.3875,40000,10000.0,7176.35,0.045,0.0027,0.041,0.0464,0.0213,0.0,3,1,2022-06-10,2022-12-14,894.45,0.5116990846681923,582.6666666666666,0.060000000000000005,0.717635,187,62.333333333333336,4,1.3333,2,0.0478,0.0065,0.041,0.0602,70000.0,11666.6667,6896.8592,0.6667,6,1.5,1.3333,0.13598326359832635
CUST722,373.47,373.47,0.0,1,149.39,149.39,150,150.0,0.0,2.4898,0.0,2.4898,2.4898,0.9959,0.0,1,1,2024-03-27,2024-03-27,224.08000000000004,0.5999946448175222,373.47,0.0,0.0,0,0.0,1,1.0,1,2.4898,0.0,2.4898,2.4898,150.0,150.0,0.0,1.0,1,1.0,1.0,0.0
CUST723,30678.41,15339.205,15930.7269,2,16873.61,8436.805,32000,16000.0,16617.0094,0.9587,0.0,0.9587,0.9587,0.5273,0.0,1,1,2022-03-07,2022-03-30,13804.8,0.44998420713459397,30678.41,0.0,1.0385630875,23,23.0,2,1.3333,2,1.0375,0.1364,0.9587,1.195,59750.0,19916.6667,13567.7313,0.6667,3,1.5,1.3333,0.13146987951807226
CUST724,36514.73,376.4405,295.6378,97,26839.05,276.6912,4581,47.2268,53.2511,23.4543,30.2119,3.871,132.0,16.8724,20.9836,25,7,2022-02-09,2025-08-12,9675.680000000004,0.26498018744764107,1460.5892000000001,1.2881177438678622,1.1275610458468497,1280,51.2,138,1.2418,2,25.0568,31.4934,3.871,135.119,8085.0377,44.4233,52.5528,0.533,129,0.9347826086956522,1.2418,1.2568803678043485
CUST725,9460.16,165.9677,76.6548,57,5421.0,95.1053,9600,168.4211,71.1083,0.9761,0.1202,0.7143,1.1741,0.5588,0.0525,35,3,2022-01-06,2025-08-19,4039.16,0.4269652944559077,270.2902857142857,0.1231431205819076,0.42220541250472776,1321,37.74285714285714,78,1.2277,2,1.0584,0.1649,0.7143,1.5872,17455.42,172.8259,71.4902,0.5644,76,0.9743589743589743,1.2277,0.15580120937263794
CUST726,2460.18,307.5225,188.1074,8,1448.7,181.0875,32,4.0,3.0706,90.4421,27.2734,50.0,119.55,52.4775,18.1645,5,3,2022-02-17,2022-09-06,1011.4799999999998,0.4111406482452503,492.03599999999994,0.30155646540715,0.76765,201,40.2,8,1.1111,2,88.9681,25.8923,50.0,119.55,37.0,4.1111,2.8916,0.8889,9,1.125,1.1111,0.2910290317540781
CUST727,2538.6,66.8053,106.5226,38,1406.91,37.0239,20320,534.7368,667.0343,0.2196,0.2088,0.0334,0.6219,0.1558,0.1698,7,5,2022-03-23,2025-09-05,1131.6899999999998,0.4457929567478137,362.65714285714284,0.9508196721311476,1.2474067616068316,1262,180.28571428571428,57,1.1857,2,0.2501,0.2267,0.0334,0.7311,32773.473,468.1925,603.1071,0.5429,45,0.7894736842105263,1.1857,0.9064374250299881
CUST728,48942.06,265.9895,382.2399,184,23554.84,128.0154,185903,1010.3424,1703.0162,2.1005,8.7517,0.02,64.3433,1.144,4.9325,99,38,2022-01-04,2025-09-02,25387.219999999998,0.5187198904173629,494.3642424242424,4.166484170435611,1.6855832240634463,1337,13.505050505050505,269,1.2401,2,1.7461,7.4901,0.02,64.3433,346935.4193,980.0436,1607.2948,0.5198,242,0.8996282527881041,1.2401,4.28961686043182
CUST729,5078.98,108.0634,142.7534,47,3953.99,84.1274,1303,27.7234,39.1756,92.6675,149.6556,0.0113,599.0,75.5681,129.1301,15,47,2022-02-25,2025-08-26,1124.9899999999998,0.22149919865799825,338.59866666666665,1.6149739660614562,1.413087860796295,1278,85.2,67,1.2024,2,104.4566,155.0046,0.0113,599.0,1960.4574,23.3388,37.403,0.5595,58,0.8656716417910447,1.2024,1.483913893425595
CUST73,254771.99,540.9172,1043.7907,471,176050.88,373.7811,729627,1549.1019,3776.1552,79.124,68.8731,1.0733,333.62,53.906,46.445,141,83,2022-06-16,2025-09-04,78721.10999999999,0.3089865177094232,1806.8935460992907,0.8704451241089934,2.4376415780007763,1176,8.340425531914894,687,1.2166,2,88.354,76.4572,1.0733,477.0851,1291600.2414,1472.7483,3887.5592,0.5371,607,0.883551673944687,1.2166,0.8653507481268533
CUST730,3596.1,112.3781,152.6194,32,2756.81,86.1503,690,21.5625,89.086,78.3613,99.7286,0.0442,439.0,61.0821,84.5157,10,29,2022-04-08,2022-11-11,839.29,0.2333889491393454,359.61,1.2726766911728111,4.131524637681159,217,21.7,47,1.1132,2,93.7696,123.5863,0.0442,487.0413,1540.2339,29.061,101.1468,0.6038,35,0.7446808510638298,1.1132,1.3179783213322869
CUST731,1909.32,45.46,63.5042,42,1406.39,33.4855,1133,26.9762,40.9184,36.935,65.8843,0.0253,340.0,28.6035,56.776,9,41,2022-05-13,2025-02-26,502.92999999999984,0.2634079148597406,212.14666666666665,1.7837904426695543,1.5168333568108185,1020,113.33333333333333,62,1.1842,2,36.6096,72.9066,0.0253,440.8367,2341.7416,30.8124,42.3195,0.5526,52,0.8387096774193549,1.1842,1.991461256063983
CUST732,16788.42,524.6381,785.9214,32,10912.08,341.0025,2828,88.375,250.9872,138.5129,356.6089,0.0668,1986.92,96.4359,223.8108,16,29,2022-01-31,2022-10-12,5876.339999999998,0.350023408992627,1049.27625,2.5745537058281216,2.8400248939179633,254,15.875,44,1.2542,2,269.7986,579.1238,0.0668,2161.8346,6192.4477,104.9567,284.088,0.5424,44,1.0,1.2542,2.146504096018289
CUST733,4210.95,526.3688,327.3748,8,2607.0,325.875,15,1.875,1.7269,396.75,115.0426,232.56,536.3,245.325,73.0023,3,5,2024-01-09,2024-11-12,1603.9499999999998,0.3808997969579311,1403.6499999999999,0.2899624448645242,0.9210133333333334,308,102.66666666666667,13,1.1875,2,391.3479,111.1428,232.56,590.5615,28.1059,1.7566,1.6908,0.5,10,0.7692307692307693,1.1875,0.28399999080102384
CUST734,2809.83,36.4913,64.8332,77,1945.53,25.2666,5901,76.6364,48.55,16.2815,51.9272,0.0077,229.0,12.9374,42.0198,7,66,2022-03-22,2025-04-24,864.3,0.3075986803472096,401.4042857142857,3.189337591745232,0.6335109686780694,1129,161.28571428571428,97,1.1917,2,16.45,55.6718,0.0077,309.7811,9530.1061,79.4176,50.1445,0.6417,95,0.979381443298969,1.1917,3.384303951367781
CUST735,43619.91,2180.9955,1586.8466,20,25639.64,1281.982,907,45.35,42.4379,96.524,97.7217,8.0097,364.5265,57.1847,54.8023,15,4,2022-01-05,2025-06-03,17980.270000000004,0.4122032805661452,2907.994,1.0124083129584351,0.9357861080485115,1245,83.0,36,1.1628,2,111.9849,110.922,8.0097,458.207,1657.097,38.5371,38.6368,0.4651,26,0.7222222222222222,1.1628,0.9905085417766145
CUST736,3102.04,193.8775,181.1462,16,1582.28,98.8925,20716,1294.75,3398.9284,29.9897,65.8893,0.0585,239.0,17.9951,41.2089,14,12,2022-07-26,2025-03-03,1519.76,0.4899227605059896,221.5742857142857,2.1970643254183937,2.6251619231511873,951,67.92857142857143,21,1.2222,2,44.8009,79.4076,0.0585,274.7972,20982.5287,777.1307,2658.9603,0.5926,22,1.0476190476190477,1.2222,1.7724554640643382
CUST737,4337.78,78.8687,143.394,55,3206.39,58.298,1032,18.7636,33.8537,63.4891,140.9576,0.0645,849.0,48.5794,110.8483,14,53,2022-03-07,2025-04-23,1131.3899999999999,0.260822356136088,309.84142857142854,2.2201858271734833,1.80422200430621,1143,81.64285714285714,74,1.2371,2,66.1916,152.9388,0.0645,928.8765,2048.4384,21.1179,36.8402,0.567,71,0.9594594594594594,1.2371,2.31054695762
CUST738,216.55,54.1375,93.6924,4,191.83,47.9575,26,6.5,4.1231,14.0466,23.2452,0.432,48.6325,12.5631,21.0394,4,3,2022-02-11,2023-10-23,24.72,0.11415377510967444,54.1375,1.6548630985434198,0.6343230769230769,619,154.75,5,1.1667,2,9.5306,19.3171,0.432,48.6325,47.2682,7.878,3.8624,0.6667,5,1.0,1.1667,2.0268503556963884
CUST739,1138.84,94.9033,85.2875,12,27440.82,2286.735,538915,44909.5833,38520.4002,0.0042,0.0062,0.0011,0.0233,0.1027,0.1498,1,12,2022-12-05,2022-12-05,-26301.98,-23.095412876260056,1138.84,1.4761904761904763,0.8577323005355073,0,0.0,16,1.2,2,0.0047,0.0067,0.0011,0.0247,921296.261,46064.8131,37336.3662,0.6,16,1.0,1.2,1.425531914893617
CUST74,140124.13,295.6205,399.0695,474,91492.45,193.022,99016,208.8945,1235.9837,76.1477,109.7263,0.32,410.525,50.3502,76.0904,265,53,2022-01-05,2025-09-08,48631.68000000001,0.3470614233251618,528.7703018867925,1.440966700241767,5.916784309783168,1342,5.064150943396227,690,1.2132,2,85.7907,120.6369,0.32,477.7265,177929.422,202.8842,1223.8208,0.5405,602,0.8724637681159421,1.2132,1.4061768932996233
CUST740,4855.7,255.5632,280.9592,19,2723.77,143.3563,132,6.9474,6.7204,58.2544,74.5513,5.6313,350.735,32.1632,42.3747,9,7,2022-02-10,2025-02-11,2131.93,0.43905719051835984,539.5222222222222,1.2797539756653575,0.9673259060943662,1097,121.88888888888889,27,1.1562,2,60.6877,82.5901,5.6313,373.5449,233.8402,7.3075,7.1755,0.5938,23,0.8518518518518519,1.1562,1.3609034450143935
CUST741,1198.89,108.99,57.2885,11,1013.74,92.1582,144,13.0909,14.3907,19.054,16.2972,3.3124,57.32,16.623,14.6578,1,11,2022-01-07,2022-02-14,185.1500000000001,0.15443451859636836,1198.89,0.8553164689828908,1.0992903467294075,38,38.0,16,1.2727,2,21.1454,18.0906,3.3124,73.4943,261.7687,11.8986,12.0967,0.5,14,0.875,1.2727,0.8555335912302439
CUST742,1545.62,118.8938,125.8591,13,974.98,74.9985,369,28.3846,82.0371,56.343,62.945,0.2391,190.0,37.6239,40.995,2,13,2022-01-17,2022-09-20,570.6399999999999,0.3691981211423247,772.81,1.1171751592921924,2.8901975014620604,246,123.0,19,1.24,2,73.3927,75.6929,0.2391,251.7951,410.702,16.4281,59.5031,0.52,18,0.9473684210526315,1.24,1.0313409916790088
CUST743,21358.93,192.4228,249.6393,111,15986.01,144.0181,629,5.6667,10.5152,114.1225,145.6348,0.2525,849.0,87.9643,119.8425,23,83,2022-01-31,2024-12-19,5372.92,0.2515537997455865,928.6491304347826,1.2761269688273567,1.855612614043447,1053,45.78260869565217,167,1.1932,2,116.1823,145.8987,0.2525,849.0,1074.6793,5.1917,10.1135,0.5362,138,0.8263473053892215,1.1932,1.255773900155187
CUST744,6758.19,116.5205,150.3874,58,5032.4,86.7655,473,8.1552,29.9999,107.1585,149.8603,0.1187,799.0,80.8157,120.8956,17,57,2022-03-03,2025-06-25,1725.79,0.2553627524529497,397.5405882352941,1.398491953508121,3.6786222287620167,1210,71.17647058823529,91,1.1947,2,121.8948,174.8993,0.1187,873.0567,1184.9067,10.4859,34.3697,0.5133,71,0.7802197802197802,1.1947,1.4348380734863178
CUST745,9014.4,69.8791,204.3971,129,6850.77,53.1067,1791,13.8837,36.9268,61.6059,205.6714,0.0338,2099.99,48.1979,165.0246,22,119,2022-01-19,2025-06-20,2163.629999999999,0.2400193024494142,409.74545454545455,3.3385016694829557,2.659723272614649,1248,56.72727272727273,193,1.2154,2,53.4467,160.4367,0.0338,2099.99,2927.1285,11.8989,33.8456,0.5244,166,0.8601036269430051,1.2154,3.001807408128098
CUST746,4375.32,53.3576,113.3527,82,3262.7,39.789,2257,27.5244,68.2726,41.9547,115.4146,0.0527,449.0,34.1298,98.45,19,64,2022-04-18,2024-08-20,1112.62,0.25429454302771,230.27999999999997,2.750933745206139,2.480439173969278,855,45.0,116,1.1944,2,42.684,122.2549,0.0527,551.7449,4517.9564,31.3747,70.5041,0.5694,101,0.8706896551724138,1.1944,2.8641856433323967
CUST747,4080.9,102.0225,104.4553,40,3225.0,80.625,242,6.05,12.0319,78.8362,81.9357,0.2936,249.0,63.5833,71.4523,10,38,2022-07-29,2025-01-24,855.9000000000001,0.20973314709990445,408.09000000000003,1.0393156950740903,1.9887438016528927,910,91.0,54,1.1692,2,91.3086,90.7836,0.2936,289.0968,384.9869,5.9229,12.6854,0.6154,49,0.9074074074074074,1.1692,0.9942502677732438
CUST748,2316.26,110.2981,106.4795,21,1598.87,76.1367,82,3.9048,5.7437,83.6077,117.8201,2.8168,399.0,61.3557,95.6261,9,17,2022-06-23,2025-06-27,717.3900000000003,0.30971911616139824,257.3622222222223,1.4092015448337893,1.4709332104077033,1100,122.22222222222223,27,1.25,2,84.4412,120.0591,2.8168,464.379,136.6063,3.7946,5.9135,0.5833,29,1.0740740740740742,1.25,1.421807127326471
CUST749,3783.1,135.1107,115.0179,28,2919.18,104.2564,181,6.4643,8.1717,107.9292,114.0465,0.108,399.0,83.7441,96.0344,14,27,2022-10-20,2025-08-20,863.9200000000001,0.22836298273902358,270.2214285714286,1.0566788227838249,1.2641275930881921,1035,73.92857142857143,37,1.119,2,105.2005,112.9496,0.108,399.0,293.5744,6.9899,8.3367,0.6667,32,0.8648648648648649,1.119,1.0736602962913675
CUST75,90219.95,187.9582,441.7454,480,71570.41,149.105,1283,2.6729,7.061,125.2459,247.5571,0.021,2999.0,99.7795,205.5376,191,284,2022-01-06,2025-08-14,18649.539999999994,0.2067119301218854,472.3557591623036,1.9765684944577027,2.6417000261887837,1316,6.890052356020942,685,1.2198,2,138.5743,260.7866,0.021,2999.0,2524.8683,2.8757,7.7738,0.5467,612,0.8934306569343066,1.2198,1.881926158024973
CUST750,4418.86,92.0596,106.146,48,3042.9,63.3938,447,9.3125,18.4612,49.6558,71.42,1.19,373.5,33.9945,49.0252,19,42,2022-04-11,2025-04-07,1375.9599999999996,0.31138347899684526,232.5715789473684,1.4383012659145558,1.9824107382550338,1092,57.473684210526315,70,1.1463,2,51.0705,72.6458,1.19,392.2467,695.7516,8.4848,16.2519,0.5854,57,0.8142857142857143,1.1463,1.422461107684475
CUST751,97159.81,698.9914,1891.0154,139,73868.4,531.4273,12285,88.3813,331.0984,115.1764,148.4666,0.0872,899.0,88.5294,122.3463,60,81,2022-01-17,2025-01-06,23291.410000000003,0.2397226795729634,1619.3301666666666,1.2890366429233766,3.746249489428194,1085,18.083333333333332,203,1.2192,2,124.6643,179.7074,0.0872,1154.3471,23268.6711,89.4949,320.1558,0.5346,179,0.8817733990147784,1.2192,1.4415305745109066
CUST752,6365.67,106.0945,139.6289,60,4833.15,80.5525,364,6.0667,18.4922,98.2122,143.1404,0.1725,749.0,76.1139,119.3442,15,51,2022-07-13,2025-08-18,1532.5200000000004,0.2407476353628134,424.378,1.457460478433433,3.0481480870984226,1132,75.46666666666667,80,1.1753,2,97.3429,139.4066,0.1725,749.0,537.9084,5.5454,15.4815,0.6186,74,0.925,1.1753,1.4321188294164238
CUST753,14671.14,163.0127,180.1685,90,10903.68,121.152,273,3.0333,5.9198,136.3934,144.0857,0.3185,699.0,103.1252,113.5111,57,73,2022-01-07,2024-08-09,3767.459999999999,0.2567939505723481,257.38842105263154,1.0563978902204945,1.951603863778723,945,16.57894736842105,126,1.2222,2,154.0338,170.2624,0.3185,772.5224,465.2562,2.872,5.2438,0.5556,116,0.9206349206349206,1.2222,1.1053573955846054
CUST754,4524.88,119.0758,233.5762,38,2299.19,60.505,2380,62.6316,331.6913,66.5781,148.9107,0.1278,783.22,45.4244,101.7929,17,33,2022-01-18,2024-06-10,2225.69,0.4918782376549212,266.1694117647059,2.236631865433228,5.295909732467317,874,51.411764705882355,56,1.2222,2,64.1955,135.1244,0.1278,783.22,2555.7573,35.4966,241.3407,0.5278,50,0.8928571428571429,1.2222,2.1048889719684403
CUST755,425515.29,1780.3987,4030.1184,239,338488.88,1416.2715,1604,6.7113,17.5546,398.6068,727.36,1.29,4899.0,316.1957,580.2493,64,154,2022-02-24,2025-05-09,87026.40999999997,0.2045200537917215,6648.67640625,1.824755623837827,2.6156780355519795,1170,18.28125,342,1.2297,2,409.1995,775.4863,1.29,5877.7838,2944.5676,6.6319,17.8156,0.5383,304,0.8888888888888888,1.2297,1.895130126014328
CUST756,4216.66,113.9638,164.2359,37,2973.16,80.3557,89,2.4054,4.1127,82.6094,90.886,2.2283,299.0,58.4846,69.0473,15,32,2022-02-01,2024-12-03,1243.5,0.29490165201842217,281.11066666666665,1.1001895668047463,1.7097779995011224,1036,69.06666666666666,61,1.2078,2,80.6019,93.7701,2.2283,347.7318,174.9035,2.2715,3.9574,0.4805,44,0.7213114754098361,1.2078,1.1633733199837721
CUST757,942.31,72.4854,82.0407,13,671.67,51.6669,160,12.3077,26.7033,48.4286,90.2562,0.1539,249.0,36.9555,72.6143,9,11,2022-03-24,2024-05-23,270.64,0.2872090925491611,104.7011111111111,1.8636962456069348,2.1696417689738943,791,87.88888888888889,19,1.2963,2,70.8042,111.5791,0.1539,335.4765,322.2673,11.9358,25.7261,0.4815,19,1.0,1.2963,1.5758825041452345
CUST758,53188.33,648.6382,920.5649,82,43183.04,526.6224,373,4.5488,6.1927,202.6175,162.5234,0.1538,665.0,165.3995,136.0704,34,52,2022-02-24,2025-06-09,10005.29,0.1881106250186836,1564.3626470588235,0.8021192641306896,1.3613920154766093,1201,35.3235294117647,110,1.2254,2,223.0905,167.2604,0.1538,834.9794,571.2916,4.0232,5.2583,0.5775,105,0.9545454545454546,1.2254,0.7497423691282238
CUST759,22253.31,1171.2268,1192.6121,19,8465.51,445.5532,342,18.0,16.5764,60.9676,13.9826,28.8292,93.5621,23.7561,3.8428,15,2,2022-01-06,2024-03-27,13787.800000000001,0.6195842326377514,1483.554,0.22934476672855747,0.9209111111111111,811,54.06666666666667,29,1.2162,2,64.3942,15.9397,28.8292,105.3872,690.5766,18.6642,18.2948,0.5135,24,0.8275862068965517,1.2162,0.24753316292461122
CUST76,1415107.84,115.3871,237.1691,12264,1103497.16,89.9786,95709,7.8041,107.4608,98.3133,142.7093,0.0112,3499.0,77.3172,118.7409,5797,2817,2022-01-03,2025-09-08,311610.68000000017,0.22020277974009397,244.11037433155082,1.4515767449571932,13.769787675708923,1344,0.23184405727100224,17825,1.2205,2,106.8144,157.1317,0.0112,4014.6661,165004.8598,7.2159,102.6084,0.5363,15672,0.8792145862552595,1.2205,1.4710722524303839
CUST760,1410.66,117.555,93.9025,12,939.01,78.2508,477,39.75,30.9813,4.0169,3.2324,1.1258,13.6133,2.5435,1.8721,10,11,2022-01-14,2023-07-05,471.6500000000001,0.33434704322799264,141.066,0.8047001419004706,0.7794037735849056,537,53.7,21,1.3,2,3.6441,2.2643,1.1258,13.6133,1508.9881,50.2996,36.4602,0.4,15,0.7142857142857143,1.3,0.6213605554183474
CUST761,15180.66,83.4102,117.6169,182,8702.55,47.8162,22342,122.7582,203.9819,21.1535,75.971,0.031,579.0,13.8128,57.779,73,97,2022-01-14,2025-09-04,6478.110000000001,0.4267344107568446,207.95424657534247,3.5914151322476187,1.661656003427877,1329,18.205479452054796,270,1.2373,2,19.281,63.8901,0.031,579.0,47095.3913,133.0378,223.9666,0.5141,239,0.8851851851851852,1.2373,3.313629998444064
CUST762,3005.17,176.7747,283.0151,17,2614.94,153.82,6884,404.9412,711.9818,2.0273,3.5179,0.0195,10.9767,1.9266,3.0891,1,15,2023-11-10,2023-12-11,390.23,0.12985288685831417,3005.17,1.7352636511616437,1.7582350227637988,31,31.0,22,1.2143,2,2.5054,4.153,0.0195,14.3363,8903.9381,317.9978,564.9784,0.6071,23,1.0454545454545454,1.2143,1.6576195417897341
CUST763,8018.55,200.4638,343.347,40,6517.58,162.9395,113,2.825,5.5465,198.8542,344.2384,0.068,2125.0,162.0257,293.755,23,34,2022-05-20,2025-09-08,1500.9700000000003,0.18718720965760646,348.6326086956522,1.7311095264771879,1.9633628318584069,1207,52.47826086956522,56,1.1765,2,204.3207,287.9402,0.068,2125.0,160.9995,2.3676,4.8363,0.5882,47,0.8392857142857143,1.1765,1.4092561350856767
CUST764,25662.97,208.642,469.4619,123,17288.21,140.5546,28119,228.6098,271.9846,2.519,9.2883,0.0293,94.475,1.5083,5.436,39,49,2022-01-06,2025-06-18,8374.760000000002,0.32633635156024426,658.0248717948718,3.6872965462485108,1.1897328985896491,1259,32.282051282051285,178,1.2489,2,2.2797,7.4032,0.0293,94.475,56176.774,237.0328,251.6537,0.519,167,0.9382022471910112,1.2489,3.2474448392332325
CUST765,1191.65,99.3042,142.9112,12,853.37,71.1142,493,41.0833,75.6625,79.9822,149.2546,0.0424,489.0,56.8986,106.1586,3,12,2022-12-28,2023-12-11,338.2800000000001,0.28387529895523017,397.2166666666667,1.8660977067397495,1.8416850642475164,348,116.0,16,1.2,2,52.8704,119.1568,0.0424,489.0,522.6571,26.1329,60.6327,0.6,14,0.875,1.2,2.2537525723278056
CUST766,4669.25,74.1151,66.7529,63,2634.12,41.8114,2042,32.4127,31.5767,21.9023,57.2244,0.0602,411.2,13.1716,40.8463,18,39,2022-01-31,2023-08-29,2035.13,0.43585800717459977,259.40277777777777,2.6127119069686744,0.9742076408321428,575,31.944444444444443,105,1.2045,2,29.765,88.4921,0.0602,483.6797,4459.1458,33.7814,33.2031,0.4773,78,0.7428571428571429,1.2045,2.9730253653620022
CUST767,85460.14,1055.0635,1325.1022,81,66931.78,826.3183,8396,103.6543,230.1646,14.8722,11.59,0.0244,54.07,11.4577,7.8309,53,18,2022-01-04,2025-02-18,18528.36,0.2168070401008002,1612.4554716981131,0.7793063568268312,2.2205021885247405,1141,21.528301886792452,109,1.2378,2,15.65,11.7215,0.0244,67.3783,16081.5527,112.4584,245.5846,0.5664,111,1.018348623853211,1.2378,0.7489776357827477
CUST768,8584.25,75.3004,205.1227,114,4803.51,42.1361,1661,14.5702,67.9591,19.9094,22.0514,0.0135,132.6,11.6777,12.332,99,29,2022-01-03,2025-08-08,3780.74,0.44042752715729383,86.70959595959596,1.1075873707896773,4.664253064474064,1313,13.262626262626263,166,1.2243,2,19.327,20.1256,0.0135,132.6,3653.4038,17.072,75.1323,0.5327,148,0.891566265060241,1.2243,1.0413204325554921
CUST769,816.79,136.1317,114.1135,6,522.42,87.07,9,1.5,0.8367,121.6931,123.642,15.9833,287.0,77.8133,77.0523,6,3,2022-01-12,2022-06-23,294.37,0.3603986336757306,136.13166666666666,1.0160148767678694,0.5578,162,27.0,8,1.2727,2,112.4421,114.5224,15.9833,305.5575,17.9214,1.6292,0.9024,0.5455,8,1.0,1.2727,1.0185010774434131
CUST77,380697.34,237.3425,415.0041,1604,238618.23,148.7645,1613949,1006.2026,2784.9657,15.9036,37.979,0.0049,746.05,11.7588,28.8194,1088,198,2022-01-04,2024-10-03,142079.11000000002,0.3732075196532763,349.905643382353,2.3880756558263534,2.7677981551627875,1003,0.921875,2300,1.2232,2,17.147,41.6911,0.0049,800.1735,2931078.7471,989.8949,2741.9756,0.5417,2045,0.8891304347826087,1.2232,2.431393246632064
CUST770,61280.31,282.3977,503.1961,217,33746.59,155.5142,16901,77.8848,296.1954,23.1782,34.4917,0.008,140.9225,12.8358,18.4405,93,75,2022-01-04,2025-08-11,27533.72,0.44930777928505916,658.928064516129,1.488109516701038,3.802993652163195,1315,14.13978494623656,309,1.2217,2,22.327,34.4576,0.008,147.1293,32708.2382,82.3885,301.5706,0.5466,278,0.8996763754045307,1.2217,1.54331526850898
CUST771,3725.28,620.88,752.3631,6,2544.4,424.0667,37,6.1667,4.7504,111.4611,127.6506,25.968,276.14,75.7372,89.6859,4,3,2022-01-06,2022-05-26,1180.88,0.3169909375939527,931.32,1.1452479833771603,0.7703309711839396,140,35.0,6,1.25,2,134.2887,145.5229,25.968,367.4812,49.0,6.125,4.051,0.75,8,1.3333333333333333,1.25,1.083657076135222
CUST772,7244.05,658.55,506.0434,11,4090.52,371.8655,149,13.5455,18.8434,82.6224,32.4772,24.9206,120.72,43.0945,15.572,9,3,2022-02-09,2024-12-03,3153.53,0.43532692347512786,804.8944444444445,0.3930798427545073,1.39111882174892,1028,114.22222222222223,15,1.25,2,82.9928,35.3202,24.9206,135.7782,326.7389,16.3369,19.8695,0.55,16,1.0666666666666667,1.25,0.42558149622617863
CUST773,3784.37,114.6779,28.8431,33,2327.07,70.5173,35,1.0606,0.3482,109.4201,12.8635,86.75,121.02,67.0712,9.05,33,1,2022-01-21,2023-06-01,1457.2999999999997,0.38508391092837113,114.67787878787878,0.11756066755559536,0.32830473316990383,496,15.030303030303031,42,1.2075,2,115.8143,17.3857,86.75,169.8479,54.6157,1.0305,0.2782,0.6226,43,1.0238095238095237,1.2075,0.15011704081447627
CUST774,13526.31,31.6775,24.7258,427,8788.01,20.5808,3266,7.6487,8.1918,5.8607,4.6281,0.21,22.115,3.8257,3.108,78,21,2022-01-04,2024-03-20,4738.299999999999,0.35030248456526575,173.41423076923076,0.7896838261641101,1.071005530351563,806,10.333333333333334,615,1.2379,2,6.0097,4.8078,0.21,30.154,6370.5708,7.8941,8.2705,0.5291,557,0.9056910569105691,1.2379,0.800006655906285
CUST775,44024.99,178.2388,245.1589,247,31162.63,126.1645,10522,42.5992,238.2353,99.0104,105.7816,0.0354,449.0,72.9718,84.0308,132,181,2022-01-13,2025-08-11,12862.359999999997,0.2921604297922611,333.5226515151515,1.0683887753205723,5.59248295742643,1306,9.893939393939394,354,1.2098,2,107.8751,116.0886,0.0354,656.7341,23570.6707,52.6131,293.6438,0.5513,315,0.8898305084745762,1.2098,1.076138979245442
CUST776,584.14,22.4669,47.2349,26,427.92,16.4585,696,26.7692,35.324,11.1164,48.5416,0.0438,249.0,9.4208,42.7808,2,25,2022-02-07,2022-03-21,156.21999999999997,0.2674358886568288,292.07,4.366665467237595,1.3195762293979647,42,21.0,34,1.2093,2,7.4539,37.7478,0.0438,249.0,1053.694,24.5045,30.2752,0.6047,31,0.9117647058823529,1.2093,5.064167751110157
CUST777,1252.77,417.59,120.0561,3,348.48,116.16,132,44.0,13.8564,9.5442,0.5095,9.25,10.1325,2.64,0.0,1,3,2022-01-31,2022-01-31,904.29,0.7218324193587011,1252.77,0.05338320655476624,0.3149181818181818,0,0.0,6,1.0,1,10.0293,0.6399,9.25,10.782,265.3358,44.2226,12.7045,0.5,3,0.5,1.0,0.06380305704286442
CUST778,7523.29,45.5957,43.452,165,5458.56,33.0822,84704,513.3576,588.6464,4.6058,18.1306,0.0064,84.54,2.7953,10.8145,14,12,2022-01-05,2025-09-05,2064.7299999999996,0.2744450898476597,537.3778571428571,3.936471405619002,1.1466595605090875,1339,95.64285714285714,229,1.2264,2,3.8054,16.333,0.0064,93.6539,146513.2711,494.9773,555.7781,0.5574,216,0.9432314410480349,1.2264,4.292058653492405
CUST779,8891.58,683.9677,627.2852,13,5566.19,428.1685,2503,192.5385,214.2015,29.9377,64.9355,3.11,199.0,20.4205,47.8119,9,3,2022-07-06,2024-03-14,3325.3900000000003,0.3739931485742692,987.9533333333334,2.1690210002772425,1.1125125624225805,617,68.55555555555556,18,1.2174,2,18.6487,49.734,3.11,199.0,4688.6039,203.8523,200.9578,0.5652,17,0.9444444444444444,1.2174,2.6668883085684256
CUST78,28689.3,94.6842,89.5573,303,16616.25,54.8391,14731,48.6172,101.3977,29.0536,44.8072,0.3596,541.67,17.1347,25.6903,39,52,2022-01-19,2023-10-04,12073.05,0.42082065439031274,735.623076923077,1.5422254040807337,2.0856343022633967,623,15.974358974358974,455,1.2128,2,29.4817,51.5121,0.3596,577.2185,29164.7955,50.4581,101.8346,0.5242,381,0.8373626373626374,1.2128,1.7472567728455277
CUST780,139464.75,343.5092,635.6858,406,131464.46,323.8041,293379,722.6084,1469.0712,1.6777,9.1989,0.005,102.97,1.2305,6.1832,64,45,2022-01-05,2025-09-05,8000.290000000008,0.05736424436999319,2179.13671875,5.483042260237229,2.0330115177183106,1339,20.921875,601,1.2205,2,2.1259,11.5624,0.005,114.5929,633478.9516,821.6329,2031.4253,0.5266,532,0.8851913477537438,1.2205,5.4388259090267645
CUST781,40370.47,395.7889,395.9535,102,27817.63,272.7219,51566,505.549,451.1029,0.7868,0.5417,0.1004,5.7583,0.5349,0.3855,5,3,2022-01-18,2025-09-03,12552.84,0.31094114088837704,8074.094,0.6884850025419419,0.8923030210721413,1324,264.8,144,1.2216,2,0.8819,0.7332,0.1004,6.5587,91197.2986,492.9584,453.3889,0.5514,131,0.9097222222222222,1.2216,0.8313867785463204
CUST782,30913.92,909.2329,1393.0624,34,30872.44,908.0129,371663,10931.2647,30534.3517,1.7026,3.0664,0.0327,13.5988,1.7377,3.2344,33,28,2024-10-25,2025-08-25,41.47999999999956,0.001341790364987668,936.7854545454545,1.8010102196640432,2.7933045752702337,304,9.212121212121213,50,1.2958,2,1.7081,3.2984,0.0327,17.5648,779499.7362,10978.8695,31424.0922,0.4789,50,1.0,1.2958,1.9310344827586208
CUST783,60264.79,1255.5165,1366.2272,48,28346.62,590.5546,381876,7955.75,7957.3052,0.1865,0.1865,0.013,0.75,0.0843,0.0903,33,6,2022-01-11,2025-08-06,31918.170000000002,0.5296321450717741,1826.2057575757576,1.0,1.0001954812556955,1303,39.484848484848484,68,1.1807,2,0.2216,0.224,0.013,1.0584,656251.5633,7906.6453,8340.2573,0.5783,57,0.8382352941176471,1.1807,1.0108303249097474
CUST784,19934.97,93.5914,97.0736,213,8486.73,39.8438,74540,349.9531,587.6559,0.8835,1.0079,0.03,7.0543,0.3846,0.4855,126,20,2022-01-07,2025-09-02,11448.240000000002,0.5742792690432943,158.21404761904762,1.1408036219581212,1.6792418755541814,1334,10.587301587301587,295,1.2358,2,0.9611,1.1483,0.03,8.8131,133366.5461,345.5092,588.6136,0.5518,271,0.9186440677966101,1.2358,1.1947768182291125
CUST785,40442.09,586.1172,924.6307,69,18193.1,263.6681,10088,146.2029,150.2605,29.9457,46.9102,0.0313,148.65,13.3074,21.4187,41,16,2022-02-23,2025-05-27,22248.989999999998,0.550144416374129,986.3924390243901,1.5665087141058651,1.0277532114616057,1189,29.0,99,1.2016,2,33.4375,50.4254,0.0313,179.1964,18661.9357,150.4995,151.1033,0.5565,91,0.9191919191919192,1.2016,1.5080493457943926
CUST786,2694.73,192.4807,90.9352,14,1799.69,128.5493,62,4.4286,5.1098,93.5788,71.9447,16.4557,229.0,68.8171,59.4399,6,10,2022-06-24,2023-12-29,895.04,0.3321445933358815,449.12166666666667,0.768814090370896,1.1538183624621776,553,92.16666666666667,21,1.25,2,119.1425,89.0371,16.4557,284.0334,112.6203,4.0222,4.777,0.5,19,0.9047619047619048,1.25,0.7473160291247876
CUST787,19541.03,219.5621,229.5581,89,13722.5,154.1854,1071,12.0337,28.4731,102.8682,121.6649,1.292,599.0,75.8953,99.4176,36,62,2022-01-05,2024-10-04,5818.529999999999,0.29775963703039193,542.8063888888888,1.1827260513939195,2.366113497926656,1003,27.86111111111111,140,1.1954,2,108.1925,123.6873,1.292,637.6248,1931.3159,11.0995,25.8435,0.5115,111,0.7928571428571428,1.1954,1.1432151027104467
CUST788,2950.05,84.2871,108.2233,35,1346.54,38.4726,1190,34.0,40.2214,18.384,75.2906,0.2167,449.0,12.9262,60.3426,16,26,2022-06-01,2025-05-16,1603.5100000000002,0.5435534990932358,184.378125,4.095441688424717,1.1829823529411765,1080,67.5,53,1.1846,2,12.6709,55.3635,0.2167,449.0,2054.6814,31.6105,35.7077,0.5385,44,0.8301886792452831,1.1846,4.369342351372041
CUST789,92.72,23.18,22.5975,4,42.66,10.665,106,26.5,21.362,0.7006,0.288,0.4512,0.95,0.3223,0.1326,3,2,2022-09-09,2023-02-03,50.06,0.5399050905953409,30.906666666666666,0.4110762203825292,0.8061132075471698,147,49.0,9,1.1,2,0.6908,0.2646,0.4512,1.0486,230.6217,23.0622,19.4173,0.4,5,0.5555555555555556,1.1,0.38303416328894035
CUST79,2612.81,124.4195,143.3497,21,2514.9,119.7571,39244,1868.7619,3194.0423,21.3246,31.5002,0.0115,119.23,13.8169,19.0766,9,17,2022-02-01,2025-03-04,97.90999999999985,0.03747306539702461,290.3122222222222,1.4771765941682375,1.7091756312026696,1127,125.22222222222223,34,1.2917,2,36.7509,48.3054,0.0115,155.5036,137472.3149,2864.0066,3895.9254,0.4375,29,0.8529411764705882,1.2917,1.3144004636621143
CUST790,1702.94,851.47,1062.8239,2,1065.44,532.72,231,115.5,160.5132,28.485,30.3844,7.0,49.97,18.93,20.6051,2,2,2022-09-14,2023-05-01,637.5,0.37435259022631445,851.47,1.0666807091451642,1.3897246753246755,229,114.5,2,1.0,1,28.485,30.3844,7.0,49.97,231.0,115.5,160.5132,1.0,2,1.0,1.0,1.0666807091451642
CUST791,4562.25,1520.75,941.9834,3,3140.59,1046.8633,760,253.3333,219.3931,7.7625,4.5145,5.1,12.975,5.8908,3.9783,1,3,2024-09-05,2024-09-05,1421.6599999999999,0.311613787056825,4562.25,0.5815780998389694,0.8660255086875669,0,0.0,7,1.2222,2,9.2439,4.5773,5.1,14.8286,1996.044,221.7827,194.3335,0.3333,4,0.5714285714285714,1.2222,0.4951697876437435
CUST792,12476.92,122.3227,241.612,102,5555.73,54.4679,5225,51.2255,94.9704,8.7178,18.6208,0.0299,72.6,4.0527,8.3876,83,40,2022-01-06,2025-09-04,6921.1900000000005,0.554719433962869,150.32433734939758,2.1359517309412923,1.85396726239861,1337,16.10843373493976,154,1.2103,2,8.6432,18.3987,0.0299,94.894,8746.3229,44.8529,80.3758,0.5231,126,0.8181818181818182,1.2103,2.1286907626804887
CUST793,474.93,47.493,39.4338,10,304.6,30.46,63,6.3,7.7467,29.9345,45.034,1.3676,128.89,19.4695,29.9539,2,9,2022-02-10,2023-01-23,170.32999999999998,0.35864232623755077,237.465,1.504417979254706,1.2296349206349206,347,173.5,13,1.1875,2,28.7221,47.2821,1.3676,139.4009,102.6363,6.4148,6.4363,0.625,12,0.9230769230769231,1.1875,1.646192304880214
CUST794,153.0,76.5,36.0624,2,99.3,49.65,30,15.0,7.0711,5.1,0.0,5.1,5.1,3.31,0.0,1,1,2022-05-05,2022-06-29,53.7,0.3509803921568628,153.0,0.0,0.4714066666666667,55,55.0,2,1.0,1,5.1,0.0,5.1,5.1,30.0,15.0,7.0711,1.0,2,1.0,1.0,0.0
CUST795,357.23,35.723,25.8236,10,222.43,22.243,239,23.9,46.4434,20.4394,27.6939,0.0889,95.09,13.2729,17.9967,4,9,2022-08-04,2023-04-17,134.8,0.3773479271057862,89.3075,1.3549272483536698,1.9432384937238494,256,64.0,16,1.2727,2,21.9264,27.3941,0.0889,105.9295,479.8496,21.8113,43.7193,0.4545,15,0.9375,1.2727,1.2493660610040864
CUST796,1000.29,71.4493,105.1063,14,648.01,46.2864,1711,122.2143,270.1052,31.8306,105.8461,0.034,399.0,26.9877,93.4063,10,11,2022-04-15,2023-08-21,352.28,0.35217786841815873,100.029,3.3252938995809065,2.210094890696097,493,49.3,23,1.2069,2,16.6071,73.686,0.034,399.0,2427.6366,83.7116,198.7859,0.4828,15,0.6521739130434783,1.2069,4.437017901981683
CUST797,2685.27,86.6216,108.7752,31,1426.79,46.0255,3090,99.6774,450.8917,23.7451,63.5627,0.2078,294.65,12.2434,32.1488,14,11,2022-02-16,2025-06-25,1258.48,0.4686605071370849,191.805,2.6768764924131716,4.52350984275272,1225,87.5,47,1.1455,2,16.7493,48.3424,0.2078,294.65,10779.6918,195.9944,629.0109,0.5636,35,0.7446808510638298,1.1455,2.886234051572304
CUST798,4843.17,110.072,76.167,44,1453.53,33.0348,49542,1125.9545,624.6694,2.384,13.582,0.0335,90.0,1.6321,9.8005,14,17,2022-04-06,2025-07-03,3389.6400000000003,0.6998804502010048,345.9407142857143,5.697147651006712,0.5547909795644496,1184,84.57142857142857,61,1.2278,2,2.7761,14.9604,0.0335,98.6857,89886.1305,1137.7991,671.411,0.557,56,0.9180327868852459,1.2278,5.3889989553690425
CUST799,62682.73,48.1065,46.0615,1303,44419.73,34.0904,10690,8.2041,7.1126,7.5814,6.1792,1.05,25.92,5.5725,5.1251,166,32,2022-01-04,2023-08-31,18263.0,0.29135616779932844,377.60680722891567,0.8150473527316854,0.866956765519679,604,3.63855421686747,1886,1.2229,2,8.1635,6.6723,1.05,38.3538,19484.8178,8.0284,7.0706,0.5369,1683,0.8923647932131495,1.2229,0.8173332516690144
CUST8,26250.03,62.7991,51.8654,418,19897.97,47.6028,1500,3.5885,18.8981,51.3651,40.0604,0.01,284.03,38.3861,31.3501,171,58,2022-01-04,2025-09-08,6352.059999999998,0.24198296154328197,153.50894736842105,0.7799147670305324,5.266295109377177,1343,7.853801169590644,596,1.2339,2,55.5404,46.3826,0.01,398.2091,3336.3543,4.2884,23.4701,0.5373,547,0.9177852348993288,1.2339,0.8351146192681363
CUST80,77860.16,156.3457,137.8507,498,51078.98,102.5682,18400,36.9478,194.5685,43.8754,43.2059,0.288,207.0775,28.403,27.5965,36,60,2022-01-06,2023-09-06,26781.18,0.34396512927792594,2162.782222222222,0.9847408798552264,5.266037490730165,608,16.88888888888889,719,1.2219,2,46.8001,46.8142,0.288,230.4789,39545.999,42.7987,192.9225,0.539,646,0.8984700973574409,1.2219,1.0003012814075183
CUST800,1768.8,147.4,162.4046,12,915.89,76.3242,132,11.0,11.5758,31.0898,32.2178,0.463,74.6625,15.1796,17.1406,5,11,2023-08-23,2024-11-01,852.91,0.4821969696969697,353.76,1.0362819960244194,1.0523454545454545,436,87.2,16,1.3333,2,37.2893,36.1619,0.463,96.161,212.531,8.8555,9.7524,0.5,17,1.0625,1.3333,0.9697661259396129
CUST801,2711.1,150.6167,119.1717,18,1595.7,88.65,744,41.3333,56.6195,17.1949,23.7218,0.3686,84.9367,10.2445,14.5322,8,7,2022-01-10,2023-06-21,1115.3999999999999,0.4114197189332743,338.8875,1.3795834811484802,1.369827717602998,527,65.875,24,1.2,2,20.5038,23.5255,0.3686,84.9367,969.485,32.3162,47.2766,0.6,21,0.875,1.2,1.1473726821369699
CUST802,6193.45,344.0806,167.3956,18,2802.92,155.7178,672,37.3333,48.9273,32.397,52.2134,3.6349,174.97,20.2599,43.3056,14,7,2022-01-06,2023-02-08,3390.5299999999997,0.5474380191977007,442.3892857142857,1.6116739204247308,1.3105538487087935,398,28.428571428571427,30,1.2105,2,36.3564,61.9649,3.6349,259.5027,1529.4258,40.248,50.9883,0.4737,25,0.8333333333333334,1.2105,1.7043739204101616
CUST803,2688.71,336.0888,221.4085,8,1418.31,177.2888,2880,360.0,655.9617,36.2132,90.852,0.0275,260.78,14.7777,34.835,7,4,2022-01-05,2024-09-16,1270.4,0.4724942444518003,384.1014285714286,2.508808942595518,1.8221158333333332,985,140.71428571428572,14,1.0667,2,22.2367,66.1813,0.0275,260.78,5740.2334,382.6822,688.3807,0.5333,9,0.6428571428571429,1.0667,2.9762194930003103
CUST804,4986.28,124.657,124.0554,40,2550.94,63.7735,1933,48.325,60.1065,23.3172,41.4595,0.0172,163.97,13.2306,27.1557,16,26,2022-03-09,2025-07-03,2435.3399999999997,0.48840819207906494,311.6425,1.7780651193110664,1.243797206414899,1212,75.75,52,1.2121,2,27.2632,45.7556,0.0172,209.5583,2885.5781,43.7209,52.7147,0.6061,52,1.0,1.2121,1.678291616538044
CUST805,7578.64,1263.1067,820.0063,6,5482.12,913.6867,552,92.0,56.1249,20.6571,19.5324,4.6262,48.0973,14.9267,14.1254,6,4,2022-01-17,2025-03-12,2096.5200000000004,0.2766353857684229,1263.1066666666668,0.9455538289498525,0.6100532608695651,1150,191.66666666666666,12,1.2941,2,22.535,22.2325,4.6262,55.0771,1629.6193,95.86,46.8722,0.3529,8,0.6666666666666666,1.2941,0.9865764366540937
CUST806,1793.56,597.8533,461.2345,3,1207.93,402.6433,173,57.6667,57.8821,14.8297,7.2671,6.4384,19.0258,10.29,5.3867,2,2,2025-03-14,2025-04-16,585.6299999999999,0.3265182095943263,896.78,0.4900368854393548,1.0037352579564984,33,16.5,4,1.2,2,15.0484,6.6624,6.4384,21.3584,342.7363,68.5473,49.7959,0.6,4,1.0,1.2,0.4427314531777464
CUST807,3657.39,192.4942,190.9275,19,2186.53,115.0805,1392,73.2632,229.9403,51.0012,32.6409,0.1745,147.06,28.8109,16.7837,8,11,2022-01-03,2023-02-28,1470.8599999999997,0.4021611039566466,457.17375,0.6400025881743959,3.1385511416372753,421,52.625,31,1.1389,2,60.7226,30.7553,0.1745,160.5193,1432.8381,39.8011,168.7577,0.5278,22,0.7096774193548387,1.1389,0.5064885232187027
CUST808,114.6,114.6,0.0,1,69.43,69.43,12,12.0,0.0,9.55,0.0,9.55,9.55,5.7858,0.0,1,1,2023-01-31,2023-01-31,45.16999999999999,0.394153577661431,114.6,0.0,0.0,0,0.0,1,1.0,1,9.55,0.0,9.55,9.55,12.0,12.0,0.0,1.0,1,1.0,1.0,0.0
CUST809,15793.86,478.6018,379.6509,33,12560.08,380.6085,108,3.2727,5.1312,215.8721,135.2189,0.542,699.99,170.0373,115.8758,11,19,2022-09-06,2025-08-28,3233.7800000000007,0.20474918734242298,1435.8054545454545,0.6263843266452682,1.5678797323311027,1087,98.81818181818181,44,1.1698,2,223.4324,128.9981,0.542,699.99,151.7353,2.8629,4.1188,0.6226,42,0.9545454545454546,1.1698,0.5773473318999393
CUST81,456646.71,288.1052,610.8396,1585,296193.37,186.8728,2468334,1557.3085,2575.5584,2.0369,5.9776,0.0062,95.1,1.4407,4.2547,632,293,2024-09-03,2025-09-05,160453.34000000003,0.3513730340901832,722.5422626582279,2.9346556041042757,1.6538523998295775,367,0.5806962025316456,2288,1.2116,2,2.2266,6.6359,0.0062,123.1343,4307890.5913,1484.4558,2393.2258,0.5462,2008,0.8776223776223776,1.2116,2.9802838408335584
CUST810,995.31,58.5476,68.8086,17,522.59,30.7406,87,5.1176,11.7786,27.8383,32.9594,0.5638,104.82,16.1202,20.6768,7,15,2022-02-18,2022-10-27,472.7199999999999,0.4749475037927881,142.18714285714285,1.183958790587069,2.3015866812568393,251,35.857142857142854,20,1.2593,2,27.1782,33.7955,0.5638,120.1423,147.579,5.4659,12.9668,0.6296,23,1.15,1.2593,1.2434782288746127
CUST811,1525.5,69.3409,58.973,22,952.48,43.2945,326,14.8182,34.6515,58.5992,63.8566,0.122,231.31,38.1998,42.209,9,21,2022-05-16,2024-12-23,573.02,0.37562766306129136,169.5,1.0897179483678958,2.3384419160221888,952,105.77777777777777,35,1.2045,2,65.3735,62.6175,0.122,245.9307,620.7993,14.1091,32.5921,0.5,30,0.8571428571428571,1.2045,0.9578422449463466
CUST812,328.99,328.99,0.0,1,230.29,230.29,1,1.0,0.0,328.99,0.0,328.99,328.99,230.29,0.0,1,1,2024-06-24,2024-06-24,98.70000000000002,0.3000091188182012,328.99,0.0,0.0,0,0.0,1,1.0,1,328.99,0.0,328.99,328.99,1.0,1.0,0.0,1.0,1,1.0,1.0,0.0
CUST813,203.7,50.925,2.91,4,133.21,33.3025,8,2.0,0.0,25.4625,1.455,24.735,27.645,16.6512,2.5375,2,1,2022-04-25,2022-08-08,70.48999999999998,0.3460481099656357,101.85,0.05714285714285715,0.0,105,52.5,6,1.1429,2,26.1818,1.39,24.735,27.645,14.7816,2.1117,0.1459,0.5714,4,0.6666666666666666,1.1429,0.05309031464605184
CUST814,5041.3,50.9222,70.2542,99,2225.37,22.4785,7814,78.9293,78.1794,2.1154,4.8631,0.0292,39.2808,0.9497,1.8432,20,46,2022-01-04,2024-10-29,2815.9300000000003,0.5585721936802016,252.065,2.298903280703413,0.9904990922255741,1029,51.45,145,1.1944,2,2.3793,5.9824,0.0292,42.8941,14837.0001,82.4278,78.8966,0.55,119,0.8206896551724138,1.1944,2.5143529609549025
CUST815,14182.61,66.8991,113.7591,212,5960.1,28.1137,24875,117.3349,113.5607,0.8447,1.7087,0.0067,9.334,0.3875,1.1577,33,73,2025-04-10,2025-09-04,8222.51,0.5797600018614345,429.77606060606064,2.022848348526104,0.9678339522171152,147,4.454545454545454,326,1.254,2,0.8922,1.8498,0.0067,13.0171,51462.4016,117.7629,110.7177,0.4851,287,0.8803680981595092,1.254,2.0733019502353733
CUST816,1179.39,235.878,29.7348,5,718.48,143.696,20,4.0,0.0,58.9695,7.4337,50.015,68.8975,35.924,2.6033,5,1,2022-02-08,2023-04-21,460.9100000000001,0.390803720567412,235.87800000000001,0.12606008190674842,0.0,437,87.4,8,1.1111,2,63.3798,12.6053,50.015,92.2481,34.7036,3.856,0.2356,0.5556,6,0.75,1.1111,0.1988851337492387
CUST817,4507.81,265.1653,308.6986,17,1660.06,97.6506,17708,1041.6471,1148.2984,0.7406,0.9624,0.0312,2.9624,0.2387,0.2908,8,10,2022-01-20,2025-07-01,2847.7500000000005,0.6317369188142358,563.47625,1.2994869025114772,1.1023871712406246,1258,157.25,27,1.2059,2,0.8177,0.9679,0.0312,2.9855,34116.555,1003.4281,1097.7874,0.5,20,0.7407407407407407,1.2059,1.1836859483918307
CUST818,4197.32,209.866,148.0878,20,1876.86,93.843,7983,399.15,265.9417,0.5113,0.149,0.305,0.7179,0.2341,0.0965,16,5,2024-02-12,2025-06-10,2320.46,0.55284324283114,262.3325,0.29141404263641696,0.6662700739070526,484,30.25,28,1.2222,2,0.556,0.1532,0.305,0.8246,14788.2072,410.7835,223.3531,0.5556,25,0.8928571428571429,1.2222,0.2755395683453237
CUST819,7667.39,163.136,251.9374,47,6897.89,146.7636,14480,308.0851,998.1778,5.32,8.2489,0.0002,21.3125,4.7151,7.3312,16,15,2022-01-12,2025-09-03,769.5,0.10036009646046438,479.211875,1.550545112781955,3.239941821269513,1330,83.125,66,1.2048,2,6.5452,9.2154,0.0002,23.9589,24502.4604,295.2104,888.2775,0.5663,56,0.8484848484848485,1.2048,1.407963087453401
CUST82,1005212.18,1170.2121,2438.7894,859,690272.19,803.5765,212514,247.397,425.6928,96.0168,146.6488,0.0268,605.6463,67.4715,102.5744,407,189,2022-01-04,2025-09-05,314939.9900000001,0.31330697763729853,2469.8087960687963,1.5273243848993092,1.720686992970812,1340,3.2923832923832923,1242,1.2119,2,100.2575,156.6329,0.0268,736.726,385594.4274,244.6665,407.0201,0.5451,1081,0.8703703703703703,1.2119,1.5623060618906317
CUST820,29162.24,70.7821,86.9842,412,25529.52,61.9649,154212,374.301,355.9001,0.1904,0.1997,0.03,1.2768,0.1799,0.2052,14,10,2022-01-03,2025-09-03,3632.720000000001,0.12456930606153714,2083.017142857143,1.0488445378151259,0.9508392977844036,1339,95.64285714285714,615,1.2245,2,0.2157,0.2378,0.03,1.4662,292470.2113,368.8149,349.5185,0.5195,527,0.8569105691056911,1.2245,1.1024571163653223
CUST821,189.33,10.5183,20.973,18,189.2,10.5111,727,40.3889,42.8295,0.2096,0.2792,0.0165,0.7142,0.217,0.2845,6,6,2022-01-05,2024-04-16,0.13000000000002387,0.0006866318068981348,31.555000000000003,1.33206106870229,1.060427493692574,832,138.66666666666666,22,1.2903,2,0.2019,0.3091,0.0165,1.0335,1521.373,49.0765,45.2969,0.5806,26,1.1818181818181819,1.2903,1.530955918771669
CUST822,6243.48,86.715,108.0639,72,4799.39,66.6582,47373,657.9583,946.1403,0.6655,1.5278,0.0115,10.59,0.4164,1.3326,27,20,2022-01-05,2025-08-05,1444.0899999999992,0.23129568766136824,231.23999999999998,2.2957175056348613,1.437994322740514,1308,48.44444444444444,104,1.218,2,0.6805,1.6204,0.0115,12.1071,75104.9511,564.6989,838.1287,0.5414,96,0.9230769230769231,1.218,2.381190301249082
CUST823,276.7,10.6423,14.3044,26,134.16,5.16,546,21.0,20.9647,2.6775,6.9439,0.0228,35.99,1.4529,3.8015,7,26,2022-03-25,2023-12-11,142.54,0.5151427538850741,39.528571428571425,2.5934267040149392,0.9983190476190477,626,89.42857142857143,38,1.1915,2,3.9443,9.8755,0.0228,47.7117,894.7591,19.0374,20.817,0.5532,34,0.8947368421052632,1.1915,2.5037395735618486
CUST824,3635.62,30.0464,46.5098,121,1681.31,13.8951,13444,111.1074,109.8312,0.8545,1.6889,0.0107,11.867,0.3711,0.6921,4,74,2022-01-12,2022-12-14,1954.31,0.5375451779888988,908.905,1.9764774722059684,0.9885138163614664,336,84.0,164,1.2039,2,0.8603,1.6965,0.0107,11.867,25269.7251,122.6686,116.2651,0.5874,154,0.9390243902439024,1.2039,1.9719865163315122
CUST825,154.13,51.3767,38.0601,3,60.91,20.3033,400,133.3333,28.8675,0.3766,0.2319,0.1876,0.6353,0.1482,0.094,1,3,2023-04-05,2023-04-05,93.22,0.6048141179523778,154.13,0.6157727031332979,0.216506304126576,0,0.0,4,1.3333,2,0.461,0.234,0.1876,0.6935,828.483,138.0805,19.3858,0.5,4,1.0,1.3333,0.5075921908893709
CUST826,16467.53,2058.4412,1632.9168,8,7107.83,888.4788,2643,330.375,219.4987,6.2283,1.7354,3.9818,7.79,2.8812,0.5601,5,1,2022-01-24,2024-06-28,9359.699999999999,0.5683730346931203,3293.506,0.27863140824944205,0.6643925841846388,886,177.2,16,1.1579,2,6.5907,2.1618,3.9818,11.4128,5208.4018,274.1264,206.5113,0.4211,9,0.5625,1.1579,0.3280076471391506
CUST827,182.2,45.55,35.2105,4,100.19,25.0475,424,106.0,108.5419,3.1989,3.6059,0.0526,6.3217,1.8783,2.1381,2,4,2022-12-13,2023-01-30,82.00999999999999,0.4501097694840834,91.1,1.1272312357372847,1.0239801886792452,48,24.0,6,1.25,2,4.509,3.7583,0.0526,8.7215,691.5782,86.4473,102.5957,0.5,6,1.0,1.25,0.8335107562652473
CUST828,219.16,54.79,81.512,4,150.33,37.5825,112,28.0,48.0208,22.8109,43.4708,0.2836,88.0,16.6807,32.88,3,4,2022-04-04,2025-01-28,68.82999999999998,0.31406278517977726,73.05333333333333,1.9057029753319683,1.7150285714285716,1030,343.3333333333333,4,1.2,2,18.9868,38.6057,0.2836,88.0,117.0,23.4,42.8404,0.8,5,1.25,1.2,2.033291549918891
CUST829,534.49,534.49,0.0,1,371.14,371.14,6,6.0,0.0,89.0817,0.0,89.0817,89.0817,61.8567,0.0,1,1,2025-07-02,2025-07-02,163.35000000000002,0.3056184400082322,534.49,0.0,0.0,0,0.0,1,1.0,1,89.0817,0.0,89.0817,89.0817,6.0,6.0,0.0,1.0,1,1.0,1.0,0.0
CUST83,360602.97,330.2225,593.1802,1092,246596.12,225.8206,206288,188.9084,1150.8283,27.7028,55.3693,0.0034,345.0,19.5579,41.9733,337,429,2022-01-06,2025-08-25,114006.84999999998,0.3161561592240906,1070.0384866468842,1.9986896631387443,6.091991144914678,1327,3.9376854599406528,1564,1.225,2,28.6482,58.5689,0.0034,434.2942,399556.9047,197.9965,1233.1372,0.5411,1416,0.9053708439897699,1.225,2.0444181484351547
CUST830,120684.52,296.5222,1106.2348,407,55747.62,136.972,225656,554.4373,875.3645,4.685,19.1774,0.0177,123.8883,2.9315,12.9578,174,91,2022-01-05,2025-09-04,64936.9,0.5380714941734035,693.5891954022989,4.093361792956244,1.5788340719500653,1338,7.689655172413793,608,1.2215,2,5.6018,22.0883,0.0177,139.4735,477992.1636,612.0258,966.7027,0.5211,524,0.8618421052631579,1.2215,3.94307186975615
CUST831,144.02,28.804,24.3927,5,70.2,14.04,7,1.4,0.8944,19.5693,9.349,3.39,27.56,10.668,5.6199,4,5,2022-06-13,2022-07-25,73.82000000000001,0.5125676989307041,36.005,0.47773808976304727,0.6388571428571429,42,10.5,7,1.2222,2,22.9564,7.8569,3.39,29.5762,11.2865,1.2541,0.6617,0.5556,6,0.8571428571428571,1.2222,0.34225314073635243
CUST832,287.12,57.424,37.8195,5,205.43,41.086,24,4.8,4.6583,34.3746,44.6963,3.4914,109.0,25.573,35.0127,5,4,2022-08-18,2024-05-06,81.69,0.28451518528838116,57.424,1.3002711304276995,0.9704791666666667,627,125.4,6,1.25,2,24.8881,36.5632,3.4914,109.0,48.8075,6.1009,4.9036,0.625,6,1.0,1.25,1.4691037081978937
CUST833,3357.83,176.7279,141.2925,19,2148.45,113.0763,4225,222.3684,914.9874,60.8689,74.6305,0.151,283.0,42.6758,61.5458,13,15,2022-01-11,2022-09-21,1209.38,0.3601671317487783,258.2946153846154,1.226085899367329,4.114736626247255,253,19.46153846153846,27,1.2059,2,57.1564,60.8733,0.151,283.0,8300.1718,244.1227,953.2124,0.5588,25,0.9259259259259259,1.2059,1.065030337809939
CUST834,12105.11,864.6507,578.6587,14,8130.92,580.78,4575,326.7857,289.6391,3.1997,1.3719,0.7363,6.32,2.1777,1.0755,9,5,2022-03-11,2022-09-14,3974.1900000000005,0.32830680596871903,1345.0122222222224,0.42875894615120164,0.8863273392929983,187,20.77777777777778,20,1.2,2,3.7687,1.5915,0.7363,8.7197,7071.6881,282.8675,232.5117,0.56,17,0.85,1.2,0.42229415978984797
CUST835,992.57,47.2652,39.9958,21,438.05,20.8595,3042,144.8571,290.1273,2.3261,5.1999,0.0407,24.645,1.2629,3.6827,13,14,2022-02-15,2024-12-04,554.52,0.558670924972546,76.35153846153847,2.235458492756116,2.0028517759916498,1023,78.6923076923077,34,1.2766,2,1.6875,3.5289,0.0407,24.645,6575.4033,139.9022,271.0416,0.4468,27,0.7941176470588235,1.2766,2.0912
CUST836,1203.05,109.3682,53.1107,11,655.69,59.6082,776,70.5455,36.5824,19.2418,59.6196,0.568,199.0,15.0079,47.757,10,5,2022-04-06,2023-06-21,547.3599999999999,0.45497693362703123,120.30499999999999,3.0984419337068254,0.5185646143269237,441,44.1,16,1.2,2,11.2952,44.1821,0.568,199.0,1454.0995,72.705,31.03,0.55,13,0.8125,1.2,3.9115819109002055
CUST837,577.64,25.1148,26.9434,23,301.71,13.1178,391,17.0,41.0421,6.8237,16.3165,0.0217,77.82,3.4205,8.2188,12,19,2022-03-25,2023-03-20,275.93,0.4776850633612631,48.13666666666666,2.3911514281108492,2.414241176470588,360,30.0,34,1.1282,2,5.1012,12.9614,0.0217,77.82,532.139,13.6446,32.1218,0.5897,26,0.7647058823529411,1.1282,2.5408531325962516
CUST838,254.92,63.73,36.3251,4,107.33,26.8325,212,53.0,36.0925,2.935,4.0678,0.1888,8.9875,1.2008,1.6133,3,4,2023-08-21,2025-05-27,147.58999999999997,0.5789659501019927,84.97333333333333,1.3859625212947189,0.6809905660377359,645,215.0,4,1.2,2,4.4444,4.8786,0.1888,10.4817,224.0,44.8,36.2381,0.8,5,1.25,1.2,1.0976959769597696
CUST839,6389.88,141.9973,370.4736,45,4846.56,107.7013,153,3.4,10.1811,135.2447,370.7929,0.5462,2499.0,103.2353,304.7849,20,38,2022-01-05,2024-04-19,1543.3199999999997,0.24152566245375495,319.494,2.7416445893998063,2.9944411764705885,835,41.75,62,1.2152,2,117.6637,284.5427,0.5462,2499.0,242.6862,3.072,9.401,0.5696,56,0.9032258064516129,1.2152,2.4182708855832344
CUST84,543290.33,109.6449,390.1203,4955,364915.07,73.6458,313191,63.2071,191.1966,12.8139,52.1011,0.0004,1165.0,9.2488,40.9265,1760,967,2022-01-04,2025-09-08,178375.25999999995,0.32832401047889065,308.6876875,4.065983034048963,3.024922833036162,1343,0.7630681818181818,7235,1.213,2,13.0124,54.065,0.0004,1305.4318,579866.2855,63.0769,194.3581,0.539,6302,0.8710435383552176,1.213,4.154883034643878
CUST840,2191.03,39.1255,99.0241,56,1665.26,29.7368,11083,197.9107,371.8243,0.8511,2.0274,0.014,9.8571,0.5777,1.7934,23,33,2022-01-06,2023-12-28,525.7700000000002,0.23996476542995768,95.26217391304348,2.382093761015157,1.8787478393032817,721,31.347826086956523,81,1.1,2,1.1459,2.5206,0.014,11.218,15179.883,168.6654,308.5866,0.6222,63,0.7777777777777778,1.1,2.1996683829304478
CUST841,7830.48,163.135,155.0983,48,5992.97,124.8535,57,1.1875,0.641,156.7258,158.1866,2.835,699.0,120.3024,126.0955,30,44,2022-07-13,2025-07-02,1837.5099999999993,0.23466122127889982,261.01599999999996,1.009320737236626,0.5397894736842105,1085,36.166666666666664,69,1.1687,2,176.0393,176.8075,2.835,736.3492,97.1026,1.1699,0.5449,0.5783,56,0.8115942028985508,1.1687,1.0043637983109455
CUST842,1497.76,149.776,72.4881,10,1066.81,106.681,15,1.5,0.9718,117.517,51.9804,21.53,199.0,82.887,44.7101,1,10,2022-12-29,2022-12-29,430.95000000000005,0.2877296763166329,1497.76,0.44232238739926993,0.6478666666666667,0,0.0,12,1.1429,2,120.9358,58.2192,21.53,220.0805,23.1415,1.653,1.0762,0.7143,12,1.0,1.1429,0.4814058368158974
CUST843,740.28,148.056,116.868,5,543.68,108.736,11,2.2,2.1679,105.3243,115.9116,18.9317,299.0,80.756,96.73,3,5,2022-10-10,2024-04-18,196.60000000000002,0.265575187766791,246.76,1.1005209623989907,0.9854090909090908,556,185.33333333333334,6,1.1429,2,113.7751,95.9077,18.9317,299.0,15.3409,2.1916,1.7729,0.7143,6,1.0,1.1429,0.842958608693818
CUST844,3964.2,440.4667,772.6572,9,2223.46,247.0511,96,10.6667,11.0,22.1595,21.965,4.4675,69.7067,13.4422,11.9552,9,7,2022-01-04,2024-02-14,1740.7399999999998,0.43911507996569293,440.46666666666664,0.9912227261445429,1.0312467773538208,771,85.66666666666667,11,1.1538,2,28.8804,22.7844,4.4675,69.7067,184.2727,14.1748,12.2119,0.6923,10,0.9090909090909091,1.1538,0.7889225910998463
CUST845,3699.63,154.1512,233.0368,24,2357.11,98.2129,389,16.2083,32.46,42.0894,57.2458,0.0124,165.36,26.8155,36.049,12,20,2024-05-21,2025-02-26,1342.52,0.36287953119636285,308.3025,1.3601001677381954,2.002677640468155,281,23.416666666666668,40,1.2453,2,54.5519,62.9538,0.0124,219.7021,713.0555,13.4539,29.5093,0.4528,32,0.8,1.2453,1.1540166337011175
CUST846,690.96,76.7733,67.1031,9,498.76,55.4178,1117,124.1111,215.4875,53.6445,64.7488,0.0422,149.0,42.8619,53.4917,4,9,2022-02-18,2024-02-21,192.20000000000005,0.2781637142526341,172.74,1.2069979215017383,1.7362467982315846,733,183.25,13,1.35,2,61.4825,71.8863,0.0422,191.0505,2141.3986,107.0699,191.8458,0.45,15,1.1538461538461537,1.35,1.1692156304639532
CUST847,50.96,25.48,23.5891,2,36.49,18.245,4,2.0,0.0,12.74,11.7945,4.4,21.08,9.1225,8.8636,1,2,2022-01-27,2022-01-27,14.469999999999999,0.28394819466248034,50.96,0.9257849293563578,0.0,0,0.0,5,1.2857,2,18.1266,9.464,4.4,27.6186,13.4228,1.9175,0.1353,0.2857,3,0.6,1.2857,0.5221056348129269
CUST848,422.43,52.8037,54.0337,8,295.34,36.9175,33,4.125,8.442,49.9222,56.5382,0.6524,149.0,35.5138,43.8962,6,8,2022-01-17,2023-09-06,127.09000000000003,0.30085457945695154,70.405,1.13252621078398,2.0465454545454547,597,99.5,12,1.2,2,53.8335,67.149,0.6524,187.0605,66.3265,4.4218,8.3662,0.5333,11,0.9166666666666666,1.2,1.2473459834489677
CUST849,2436.11,187.3931,201.799,13,1928.52,148.3477,16,1.2308,0.4385,160.4381,167.8947,13.99,449.0,126.7685,141.5791,5,12,2022-06-14,2025-08-04,507.59000000000015,0.20836087040404586,487.22200000000004,1.0464764915565568,0.35627234319142026,1147,229.4,19,1.24,2,205.4141,189.7762,13.99,495.3115,27.4552,1.0982,0.3434,0.52,16,0.8421052631578947,1.24,0.9238713408670582
CUST85,1916617.54,106.2544,235.6186,18038,1288474.64,71.4311,21847627,1211.2001,2727.0837,9.8163,32.8854,0.007,526.26,6.7122,22.8378,1090,293,2021-12-29,2023-05-04,628142.9000000001,0.32773513071366345,1758.3647155963304,3.350080987744873,2.251555048583632,491,0.4504587155963303,26198,1.2212,2,10.4419,34.899,0.007,740.5018,40280517.2722,1197.435,2661.2287,0.5362,23200,0.8855637834949233,1.2212,3.3422078357387064
CUST850,47.12,23.56,1.4425,2,26.86,13.43,4,2.0,0.0,11.78,0.7212,11.27,12.29,6.715,0.4101,1,2,2022-06-01,2022-06-01,20.259999999999998,0.4299660441426146,47.12,0.06122241086587436,0.0,0,0.0,2,1.5,2,13.9255,2.5157,11.27,16.2331,8.0,2.0,0.0,0.5,4,2.0,1.5,0.1806541955405551
CUST851,1753.0,250.4286,128.7391,7,913.97,130.5671,31,4.4286,3.7353,105.2631,86.7348,12.5667,229.34,55.2336,45.4259,5,4,2022-05-09,2025-09-04,839.03,0.478625213918996,350.6,0.8239810531895794,0.8434493971006638,1214,242.8,11,1.1538,2,137.6896,91.4981,12.5667,276.0269,46.2215,3.5555,2.9988,0.5385,9,0.8181818181818182,1.1538,0.6645244085246815
CUST852,4511.65,214.8405,229.2976,21,2089.27,99.489,15800,752.381,741.2994,0.4883,0.7384,0.046,2.4324,0.2522,0.4432,16,7,2022-01-06,2024-05-23,2422.3799999999997,0.5369166491195017,281.978125,1.5121851320909276,0.9852712920714373,868,54.25,31,1.2439,2,0.6981,0.9984,0.046,3.5108,28099.0807,685.3434,619.3315,0.5122,28,0.9032258064516129,1.2439,1.430167597765363
CUST853,12494.2,2082.3667,1940.904,6,5785.4,964.2333,3023,503.8333,6.8823,4.111,3.8299,0.618,9.256,1.9005,1.8771,4,2,2022-02-04,2025-05-27,6708.800000000001,0.5369531462598647,3123.55,0.9316224762831428,0.013659875200785656,1208,302.0,8,1.1111,2,5.1094,4.3734,0.618,10.6668,4488.2499,498.6944,10.869,0.6667,7,0.875,1.1111,0.8559517751595099
CUST854,150.89,150.89,0.0,1,90.52,90.52,1,1.0,0.0,150.89,0.0,150.89,150.89,90.52,0.0,1,1,2024-06-25,2024-06-25,60.36999999999999,0.40009278282192323,150.89,0.0,0.0,0,0.0,1,1.0,1,150.89,0.0,150.89,150.89,1.0,1.0,0.0,1.0,1,1.0,1.0,0.0
CUST855,891.49,445.745,264.069,2,542.72,271.36,6,3.0,1.4142,143.8138,20.2286,129.51,158.1175,84.8,23.9851,1,2,2023-04-10,2023-04-10,348.77,0.3912214382662733,891.49,0.14065826784355884,0.4714,0,0.0,2,1.0,1,143.8138,20.2286,129.51,158.1175,6.0,3.0,1.4142,1.0,2,1.0,1.0,0.14065826784355884
CUST856,5348.1,213.924,248.059,25,3797.54,151.9016,326,13.04,39.7214,159.8237,200.662,0.1403,899.99,123.8937,164.3742,17,23,2022-01-24,2024-09-24,1550.5600000000004,0.28992726388810985,314.59411764705885,1.2555209271215722,3.046119631901841,974,57.294117647058826,40,1.1837,2,140.2239,179.7488,0.1403,899.99,504.7475,10.301,28.9935,0.5102,30,0.75,1.1837,1.2818699237433848
CUST857,444.54,148.18,83.2071,3,329.0,109.6667,202,67.3333,114.8927,129.4276,114.6028,0.2827,219.0,97.9091,89.2998,3,3,2022-04-08,2022-05-24,115.54000000000002,0.25990911953929907,148.18,0.8854587429574526,1.7063280724396401,46,15.333333333333334,6,1.25,2,175.8868,114.7146,0.2827,307.6326,423.1624,52.8953,96.2939,0.375,4,0.6666666666666666,1.25,0.6522069876761645
CUST858,8136.77,813.677,408.9415,10,4586.47,458.647,69896,6989.6,3307.2593,0.1185,0.0255,0.0883,0.1632,0.0638,0.0124,9,1,2022-01-06,2025-08-29,3550.3,0.4363279286498205,904.0855555555556,0.21518987341772153,0.47316860764564495,1331,147.88888888888889,15,1.1176,2,0.1285,0.0297,0.0883,0.1828,122133.6521,7184.3325,3295.8885,0.5882,12,0.8,1.1176,0.2311284046692607
CUST859,23643.9,369.4359,143.4076,64,9856.69,154.0108,63000,984.375,266.7968,0.3763,0.1151,0.2017,0.6359,0.1572,0.0474,45,2,2022-01-20,2025-08-27,13787.210000000001,0.5831191131750684,525.4200000000001,0.3058729736912038,0.27103166984126986,1315,29.22222222222222,92,1.1712,2,0.391,0.1266,0.2017,0.799,109018.7765,982.1511,284.5601,0.5766,78,0.8478260869565217,1.1712,0.32378516624040915
CUST86,813800.86,1229.3064,6046.8217,662,608058.02,918.5166,501652,757.7825,1168.926,6.1654,20.1001,0.014,300.0,4.9692,21.5265,188,58,2022-01-25,2025-09-04,205742.83999999997,0.25281718183487784,4328.727978723404,3.260145327148279,1.5425613550062187,1318,7.01063829787234,943,1.2115,2,6.3377,21.4617,0.014,350.2597,927237.7093,775.2824,1233.8634,0.5535,847,0.8981972428419936,1.2115,3.3863546712529784
CUST860,16146.15,227.4106,545.6979,71,6801.37,95.7939,9752,137.3521,345.7405,28.8957,47.4159,0.0175,241.4,12.8142,21.3313,59,37,2022-02-01,2025-08-18,9344.779999999999,0.5787621197622962,273.6635593220339,1.6409327339361912,2.5171839382142682,1294,21.93220338983051,106,1.1783,2,27.2691,46.4173,0.0175,241.4,18909.3615,146.5842,336.7622,0.5504,88,0.8301886792452831,1.1783,1.702194058476444
CUST861,171.89,42.9725,32.3274,4,61.45,15.3625,177,44.25,41.0883,3.3572,4.3671,0.43,9.78,1.8739,2.8301,3,4,2023-04-20,2023-05-11,110.43999999999998,0.6425039269300133,57.29666666666666,1.3008161563207434,0.9285491525423728,21,7.0,6,1.1429,2,2.4398,3.3687,0.43,9.78,404.1428,57.7347,39.4252,0.5714,5,0.8333333333333334,1.1429,1.380727928518731
CUST862,1340.92,134.092,150.622,10,694.57,69.457,2654,265.4,275.4363,5.2613,15.1766,0.1254,48.4475,2.6188,7.5139,2,7,2023-02-08,2025-02-25,646.35,0.482019807296483,670.46,2.884572254005664,1.0378157498116052,748,374.0,16,1.1111,2,3.2286,11.2898,0.1254,48.4475,4267.96,237.1089,220.7192,0.5556,11,0.6875,1.1111,3.496809762745462
CUST863,12075.86,232.2281,169.5248,52,8863.5,170.4519,178,3.4231,13.6817,170.9482,112.8915,0.2781,449.0,126.551,91.1641,30,31,2022-01-17,2023-05-05,3212.3600000000006,0.2660150084548844,402.5286666666667,0.6603842567514603,3.9968741783763257,473,15.766666666666667,81,1.2286,2,185.391,122.2228,0.2781,619.3575,254.0155,2.4192,9.6454,0.4952,71,0.8765432098765432,1.2286,0.659270406869805
CUST864,26242.21,76.7316,283.8371,342,11705.78,34.2274,13272,38.807,82.3967,3.8921,9.8516,0.01,67.2733,1.8577,4.9431,48,142,2022-01-06,2023-07-25,14536.429999999998,0.5539331481609209,546.7127083333334,2.5311785411474523,2.1232432293142987,565,11.770833333333334,526,1.2321,2,4.3183,11.2296,0.01,81.4205,30067.945,43.8948,105.1937,0.4993,441,0.8384030418250951,1.2321,2.6004677766713753
CUST865,324.37,46.3386,64.9666,7,186.53,26.6471,374,53.4286,66.1988,0.6153,0.3629,0.06,1.0243,0.3369,0.2103,2,6,2022-06-16,2022-07-07,137.84,0.42494681998951817,162.185,0.5897935966195352,1.2390143106875344,21,10.5,8,1.2727,2,0.6044,0.3835,0.06,1.0243,552.8914,50.2629,61.2028,0.6364,10,1.25,1.2727,0.6345135671740568
CUST866,6167.67,154.1918,397.4269,40,2596.94,64.9235,2910,72.75,61.55,12.8507,28.8532,0.0912,125.1085,6.136,14.1156,20,28,2022-06-22,2025-03-07,3570.73,0.5789431016899412,308.3835,2.245262903966321,0.8460481099656357,989,49.45,54,1.194,2,9.4842,24.1439,0.0912,125.1085,5446.0774,81.2847,63.0096,0.597,50,0.9259259259259259,1.194,2.5456970540477846
CUST867,2495.93,44.5702,59.9454,56,984.92,17.5879,7589,135.5179,73.0925,1.0902,3.137,0.021,21.99,0.4933,1.714,3,44,2024-02-02,2025-06-16,1511.0099999999998,0.6053895742268413,831.9766666666666,2.877453678224179,0.5393567934568053,500,166.66666666666666,76,1.1739,2,1.0194,2.6706,0.021,21.99,13112.0906,142.5227,73.3001,0.6087,67,0.881578947368421,1.1739,2.6197763390229545
CUST868,112.22,56.11,46.966,2,65.16,32.58,400,200.0,0.0,0.2805,0.2348,0.1145,0.4466,0.1629,0.142,1,2,2022-05-23,2022-05-23,47.06,0.41935483870967744,112.22,0.8370766488413547,0.0,0,0.0,2,1.3333,2,0.351,0.206,0.1145,0.4918,600.0,200.0,0.0,0.6667,3,1.5,1.3333,0.5868945868945868
CUST869,1062.84,13.1215,11.1726,81,390.44,4.8202,2740,33.8272,33.573,0.6733,0.7342,0.0232,3.268,0.258,0.3162,30,55,2022-01-20,2025-02-27,672.3999999999999,0.6326446125475141,35.428,1.0904500222783304,0.9924853372434018,1134,37.8,125,1.1883,2,0.6551,0.7748,0.0232,3.6752,6081.4301,39.4898,45.116,0.526,98,0.784,1.1883,1.1827201953900168
CUST87,649050.96,1226.9394,6056.0498,529,642255.851,1214.0942,19153116,36206.2684,233611.3952,17.8896,75.1911,0.0036,1486.4,16.2183,51.6583,17,293,2023-05-22,2025-02-21,6795.1089999999385,0.01046929966793353,38179.468235294116,4.203062114301046,6.452236187919327,641,37.705882352941174,797,1.227,2,19.256,79.409,0.0036,1651.5878,48684246.1828,47220.4134,284345.052,0.5131,681,0.8544542032622334,1.227,4.123857498961363
CUST870,760.99,380.495,212.9876,2,354.71,177.355,1300,650.0,494.9747,4.8634,6.1267,0.5311,9.1956,1.7093,2.0267,2,2,2022-07-21,2022-07-21,406.28000000000003,0.5338834938698275,380.495,1.2597565489163958,0.7614995384615384,0,0.0,2,1.0,1,4.8634,6.1267,0.5311,9.1956,1300.0,650.0,494.9747,1.0,2,1.0,1.0,1.2597565489163958
CUST871,759.77,39.9879,43.045,19,329.08,17.32,1776,93.4737,87.4416,1.515,1.7377,0.0548,5.8856,0.7321,1.0377,1,18,2023-04-04,2023-04-04,430.69,0.566868920857628,759.77,1.146996699669967,0.9354674095494241,0,0.0,29,1.2368,2,1.9485,2.1555,0.0548,8.123,3241.3182,85.2978,80.5891,0.5,25,0.8620689655172413,1.2368,1.1062355658198615
CUST872,7.1,7.1,0.0,1,2.84,2.84,25,25.0,0.0,0.284,0.0,0.284,0.284,0.1136,0.0,1,1,2023-08-17,2023-08-17,4.26,0.6,7.1,0.0,0.0,0,0.0,2,1.5,2,0.3233,0.0311,0.284,0.3599,103.5267,25.8817,1.0181,0.25,2,1.0,1.5,0.09619548407052274
CUST873,6586.21,731.8011,667.4435,9,3361.87,373.5411,6680,742.2222,415.6642,0.9394,0.5334,0.42,2.3,0.4793,0.2065,6,2,2022-01-13,2025-04-16,3224.34,0.4895592457574235,1097.7016666666666,0.5678092399403875,0.5600266335337315,1189,198.16666666666666,14,1.2222,2,1.2006,0.7223,0.42,2.5641,15308.21,850.4561,375.3864,0.5,11,0.7857142857142857,1.2222,0.6016158587372982
CUST874,9931.98,254.6662,409.6359,39,5520.14,141.5421,6192,158.7692,256.5347,21.1656,55.7835,0.0775,258.0,13.3535,35.1488,17,33,2022-03-09,2025-08-22,4411.839999999999,0.4442054857138254,584.2341176470588,2.6355737611974144,1.615771194916898,1262,74.23529411764706,56,1.2,2,22.7203,54.1145,0.0775,258.0,11554.0781,165.0583,271.2594,0.5571,51,0.9107142857142857,1.2,2.3817687266453347
CUST875,206.45,22.9389,27.5449,9,100.69,11.1878,75,8.3333,9.5,11.8083,29.0235,0.81,89.08,4.9468,11.5433,4,8,2023-05-09,2024-01-30,105.75999999999999,0.5122790021797046,51.6125,2.4578897893854323,1.1400045600182402,266,66.5,13,1.3158,2,11.6304,29.2935,0.81,99.952,173.3043,9.1213,10.5737,0.4737,13,1.0,1.3158,2.5187009905076354
CUST876,113.52,22.704,12.2081,5,45.88,9.176,508,101.6,222.7135,10.6347,11.4796,0.067,27.89,4.6514,4.7641,3,5,2023-03-20,2024-03-01,67.63999999999999,0.5958421423537702,37.839999999999996,1.079447469134061,2.192062007874016,347,115.66666666666667,8,1.3333,2,12.152,12.4433,0.067,31.8724,1019.3584,84.9465,193.8725,0.4167,7,0.875,1.3333,1.023971362738644
CUST877,270.59,38.6557,47.3728,7,198.41,28.3443,66,9.4286,5.6231,4.5875,5.5625,0.7333,16.29,2.9412,3.6572,5,7,2022-02-25,2023-02-16,72.17999999999998,0.2667504342362984,54.117999999999995,1.212534059945504,0.5963875867042827,356,71.2,8,1.2,2,3.6482,4.8115,0.7333,16.29,102.0229,10.2023,4.7573,0.7,9,1.125,1.2,1.3188695795186667
CUST878,1640.98,78.1419,80.1701,21,503.23,23.9633,1217,57.9524,105.1858,7.2966,21.2004,0.075,99.0,5.3675,21.1656,8,20,2022-02-09,2025-03-26,1137.75,0.6933356896488684,205.1225,2.905517638352109,1.8150378586564146,1141,142.625,34,1.2609,2,7.5289,24.5918,0.075,139.1277,3848.3838,83.6605,148.059,0.4565,29,0.8529411764705882,1.2609,3.2663204452177608
CUST879,1078.87,269.7175,289.963,4,575.34,143.835,180,45.0,41.2634,5.4313,0.92,4.97,6.8112,3.0916,0.6277,3,1,2022-10-17,2024-08-27,503.52999999999986,0.46671980868872054,359.6233333333333,0.16938854417910998,0.9169644444444444,680,226.66666666666666,6,1.4,2,6.0163,0.9907,4.97,7.2708,438.3107,43.8311,37.8394,0.4,6,1.0,1.4,0.1646693150275086
CUST88,87937.07,118.5136,289.572,742,63411.54,85.4603,158212,213.2237,2328.6904,54.6899,271.6471,0.0763,7292.31,37.9105,193.538,192,65,2023-06-28,2025-09-04,24525.530000000006,0.2788986487723551,458.0055729166667,4.96704327490085,10.921348799406445,799,4.161458333333333,1108,1.2197,2,53.1604,201.2193,0.0763,7292.31,349743.7038,246.2984,2605.3628,0.5225,949,0.8564981949458483,1.2197,3.785135175807556
CUST880,83.71,41.855,11.0521,2,53.87,26.935,16,8.0,5.6569,6.3246,3.0906,4.1392,8.51,3.5212,0.4366,1,2,2022-05-25,2022-05-25,29.839999999999996,0.3564687611993788,83.71,0.4886633146760269,0.7071125,0,0.0,3,1.0,1,5.7185,2.4245,4.1392,8.51,30.2075,10.0692,5.3707,0.6667,2,0.6666666666666666,1.0,0.4239748185713037
CUST881,1774.63,253.5186,593.301,7,815.78,116.54,1058,151.1429,172.8886,0.9629,1.1824,0.0178,3.1936,0.4432,0.544,2,6,2022-08-15,2022-08-24,958.8500000000001,0.5403098110592067,887.315,1.2279572125869767,1.1438751009805952,9,4.5,9,1.1,2,0.7908,1.0488,0.0178,3.1936,1264.6028,126.4603,147.566,0.7,7,0.7777777777777778,1.1,1.3262518968133536
CUST882,12146.25,639.2763,991.1089,19,6370.09,335.2679,21830,1148.9474,748.6565,0.3843,0.3999,0.0702,1.2342,0.2085,0.2125,5,3,2022-03-14,2023-03-03,5776.16,0.47555089019244623,2429.25,1.0405932864949259,0.6516020663783216,354,70.8,28,1.2222,2,0.3401,0.3594,0.0702,1.2342,40710.9358,1130.8593,707.7587,0.5278,24,0.8571428571428571,1.2222,1.0567480152896207
CUST883,9397.56,117.4695,140.7757,80,4451.43,55.6429,27509,343.8625,607.7453,1.782,4.4011,0.0326,20.412,0.949,2.6804,23,31,2022-03-11,2024-01-15,4946.129999999999,0.5263206619590617,408.5895652173913,2.469753086419753,1.7674079028681524,675,29.347826086956523,119,1.1959,2,1.3826,3.6161,0.0326,20.412,49645.5253,335.4427,544.6567,0.5405,100,0.8403361344537815,1.1959,2.6154346882684796
CUST884,34.22,17.11,4.8649,2,10.41,5.205,45,22.5,10.6066,0.9128,0.6465,0.4557,1.37,0.3105,0.3359,1,2,2024-10-08,2024-10-08,23.81,0.6957919345412039,34.22,0.7082602979842244,0.47140444444444446,0,0.0,2,1.0,1,0.9128,0.6465,0.4557,1.37,45.0,22.5,10.6066,1.0,2,1.0,1.0,0.7082602979842244
CUST885,152.88,38.22,32.7539,4,66.61,16.6525,48,12.0,0.0,3.185,2.7295,0.6667,6.1008,1.3877,1.2403,2,4,2022-09-12,2023-07-17,86.27,0.5642987964416536,76.44,0.8569858712715854,0.0,308,154.0,6,1.25,2,3.4231,2.8429,0.6667,6.6704,95.1663,11.8958,0.3737,0.5,5,0.8333333333333334,1.25,0.8305045134527184
CUST886,8692.25,170.4363,170.4608,51,3723.72,73.0141,38756,759.9216,449.1207,0.2341,0.1676,0.0407,0.4217,0.1,0.0713,13,5,2022-03-23,2024-05-29,4968.530000000001,0.5716045902959533,668.6346153846154,0.7159333618111918,0.59100925674438,798,61.38461538461539,80,1.2157,2,0.2567,0.1814,0.0407,0.6078,74198.0236,727.4316,440.121,0.5,65,0.8125,1.2157,0.7066614725360344
CUST887,111.08,37.0267,5.3513,3,39.72,13.24,600,200.0,0.0,0.1851,0.0268,0.1605,0.2136,0.0662,0.0183,2,3,2023-05-26,2023-06-09,71.36,0.6424198775657184,55.54,0.14478660183684497,0.0,14,7.0,3,1.25,2,0.1995,0.036,0.1605,0.2424,800.0,200.0,0.0,0.75,4,1.3333333333333333,1.25,0.18045112781954886
CUST888,2953.33,246.1108,578.8158,12,1843.62,153.635,9665,805.4167,350.5555,0.6117,0.9757,0.0226,2.512,0.4526,0.7858,4,9,2022-05-12,2023-04-13,1109.71,0.375748731093376,738.3325,1.5950629393493543,0.4352473694672584,336,84.0,20,1.1304,2,0.6642,1.0017,0.0226,2.7478,17107.8167,743.8181,373.2512,0.5217,14,0.7,1.1304,1.508130081300813
CUST889,137.84,137.84,0.0,1,44.41,44.41,800,800.0,0.0,0.1723,0.0,0.1723,0.1723,0.0555,0.0,1,1,2023-11-14,2023-11-14,93.43,0.6778148578061521,137.84,0.0,0.0,0,0.0,2,1.5,2,0.2023,0.0321,0.1723,0.2478,3509.2272,877.3068,89.2662,0.25,2,1.0,1.5,0.15867523479980225
CUST89,127969.12,23.4376,45.8012,5460,69958.24,12.8129,24584,4.5026,46.3107,7.7405,8.8936,0.0276,56.21,4.5797,5.6782,297,80,2024-04-19,2025-09-08,58010.87999999999,0.4533193632963952,430.8724579124579,1.1489697047994314,10.285324035001997,507,1.707070707070707,7943,1.2198,2,8.3413,9.7107,0.0276,82.5717,42428.1402,4.1674,34.0279,0.5363,7017,0.8834193629610978,1.2198,1.164171052473835
CUST890,154.0,154.0,0.0,1,53.9,53.9,1100,1100.0,0.0,0.14,0.0,0.14,0.14,0.049,0.0,1,1,2022-11-14,2022-11-14,100.1,0.6499999999999999,154.0,0.0,0.0,0,0.0,1,1.0,1,0.14,0.0,0.14,0.14,1100.0,1100.0,0.0,1.0,1,1.0,1.0,0.0
CUST891,3296.83,183.1572,188.5893,18,2162.25,120.125,3140,174.4444,324.6825,59.0489,118.0643,0.1375,429.0,45.983,101.0845,13,13,2022-01-03,2022-11-02,1134.58,0.34414270678196934,253.60230769230768,1.9994326735976453,1.8612377353471938,303,23.307692307692307,24,1.25,2,46.2645,93.7562,0.1375,429.0,5288.7442,165.2733,322.1954,0.5625,24,1.0,1.25,2.026525737876774
CUST892,10733.93,1192.6589,1378.0239,9,8305.13,922.7922,21175,2352.7778,1844.0972,1.4891,2.322,0.0543,6.5385,1.1213,1.6287,5,8,2022-01-26,2022-08-26,2428.800000000001,0.22627313574804392,2146.786,1.5593311396145322,0.7837957328567109,212,42.4,13,1.1875,2,1.8952,2.3027,0.0543,6.5385,38832.8148,2427.0509,1913.4336,0.5625,11,0.8461538461538461,1.1875,1.2150168847615028
CUST893,59.84,14.96,11.5154,4,11.97,2.9925,8,2.0,1.4142,13.4538,13.1014,0.69,27.23,2.6919,2.6225,1,4,2024-05-24,2024-05-24,47.870000000000005,0.799966577540107,59.84,0.9738066568553123,0.7071,0,0.0,7,1.125,2,11.8781,15.2565,0.69,38.9535,21.2575,2.6572,1.5855,0.5,5,0.7142857142857143,1.125,1.2844225928389221
CUST894,345.37,19.1872,14.89,18,252.03,14.0017,440,24.4444,23.3143,9.6778,14.9687,0.0375,39.15,9.3089,15.1736,1,18,2023-12-18,2023-12-18,93.34,0.27026087963633205,345.37,1.5467048296100354,0.9537685523064586,0,0.0,21,1.2222,2,10.9788,15.3923,0.0375,46.5937,506.481,18.7586,21.2182,0.6667,22,1.0476190476190477,1.2222,1.402002040295843
CUST895,3832.27,166.6204,57.3418,23,1691.31,73.5352,350,15.2174,14.3399,14.2302,5.3461,2.5426,24.987,6.8229,2.502,23,2,2022-01-24,2025-06-25,2140.96,0.5586662735141313,166.6204347826087,0.3756869193686666,0.9423357472367159,1248,54.26086956521739,34,1.2917,2,14.186,5.4751,2.5426,24.987,824.1498,17.1698,16.3395,0.4792,32,0.9411764705882353,1.2917,0.38595093754405757
CUST896,7229.5,289.18,231.4353,25,3196.42,127.8568,12500,500.0,485.6267,1.4793,1.1774,0.0395,4.0476,0.6524,0.493,10,8,2022-06-17,2025-09-04,4033.08,0.5578643059686008,722.95,0.7959169877644832,0.9712534,1175,117.5,34,1.2444,2,1.6018,1.1365,0.0395,4.0476,22398.2927,497.7398,541.7855,0.5556,33,0.9705882352941176,1.2444,0.7095142964165315
CUST897,6392.18,206.1994,128.4859,31,3076.89,99.2545,1894,61.0968,65.0074,30.1522,42.9998,0.0323,103.6067,14.7739,20.9448,20,9,2022-08-09,2025-07-09,3315.2900000000004,0.5186477852626178,319.60900000000004,1.4260916284715544,1.0640066255515837,1065,53.25,53,1.2535,2,35.4216,48.9664,0.0323,130.9718,4866.1938,68.5379,67.2137,0.4366,40,0.7547169811320755,1.2535,1.382388147345123
CUST898,1679.31,119.9507,107.4977,14,720.72,51.48,3512,250.8571,276.1053,17.4947,59.3771,0.0323,223.67,8.0343,27.5383,8,3,2022-08-24,2025-08-27,958.5899999999999,0.5708237311753042,209.91375,3.394005041526862,1.100647739290616,1099,137.375,18,1.1818,2,37.1158,92.396,0.0323,312.4471,5716.2599,259.83,294.3526,0.6364,18,1.0,1.1818,2.4893980461151317
CUST899,490.14,163.38,129.2802,3,224.01,74.67,700,233.3333,230.9401,1.5866,1.3727,0.0354,2.6444,0.7198,0.6063,2,2,2022-02-21,2023-03-29,266.13,0.5429673154608887,245.07,0.8651834110676919,0.9897434271062039,401,200.5,3,1.0,1,1.5866,1.3727,0.0354,2.6444,700.0,233.3333,230.9401,1.0,3,1.0,1.0,0.8651834110676919
CUST9,5982605.91,257.5158,3647.3452,23232,3456576.7876,148.7852,65823501,2833.3119,7805.3009,5.4423,15.42,0.0005,630.0,3.8198,10.9517,4348,2268,2022-01-03,2025-09-08,2526029.1224,0.4222289016526579,1375.944321527139,2.8333608952097458,2.7548329218537497,1344,0.3091076356945722,33827,1.2212,2,5.7912,16.1147,0.0005,630.0,125566436.1563,2891.0376,8162.917,0.5349,29764,0.8798888461879564,1.2212,2.782618455587788
CUST90,20374.56,61.3692,70.6371,332,12879.22,38.7928,18726,56.4036,109.7531,14.6789,26.2675,0.2542,192.06,8.8642,17.4773,154,30,2022-01-05,2025-09-02,7495.340000000002,0.3678773921988991,132.30233766233766,1.789473325657917,1.945852746987781,1336,8.675324675324676,479,1.2336,2,15.929,28.6322,0.2542,210.8563,35463.1253,56.741,101.3835,0.5312,434,0.906054279749478,1.2336,1.7974888568020593
CUST900,21422.89,1190.1606,1371.4176,18,9935.31,551.9617,73053,4058.5,3040.2272,1.0384,1.2974,0.0354,3.1098,0.4932,0.6125,14,2,2022-04-26,2024-04-05,11487.58,0.5362292389122103,1530.2064285714284,1.2494221879815102,0.7491011950227916,710,50.714285714285715,30,1.2105,2,1.0969,1.425,0.0354,3.7462,151022.4726,3974.2756,2944.9123,0.4737,22,0.7333333333333333,1.2105,1.2991156896708906
CUST901,1846.79,923.395,1196.2762,2,1272.71,636.355,3760,1880.0,876.8124,0.7176,0.971,0.031,1.4042,0.4951,0.6717,1,2,2022-08-29,2022-09-07,574.0799999999999,0.3108528852766151,1846.79,1.3531215161649943,0.4663895744680851,9,9.0,2,1.0,1,0.7176,0.971,0.031,1.4042,3760.0,1880.0,876.8124,1.0,2,1.0,1.0,1.3531215161649943
CUST902,4826.8,603.35,497.2238,8,2147.4,268.425,5600,700.0,320.7135,1.4018,1.3509,0.1024,2.7409,0.6319,0.6238,5,2,2022-03-10,2025-09-03,2679.4,0.5551089748901964,965.36,0.9636895420174062,0.45816214285714285,1273,254.6,11,1.2667,2,1.8378,1.4921,0.1024,3.9862,9745.0139,649.6676,293.2874,0.5333,11,1.0,1.2667,0.8118946566546957
CUST903,27679.8,2306.65,410.8716,12,13062.0,1088.5,4800,400.0,0.0,5.7666,1.0272,3.75,6.7908,2.7212,0.224,11,1,2022-04-01,2025-08-13,14617.8,0.5281035267595864,2516.3454545454547,0.1781292269274789,0.0,1230,111.81818181818181,18,1.1818,2,5.9713,1.1374,3.75,8.2766,8930.7101,405.9414,28.17,0.5455,15,0.8333333333333334,1.1818,0.1904777854068628
CUST904,1489.08,248.18,177.8622,6,936.24,156.04,29,4.8333,4.1191,98.843,93.6442,4.154,270.0,71.6483,71.394,3,5,2022-02-14,2024-04-23,552.8399999999999,0.3712627931340156,496.35999999999996,0.947403458009166,0.8522334636790598,799,266.3333333333333,10,1.2308,2,108.7982,90.1762,4.154,295.0842,57.4561,4.4197,4.1873,0.4615,8,0.8,1.2308,0.8288390800583098
CUST905,2604.84,868.28,196.1036,3,966.69,322.23,2800,933.3333,923.7604,1.725,1.2263,0.3343,2.6515,0.7535,0.6283,2,2,2023-06-26,2024-08-01,1638.15,0.6288869949785784,1302.42,0.7108985507246376,0.9897433210622615,402,201.0,4,1.2,2,1.7643,1.345,0.3343,3.2755,4948.7765,989.7553,812.4256,0.6,4,1.0,1.2,0.7623420053278921
CUST906,2169.18,542.295,333.4694,4,1114.47,278.6175,2800,700.0,867.9478,1.8466,1.2537,0.08,2.7393,0.9329,0.5828,3,2,2022-04-21,2024-10-30,1054.7099999999998,0.48622520952618037,723.06,0.678923426838514,1.2399254285714285,923,307.6666666666667,7,1.0,1,1.6378,1.1208,0.08,2.7393,5008.1226,715.4461,807.9146,0.5714,4,0.5714285714285714,1.0,0.68433264134815
CUST907,256.8,85.6,72.6901,3,184.43,61.4767,13,4.3333,4.9329,65.2973,68.5753,0.242,136.92,48.3387,53.9499,3,3,2022-06-07,2022-11-22,72.37,0.2818146417445483,85.60000000000001,1.0502011568625347,1.1383702951561165,168,56.0,3,1.25,2,91.3149,76.4376,0.242,169.3678,14.0,3.5,4.3589,0.75,4,1.3333333333333333,1.25,0.837076972104224
CUST908,5301.9,757.4143,1026.1974,7,1677.7,239.6714,117000,16714.2857,16918.5725,0.0545,0.0336,0.0214,0.0966,0.0232,0.0149,4,4,2024-05-15,2025-07-11,3624.2,0.6835662686961278,1325.475,0.6165137614678898,1.0122222871899336,422,105.5,8,1.3846,2,0.0626,0.0414,0.0214,0.1299,168652.211,12973.247,14429.1317,0.5385,11,1.375,1.3846,0.6613418530351437
CUST909,2493.52,1246.76,1128.203,2,1722.94,861.47,2,1.0,0.0,1246.76,1128.203,449.0,2044.52,861.47,661.1024,2,2,2022-01-13,2022-01-13,770.5799999999999,0.30903301357117646,1246.76,0.9049079213320927,0.0,0,0.0,2,1.3333,2,1790.4283,1234.1583,449.0,2877.7649,3.0,1.0,0.0,0.6667,3,1.5,1.3333,0.6893089770754852
CUST91,422269.51,154.1692,294.727,2739,265251.27,96.8424,689023,251.5601,1448.2012,57.3653,147.1306,0.0168,4273.6823,35.4073,76.8945,383,90,2022-01-04,2025-09-03,157018.24,0.3718436597518016,1102.5313577023499,2.5648013694689995,5.756879568739239,1338,3.493472584856397,3942,1.2214,2,61.8884,145.055,0.0168,4311.6716,1285995.1018,253.9986,1419.3443,0.541,3511,0.8906646372399797,1.2214,2.343815642349778
CUST910,781.02,260.34,278.5095,3,560.0,186.6667,6,2.0,0.0,130.17,139.2547,13.945,284.515,93.3333,99.8465,1,3,2023-08-10,2023-08-10,221.01999999999998,0.2829889119356738,781.02,1.0697910424829071,0.0,0,0.0,4,1.2,2,215.2463,154.5833,13.945,378.3247,10.2828,2.0566,0.1265,0.6,4,1.0,1.2,0.7181693715524959
CUST911,354.4,70.88,31.7507,5,192.19,38.438,12,2.4,0.8944,34.5175,17.7972,4.6125,45.52,18.7955,9.8842,5,3,2022-01-28,2024-02-22,162.20999999999998,0.4577031602708803,70.88,0.5155993336713262,0.37266666666666665,755,151.0,6,1.0,1,29.6066,19.9523,4.6125,45.52,15.7453,2.6242,0.9704,0.8333,5,0.8333333333333334,1.0,0.6739139245978938
CUST912,456.0,456.0,0.0,1,296.4,296.4,12,12.0,0.0,38.0,0.0,38.0,38.0,24.7,0.0,1,1,2025-05-01,2025-05-01,159.60000000000002,0.35000000000000003,456.0,0.0,0.0,0,0.0,1,1.0,1,38.0,0.0,38.0,38.0,12.0,12.0,0.0,1.0,1,1.0,1.0,0.0
CUST913,238.31,79.4367,86.5543,3,131.18,43.7267,12,4.0,3.6056,32.2825,28.3435,3.1375,59.75,18.0633,16.2761,1,3,2022-09-28,2023-02-03,107.13,0.4495405144559607,238.31,0.8779834275536281,0.9014,128,128.0,4,1.0,1,40.4185,28.2904,3.1375,64.8266,14.741,3.6852,3.0105,0.75,3,0.75,1.0,0.6999369100783057
CUST914,2556.18,852.06,1259.4945,3,1451.3,483.7667,254,84.6667,102.4955,24.4096,32.6377,0.2014,61.5275,13.5029,17.9036,3,3,2022-03-21,2022-11-03,1104.8799999999999,0.4322387312317599,852.06,1.3370845896696382,1.2105762950487027,227,75.66666666666667,6,1.4,2,25.6932,29.5415,0.2014,70.9426,981.6528,98.1653,93.0295,0.3,5,0.8333333333333334,1.4,1.1497789298335745
CUST915,23953.8,887.1778,443.353,27,12634.98,467.9622,200,7.4074,3.0288,114.9275,30.1318,47.24,145.56,60.4689,15.6173,19,5,2022-04-14,2025-09-02,11318.82,0.4725271146957894,1260.7263157894736,0.26218094015792565,0.4088884088884089,1237,65.10526315789474,38,1.1915,2,126.7932,34.8996,47.24,213.8941,342.9402,7.2966,3.1088,0.5745,34,0.8947368421052632,1.1915,0.27524819943025336
CUST916,104015.63,1253.2004,777.5622,83,50743.24,611.3643,14433,173.8916,112.4626,7.9529,10.0543,0.3517,91.24,3.8983,4.8007,37,10,2022-01-17,2025-09-02,53272.39000000001,0.512157547860836,2811.2332432432436,1.2642306579989688,0.6467396930041474,1324,35.78378378378378,119,1.2468,2,8.0019,7.8557,0.3517,91.24,28542.3638,180.6479,110.7951,0.5253,108,0.907563025210084,1.2468,0.9817293392819206
CUST917,896.78,179.356,44.5626,5,502.2,100.44,9,1.8,0.4472,99.642,0.0027,99.64,99.645,55.8,0.0,5,1,2022-08-17,2024-05-06,394.58,0.4399964316777805,179.356,2.7097007286084183e-05,0.24844444444444444,628,125.6,6,1.1429,2,104.9696,11.9884,99.64,131.8094,12.9973,1.8568,0.3778,0.7143,6,1.0,1.1429,0.11420830411852576
CUST918,202.14,101.07,81.6001,2,116.6,58.3,52,26.0,33.9411,12.4302,13.0883,3.1754,21.685,7.31,7.764,1,2,2022-04-14,2022-04-14,85.53999999999999,0.4231720589690314,202.14,1.0529436372705188,1.305426923076923,0,0.0,3,1.25,2,13.534,11.2493,3.1754,24.7241,104.2442,26.0611,27.6425,0.5,3,1.0,1.25,0.8311881188118811
CUST919,553.17,110.634,34.0784,5,328.38,65.676,9,1.8,0.4472,60.806,7.6489,53.2,68.97,36.296,1.6377,4,2,2022-01-18,2022-11-07,224.78999999999996,0.406366939638809,138.2925,0.1257918626451337,0.24844444444444444,293,73.25,7,1.3,2,66.7502,11.6924,53.2,92.9648,17.2458,1.7246,0.5766,0.5,6,0.8571428571428571,1.3,0.17516651635500716
CUST92,144402.15,171.2956,355.7288,843,76532.95,90.7864,364686,432.605,1564.6301,28.3074,72.2565,0.011,1440.8,16.0885,50.7917,258,205,2022-01-10,2025-09-04,67869.2,0.4700013123073306,559.6982558139534,2.552565760189915,3.6167637914494746,1333,5.166666666666667,1220,1.2093,2,31.6297,85.61,0.011,1540.5856,656581.4941,425.5227,1543.3903,0.5463,1048,0.8590163934426229,1.2093,2.7066333224785564
CUST920,248.78,82.9267,77.2617,3,192.02,64.0067,3,1.0,0.0,82.9267,77.2617,19.57,169.0,64.0067,65.9578,1,3,2022-08-29,2022-08-29,56.75999999999999,0.2281533885360559,248.78,0.9316866582174379,0.0,0,0.0,4,1.2,2,70.8384,61.429,19.57,169.0,5.05,1.01,0.0223,0.6,4,1.0,1.2,0.8671709129511679
CUST921,669.07,223.0233,78.1129,3,383.05,127.6833,5,1.6667,0.5774,163.1233,127.3761,79.0,309.67,96.2833,85.1913,3,2,2022-03-07,2024-03-20,286.02000000000004,0.4274889025064642,223.02333333333334,0.7808577928474963,0.3464330713385732,744,248.0,4,1.2,2,201.6159,161.3356,79.0,433.3587,7.6274,1.5255,0.5032,0.6,4,1.0,1.2,0.8002126816387001
CUST922,1210.38,172.9114,75.53,7,606.73,86.6757,121,17.2857,38.6899,51.7779,22.4469,2.1302,69.02,27.1398,11.5711,4,3,2022-01-21,2025-02-03,603.6500000000001,0.4987276723012608,302.595,0.4335227964054162,2.2382605274880394,1109,277.25,9,1.3571,2,57.2431,24.4398,2.1302,80.2385,244.2523,17.4466,37.1022,0.5,10,1.1111111111111112,1.3571,0.4269475273002336
CUST923,116.97,116.97,0.0,1,70.18,70.18,2,2.0,0.0,58.485,0.0,58.485,58.485,35.09,0.0,1,1,2025-01-03,2025-01-03,46.78999999999999,0.4000170984012994,116.97,0.0,0.0,0,0.0,3,1.4,2,64.1145,3.6166,58.485,67.698,10.9182,2.1836,0.1098,0.2,1,0.3333333333333333,1.4,0.05640845674535401
CUST924,394.8,394.8,0.0,1,236.88,236.88,6,6.0,0.0,65.8,0.0,65.8,65.8,39.48,0.0,1,1,2022-03-23,2022-03-23,157.92000000000002,0.4,394.8,0.0,0.0,0,0.0,1,1.0,1,65.8,0.0,65.8,65.8,6.0,6.0,0.0,1.0,1,1.0,1.0,0.0
CUST925,1436.0,1436.0,0.0,1,1142.12,1142.12,4,4.0,0.0,359.0,0.0,359.0,359.0,285.53,0.0,1,1,2023-10-16,2023-10-16,293.8800000000001,0.2046518105849583,1436.0,0.0,0.0,0,0.0,1,1.0,1,359.0,0.0,359.0,359.0,4.0,4.0,0.0,1.0,1,1.0,1.0,0.0
CUST926,7729.94,429.4411,615.4323,18,7043.03,391.2794,767,42.6111,59.8332,23.5012,27.5382,3.861,126.874,21.3965,25.0143,13,13,2025-03-12,2025-08-28,686.9099999999999,0.08886356168353181,594.6107692307692,1.1717784623763892,1.404169336158888,169,13.0,26,1.2121,2,21.6846,21.3928,3.861,126.874,1025.4227,31.0734,46.2726,0.5455,23,0.8846153846153846,1.2121,0.9865434455788902
CUST927,205.25,205.25,0.0,1,129.01,129.01,2,2.0,0.0,102.625,0.0,102.625,102.625,64.505,0.0,1,1,2022-04-26,2022-04-26,76.24000000000001,0.3714494518879416,205.25,0.0,0.0,0,0.0,1,1.5,2,121.186,26.2492,102.625,139.747,4.0,2.0,0.0,0.5,2,2.0,1.5,0.21660257785552783
CUST928,164921.51,796.7223,834.249,207,128323.85,619.922,1621,7.8309,15.6346,270.4957,221.5255,1.715,999.0,209.8517,180.8092,107,86,2022-01-12,2024-08-22,36597.66,0.22190956170605036,1541.322523364486,0.8189612626004775,1.9965265805973773,953,8.906542056074766,293,1.2187,2,303.8389,246.0701,1.715,1273.4362,2531.0346,6.7494,13.7629,0.552,264,0.9010238907849829,1.2187,0.8098702963972025
CUST929,10478.53,121.8434,256.867,86,8193.19,95.2697,126,1.4651,2.6243,116.892,257.1091,3.57,2259.0,91.58,206.9436,11,77,2022-01-25,2025-04-28,2285.34,0.21809738579743532,952.5936363636364,2.1995440235431,1.791208791208791,1189,108.0909090909091,129,1.1988,2,106.6736,202.0634,3.57,2259.0,221.11,1.3734,1.9813,0.5342,105,0.813953488372093,1.1988,1.89422125061871
CUST93,718504.55,317.5009,249.0839,2263,582489.42,257.397,1704893,753.3774,2390.5763,21.3378,28.6374,0.0092,402.9,19.6849,29.9621,1519,75,2022-01-05,2025-02-21,136015.13,0.1893030879205984,473.0115536537196,1.342097123414785,3.1731457566951176,1143,0.7524687294272547,3260,1.2133,2,23.0594,30.904,0.0092,402.9,3120444.1966,753.0029,2307.7926,0.5461,2872,0.8809815950920246,1.2133,1.3401909850212927
CUST930,436.45,62.35,66.7958,7,322.46,46.0657,18,2.5714,3.7353,55.7309,70.5018,2.1364,199.0,41.2229,57.6005,4,7,2022-02-24,2025-08-19,113.99000000000001,0.2611753923702601,109.1125,1.2650396817564404,1.4526328070311891,1272,318.0,8,1.2727,2,97.0129,97.1731,2.1364,223.7321,22.3423,2.0311,2.9894,0.6364,9,1.125,1.2727,1.0016513267823146
CUST931,3347.59,223.1727,250.5251,15,2606.41,173.7607,24,1.6,0.9856,152.31,116.7188,9.99,349.0,117.0473,95.1979,6,15,2022-02-02,2022-08-09,741.1800000000003,0.22140704208101955,557.9316666666667,0.7663239445866982,0.616,188,31.333333333333332,21,1.1923,2,153.2201,116.9989,9.99,391.9954,37.1742,1.4298,0.8544,0.5769,20,0.9523809523809523,1.1923,0.7636002065003221
CUST932,159.13,79.565,98.1959,2,125.04,62.52,9,4.5,4.9497,75.1331,104.4635,1.2663,149.0,59.86,83.58,1,2,2025-04-28,2025-04-28,34.08999999999999,0.2142273612769433,159.13,1.3903792070339172,1.0999333333333334,0,0.0,3,1.25,2,120.9337,80.2202,1.2663,167.8459,10.7881,2.697,3.5357,0.5,2,0.6666666666666666,1.25,0.6633403261456484
CUST933,311.19,44.4557,37.5617,7,146.58,20.94,205,29.2857,35.2217,2.9072,1.9877,0.79,5.912,1.5381,1.1844,3,7,2023-02-15,2024-02-19,164.60999999999999,0.5289694398920274,103.73,0.6837162905888827,1.202692781801357,369,123.0,9,1.3077,2,2.7596,1.9237,0.79,5.912,435.4636,33.4972,34.246,0.5385,11,1.2222222222222223,1.3077,0.6970937817074939
CUST934,218.0,218.0,0.0,1,153.0,153.0,2,2.0,0.0,109.0,0.0,109.0,109.0,76.5,0.0,1,1,2022-06-17,2022-06-17,65.0,0.2981651376146789,218.0,0.0,0.0,0,0.0,1,1.5,2,121.5336,17.7252,109.0,134.0673,4.0,2.0,0.0,0.5,2,2.0,1.5,0.14584608700803728
CUST935,5236.18,130.9045,151.4578,40,4117.17,102.9292,53,1.325,0.9167,129.6468,152.4529,0.445,739.0,102.1666,126.5025,24,38,2022-04-04,2025-02-07,1119.0100000000002,0.2137073209859096,218.17416666666668,1.175909470962646,0.6918490566037736,1040,43.333333333333336,57,1.1493,2,125.5411,143.802,0.445,739.0,86.3417,1.2887,0.9384,0.597,47,0.8245614035087719,1.1493,1.1454575433861898
CUST936,2056.49,228.4989,155.1527,9,1750.35,194.4833,9,1.0,0.0,228.4989,155.1527,31.67,449.0,194.4833,141.2771,5,9,2022-01-13,2024-05-29,306.1399999999999,0.1488652996124464,411.29799999999994,0.6790085203911267,0.0,867,173.4,13,1.2353,2,255.3385,168.4608,31.67,581.4146,16.9,0.9941,0.073,0.5294,12,0.9230769230769231,1.2353,0.6597547960844135
CUST937,1219.13,87.0807,138.1691,14,952.22,68.0157,847,60.5,212.9362,75.1213,142.3561,0.0712,449.0,61.1777,118.1788,7,13,2022-01-27,2023-04-05,266.9100000000001,0.21893481417076116,174.1614285714286,1.8950164600452866,3.5196066115702482,433,61.857142857142854,17,1.2609,2,103.1627,170.841,0.0712,516.2087,1682.3363,73.1451,229.4616,0.6087,20,1.1764705882352942,1.2609,1.656034593898764
CUST938,1862.06,116.3788,106.6172,16,1382.72,86.42,26,1.625,2.2472,114.8266,108.1889,1.316,299.0,85.5888,83.9901,6,15,2025-05-22,2025-09-03,479.3399999999999,0.25742457278498004,310.3433333333333,0.9421937077297421,1.3828923076923076,104,17.333333333333332,27,1.2703,2,104.9327,105.1536,1.316,359.6758,72.3555,1.9556,2.6749,0.4324,22,0.8148148148148148,1.2703,1.0021051588303742
CUST939,1256.39,251.278,268.6053,5,1038.54,207.708,6,1.2,0.4472,246.4,273.3812,17.46,649.99,205.044,240.0425,3,5,2022-04-21,2023-03-31,217.85000000000014,0.17339361185619123,418.7966666666667,1.1095016233766233,0.37266666666666665,344,114.66666666666667,8,1.1111,2,148.5542,225.4923,17.46,649.99,13.3133,1.4793,0.5511,0.5556,6,0.75,1.1111,1.5179126541020045
CUST94,227138.23,217.774,401.304,1043,170623.17,163.5888,56916,54.5695,297.6286,125.2643,243.2347,0.014,5800.0,99.33,211.9217,429,590,2022-01-11,2025-09-05,56515.06,0.24881350884877457,529.4597435897437,1.9417719174577273,5.454119975444159,1333,3.1072261072261074,1510,1.2111,2,128.2393,257.8865,0.014,6581.2573,112750.822,58.9085,320.0795,0.5449,1318,0.8728476821192053,1.2111,2.0109786937389713
CUST940,1171.65,195.275,297.9892,6,896.77,149.4617,113,18.8333,24.3919,42.0928,60.1059,1.2638,149.0,35.5205,53.0097,4,5,2022-01-31,2024-09-17,274.8800000000001,0.2346093116545044,292.9125,1.4279377945871978,1.2951474250396902,960,240.0,9,1.3571,2,57.2106,63.6589,1.2638,161.2929,186.6481,13.332,20.1861,0.4286,9,1.0,1.3571,1.1127116303622058
CUST941,194.73,38.946,53.0082,5,146.27,29.254,9,1.8,1.7889,38.1828,53.6469,0.954,129.0,28.7964,43.0807,2,5,2022-08-03,2022-08-09,48.45999999999998,0.24885739228675594,97.365,1.4050017285269807,0.9938333333333332,6,3.0,6,1.25,2,48.9445,59.7988,0.954,152.0999,16.1991,2.0249,1.8376,0.625,7,1.1666666666666667,1.25,1.2217675121821656
CUST942,2236.53,223.653,170.7596,10,1833.43,183.343,21,2.1,2.8067,199.0404,186.7349,8.014,549.0,165.294,160.4233,7,7,2022-10-12,2025-08-18,403.10000000000014,0.18023455978681266,319.50428571428574,0.9381758678137705,1.3365238095238097,1041,148.71428571428572,17,1.15,2,246.3258,216.6755,8.014,626.3813,32.1372,1.6069,2.0117,0.5,11,0.6470588235294118,1.15,0.8796297423980761
CUST943,961.0,240.25,116.5029,4,823.59,205.8975,4,1.0,0.0,240.25,116.5029,119.0,399.0,205.8975,109.706,1,4,2023-03-15,2023-03-15,137.40999999999997,0.14298647242455773,961.0,0.4849236212278876,0.0,0,0.0,7,1.125,2,264.2712,101.1937,119.0,427.2481,8.0494,1.0062,0.1105,0.5,4,0.5714285714285714,1.125,0.382916110419902
CUST944,349.0,349.0,0.0,1,307.75,307.75,1,1.0,0.0,349.0,0.0,349.0,349.0,307.75,0.0,1,1,2022-01-11,2022-01-11,41.25,0.11819484240687679,349.0,0.0,0.0,0,0.0,1,1.0,1,349.0,0.0,349.0,349.0,1.0,1.0,0.0,1.0,1,1.0,1.0,0.0
CUST945,4254.38,184.973,119.4201,23,3282.66,142.7243,24,1.0435,0.2085,179.7991,119.596,37.39,499.0,138.5852,103.5587,18,19,2022-06-29,2025-09-08,971.7200000000003,0.22840460889718367,236.35444444444445,0.6651646198451494,0.19980833732630568,1167,64.83333333333333,34,1.2273,2,174.1523,103.9188,37.39,499.0,47.1594,1.0718,0.2212,0.5227,29,0.8529411764705882,1.2273,0.5967121881249918
CUST946,1058.06,176.3433,131.8513,6,682.05,113.675,34,5.6667,9.5009,103.02,78.1268,1.7748,219.0,70.4433,60.8059,3,5,2024-08-27,2025-01-23,376.01,0.3553768217303367,352.68666666666667,0.7583653659483596,1.6766195492967688,149,49.666666666666664,10,1.2308,2,102.8949,75.0868,1.7748,248.8717,70.7288,5.4407,8.7059,0.4615,8,0.8,1.2308,0.7297426791804064
CUST947,698.0,349.0,141.4214,2,593.0,296.5,2,1.0,0.0,349.0,141.4214,249.0,449.0,296.5,137.8858,1,2,2022-01-12,2022-01-19,105.0,0.1504297994269341,698.0,0.4052189111747851,0.0,7,7.0,2,1.0,1,349.0,141.4214,249.0,449.0,2.0,1.0,0.0,1.0,2,1.0,1.0,0.4052189111747851
CUST948,876.99,175.398,96.4623,5,624.74,124.948,6,1.2,0.4472,149.398,84.7694,39.99,249.0,107.198,63.337,2,5,2022-01-06,2022-03-07,252.25,0.2876315579425079,438.495,0.5674065248530771,0.37266666666666665,60,30.0,8,1.2,2,173.4721,94.5508,39.99,313.6445,12.2084,1.2208,0.4365,0.5,6,0.75,1.2,0.5450490309392692
CUST949,699.0,699.0,0.0,1,559.25,559.25,1,1.0,0.0,699.0,0.0,699.0,699.0,559.25,0.0,1,1,2022-01-17,2022-01-17,139.75,0.19992846924177396,699.0,0.0,0.0,0,0.0,1,1.0,1,699.0,0.0,699.0,699.0,1.0,1.0,0.0,1.0,1,1.0,1.0,0.0
CUST95,20494.06,59.5758,48.3285,344,12149.69,35.3189,3761,10.9331,11.5192,27.9707,26.1844,2.5175,116.365,16.1897,14.6913,55,26,2022-01-04,2023-06-26,8344.37,0.40716041623768057,372.61927272727274,0.9361367430918782,1.0536078513870724,538,9.781818181818181,522,1.2232,2,30.3267,27.5661,2.5175,118.8615,7071.2268,10.5227,11.0396,0.5119,442,0.8467432950191571,1.2232,0.9089713025156051
CUST950,37.0,37.0,0.0,1,24.06,24.06,1,1.0,0.0,37.0,0.0,37.0,37.0,24.06,0.0,1,1,2023-06-13,2023-06-13,12.940000000000001,0.34972972972972977,37.0,0.0,0.0,0,0.0,1,1.5,2,43.5157,9.2145,37.0,50.0313,2.0,1.0,0.0,0.5,2,2.0,1.5,0.21175116107519812
CUST951,5620.72,936.7867,966.4044,6,5247.55,874.5917,71,11.8333,2.2286,69.8042,70.1286,1.189,148.66,65.09,65.0358,3,6,2023-11-29,2025-04-15,373.1700000000001,0.06639185015442862,1873.5733333333335,1.0046472848338641,0.18833292488147857,503,167.66666666666666,9,1.1,2,56.0421,63.8873,1.189,148.66,114.422,11.4422,2.8484,0.6,7,0.7777777777777778,1.1,1.1399876164526312
CUST952,439.87,219.935,29.6066,2,314.72,157.36,37,18.5,24.7487,102.8454,135.9831,6.6908,199.0,87.01,117.3656,2,2,2022-01-24,2022-05-04,125.14999999999998,0.28451587969172704,219.935,1.32220886884586,1.3377675675675675,100,50.0,3,1.25,2,121.2635,135.0974,6.6908,271.7906,68.2068,17.0517,18.6852,0.5,3,1.0,1.25,1.1140813187810017
CUST953,260.28,37.1829,44.9701,7,168.87,24.1243,992,141.7143,172.0084,24.0249,45.8935,0.0127,119.89,13.6993,26.1574,5,7,2022-01-20,2022-04-13,91.40999999999997,0.35119870908252643,52.056,1.910247285108367,1.2137688292571744,83,16.6,10,1.2308,2,16.874,36.0179,0.0127,119.89,1817.7055,139.8235,168.4664,0.5385,8,0.8,1.2308,2.134520564181581
CUST954,2003.0,250.375,141.6161,8,1696.15,212.0188,9,1.125,0.3536,237.875,150.8125,100.0,599.0,201.3937,142.1119,6,8,2022-06-13,2025-07-18,306.8499999999999,0.15319520718921614,333.8333333333333,0.6339989490278508,0.31431111111111115,1131,188.5,11,1.2143,2,225.4886,114.1263,100.0,599.0,16.3359,1.1668,0.3564,0.5714,10,0.9090909090909091,1.2143,0.5061289129472621
CUST955,388.98,129.66,34.0694,3,294.5,98.1667,3,1.0,0.0,129.66,34.0694,109.99,169.0,98.1667,36.7483,2,2,2022-04-20,2022-05-18,94.48000000000002,0.24289166538125356,194.49,0.2627595249113065,0.0,28,14.0,8,1.3333,2,157.5394,37.8559,109.99,195.3888,11.9587,0.9966,0.1148,0.25,4,0.5,1.3333,0.24029480879068982
CUST956,328.34,109.4467,161.6218,3,168.41,56.1367,151,50.3333,49.5008,5.3672,6.5215,0.3912,12.75,2.246,2.4873,2,3,2022-03-28,2024-04-19,159.92999999999998,0.4870865566181397,164.17,1.2150655835444923,0.983460253947188,753,376.5,3,1.25,2,4.8166,5.4374,0.3912,12.75,251.0,62.75,47.4368,0.75,4,1.3333333333333333,1.25,1.1288875970601668
CUST957,360.83,120.2767,104.9165,3,324.75,108.25,4,1.3333,0.5774,85.6367,74.2138,3.99,149.0,74.9167,63.8348,1,3,2024-09-30,2024-09-30,36.079999999999984,0.09999168583543493,360.83,0.8666120950480344,0.4330608265206631,0,0.0,6,1.1429,2,118.558,56.4199,3.99,169.9255,9.1946,1.3135,0.4218,0.4286,3,0.5,1.1429,0.4758843772668229
CUST958,909.3,60.62,59.3483,15,751.02,50.068,111,7.4,5.054,34.0167,66.1178,2.35,213.95,25.902,53.1177,4,9,2024-03-20,2024-12-06,158.27999999999997,0.1740679643681953,227.325,1.94368648340374,0.682972972972973,261,65.25,24,1.1724,2,31.3185,63.2499,2.35,213.95,217.0543,7.4846,4.8339,0.5172,19,0.7916666666666666,1.1724,2.0195699027731213
CUST959,185.68,61.8933,32.0231,3,96.82,32.2733,281,93.6667,100.2015,8.8582,14.1549,0.421,25.2,4.2376,6.7236,3,3,2022-01-07,2023-03-06,88.86000000000001,0.47856527358897033,61.89333333333334,1.597943148720959,1.0697665232147604,423,141.0,5,1.1667,2,18.6518,13.9739,0.421,28.6616,283.9886,47.3314,81.1941,0.5,3,0.6,1.1667,0.749198468780493
CUST96,2764.85,81.3191,44.8662,34,1815.48,53.3965,1308,38.4706,64.3095,10.1211,11.0089,2.8925,33.615,6.6248,7.3003,10,12,2022-01-13,2022-08-16,949.3699999999999,0.34337124979655315,276.485,1.087717738190513,1.6716531585158538,215,21.5,47,1.2034,2,12.7773,13.5543,2.8925,41.9742,1869.5386,31.6871,55.0589,0.5763,42,0.8936170212765957,1.2034,1.0608109694536403
CUST960,94.73,94.73,0.0,1,52.1,52.1,1,1.0,0.0,94.73,0.0,94.73,94.73,52.1,0.0,1,1,2024-02-16,2024-02-16,42.63,0.45001583447693444,94.73,0.0,0.0,0,0.0,1,1.0,1,94.73,0.0,94.73,94.73,1.0,1.0,0.0,1.0,1,1.0,1.0,0.0
CUST961,302.32,302.32,0.0,1,205.13,205.13,1,1.0,0.0,302.32,0.0,302.32,302.32,205.13,0.0,1,1,2022-02-15,2022-02-15,97.19,0.32148055041016144,302.32,0.0,0.0,0,0.0,2,1.3333,2,328.7019,22.8599,302.32,342.6489,2.9195,0.9732,0.0465,0.3333,2,1.0,1.3333,0.0695459928889976
CUST962,449.56,34.5815,29.9002,13,464.66,35.7431,4832,371.6923,663.1256,0.1656,0.1134,0.044,0.3617,0.127,0.0612,3,3,2022-02-03,2022-12-02,-15.100000000000023,-0.033588397544265555,149.85333333333332,0.6847826086956522,1.7840713945379014,302,100.66666666666667,20,1.2308,2,0.1754,0.1215,0.044,0.4152,12002.2256,461.6241,737.3486,0.5,15,0.75,1.2308,0.6927023945267958
CUST963,115.55,2.6872,1.8363,43,116.44,2.7079,2980,69.3023,40.4808,0.0731,0.0676,0.0229,0.2475,0.0527,0.0493,5,5,2022-02-15,2025-08-20,-0.8900000000000006,-0.007702293379489403,23.11,0.9247606019151846,0.584119141788945,1282,256.4,64,1.1795,2,0.0729,0.0686,0.0229,0.2637,5532.6231,70.9311,40.1414,0.5513,50,0.78125,1.1795,0.9410150891632372
CUST964,9.68,0.6453,1.3699,15,6.94,0.4627,272,18.1333,33.8608,0.0261,0.0057,0.0225,0.04,0.0225,0.006,3,2,2022-04-13,2025-08-25,2.7399999999999993,0.28305785123966937,3.2266666666666666,0.21839080459770113,1.867326961998092,1230,410.0,22,1.2667,2,0.0284,0.0079,0.0225,0.0582,579.0568,19.3019,32.8295,0.5,21,0.9545454545454546,1.2667,0.27816901408450706
CUST965,31.93,10.6433,1.8302,3,20.74,6.9133,2160,720.0,484.9742,0.0256,0.024,0.0117,0.0533,0.0166,0.0156,2,2,2022-09-08,2022-10-12,11.190000000000001,0.35045411838396495,15.965,0.9375,0.6735752777777778,34,17.0,3,1.0,1,0.0256,0.024,0.0117,0.0533,2160.0,720.0,484.9742,1.0,3,1.0,1.0,0.9375
CUST966,116.83,58.415,81.4375,2,46.83,23.415,1100,550.0,636.3961,0.0622,0.0762,0.0083,0.116,0.0254,0.0297,1,2,2025-03-20,2025-03-20,70.0,0.5991611743559018,116.83,1.2250803858520902,1.1570838181818182,0,0.0,5,1.375,2,0.0716,0.0685,0.0083,0.1662,4609.4,576.175,513.1099,0.25,3,0.6,1.375,0.9567039106145252
CUST967,3445.35,56.4811,28.9963,61,3694.29,60.5621,27053,443.4918,672.9678,0.2134,0.0927,0.0405,0.3835,0.2054,0.0933,7,6,2022-01-05,2025-07-14,-248.94000000000005,-0.07225390744046326,492.1928571428571,0.4343955014058107,1.517430085516801,1286,183.71428571428572,86,1.211,2,0.2257,0.0958,0.0405,0.4156,54946.5702,504.097,824.9216,0.5596,77,0.8953488372093024,1.211,0.42445724412937524
CUST968,20591.45,98.0545,204.4444,210,9131.57,43.4837,100930,480.619,376.3128,0.186,0.2431,0.0088,2.88,0.0839,0.1595,72,12,2022-01-07,2025-09-02,11459.880000000001,0.5565358437603958,285.9923611111111,1.306989247311828,0.7829752881180311,1334,18.52777777777778,309,1.2333,2,0.1901,0.2702,0.0088,3.9251,192793.3816,478.3955,355.9867,0.5211,271,0.8770226537216829,1.2333,1.421357180431352
CUST969,1867.98,169.8164,126.2085,11,726.59,66.0536,10320,938.1818,298.6911,0.2062,0.1731,0.0205,0.48,0.0881,0.1434,11,5,2022-02-08,2025-05-06,1141.3899999999999,0.6110290260067024,169.81636363636363,0.8394762366634336,0.3183723026816338,1183,107.54545454545455,14,1.1765,2,0.2285,0.1856,0.0205,0.5595,15690.8211,922.9895,292.4433,0.6471,13,0.9285714285714286,1.1765,0.8122538293216629
CUST97,285943.46,406.7475,627.3788,703,208496.36,296.5809,6384,9.0811,13.3836,221.9388,297.1657,0.2573,1067.52,163.3725,230.8009,304,80,2022-01-07,2025-09-05,77447.10000000003,0.2708476004312182,940.6034868421053,1.3389533511039982,1.4737862153263372,1337,4.3980263157894735,989,1.2043,2,236.824,320.5519,0.2573,1369.8559,11345.1622,9.1272,14.1127,0.5656,889,0.8988877654196158,1.2043,1.3535448265378507
CUST970,35024.09,530.668,926.8489,66,31984.0,484.6061,40034,606.5758,578.9602,0.7372,0.5336,0.0151,2.0345,0.7213,0.5123,9,7,2022-01-07,2025-09-05,3040.0899999999965,0.0867999711056018,3891.565555555555,0.7238198589256647,0.9544729611698983,1337,148.55555555555554,98,1.2033,2,0.8085,0.5426,0.0151,2.3613,73576.0275,598.1791,553.2278,0.5366,84,0.8571428571428571,1.2033,0.6711193568336425
CUST971,270.19,45.0317,7.3317,6,123.04,20.5067,2400,400.0,808.3316,0.5283,0.2659,0.0244,0.75,0.2522,0.1196,3,2,2022-06-20,2025-04-21,147.14999999999998,0.5446167511750989,90.06333333333333,0.5033125118303995,2.020829,1036,345.3333333333333,9,1.25,2,0.6583,0.2313,0.0244,0.8533,2842.5839,236.882,571.0111,0.5,8,0.8888888888888888,1.25,0.3513595625094942
CUST972,1202.29,18.2165,18.3943,66,799.17,12.1086,12800,193.9394,147.6782,0.0856,0.0356,0.0128,0.1138,0.06,0.0162,2,2,2022-01-05,2025-08-20,403.12,0.33529348160593536,601.145,0.4158878504672897,0.761465694954197,1323,661.5,98,1.2519,2,0.0855,0.0405,0.0128,0.1668,23607.3247,180.2086,120.8256,0.5038,90,0.9183673469387755,1.2519,0.47368421052631576
CUST973,2112.33,1056.165,460.9983,2,1161.0,580.5,15,7.5,3.5355,142.126,5.5324,138.214,146.038,77.4,0.0,2,1,2022-01-24,2022-03-07,951.3299999999999,0.45036997060118444,1056.165,0.03892602338769824,0.4714,42,21.0,2,1.3333,2,161.4994,33.783,138.214,200.2462,25.0,8.3333,2.8868,0.6667,3,1.5,1.3333,0.2091834396907976
CUST974,9012.09,1802.418,2263.1669,5,5356.8,1071.36,176,35.2,17.8802,108.1589,141.3434,5.1833,276.4445,63.978,83.4549,2,4,2022-06-08,2022-12-22,3655.29,0.40559847937603816,4506.045,1.3068124768280742,0.5079602272727272,197,98.5,8,1.3333,2,151.9989,157.5883,5.1833,405.7646,387.0299,32.2525,16.4921,0.4167,8,1.0,1.3333,1.0367726345388026
CUST975,1096.07,42.1565,67.9175,26,465.96,17.9215,1420,54.6154,33.9412,3.5798,13.8191,0.0569,71.156,1.9124,8.0434,9,21,2022-10-28,2025-09-02,630.1099999999999,0.5748811663488645,121.78555555555555,3.8602994580702834,0.621458416490587,1040,115.55555555555556,38,1.1739,2,4.062,15.5109,0.0569,80.3761,2652.6798,57.667,32.5998,0.5652,32,0.8421052631578947,1.1739,3.818537666174298
CUST976,12.05,12.05,0.0,1,4.81,4.81,100,100.0,0.0,0.1205,0.0,0.1205,0.1205,0.0481,0.0,1,1,2023-05-05,2023-05-05,7.240000000000001,0.6008298755186723,12.05,0.0,0.0,0,0.0,2,1.3333,2,0.1303,0.0086,0.1205,0.1362,279.6477,93.2159,5.8752,0.3333,1,0.5,1.3333,0.06600153491941674
CUST977,1406.55,87.9094,74.4564,16,596.93,37.3081,3934,245.875,155.0062,0.5396,0.5542,0.0963,1.9746,0.2408,0.2732,9,12,2022-01-07,2025-08-22,809.62,0.5756069816216985,156.28333333333333,1.0270570793180134,0.6304268429079817,1323,147.0,19,1.1364,2,0.542,0.4975,0.0963,1.9746,5251.5635,238.7074,138.1771,0.7273,17,0.8947368421052632,1.1364,0.9178966789667896
CUST978,1624.71,812.355,1064.6836,2,750.94,375.47,2246,1123.0,1240.2653,0.5123,0.3823,0.2419,0.7826,0.2429,0.1656,1,1,2022-07-05,2022-07-29,873.77,0.5378005921056681,1624.71,0.7462424360726136,1.1044214603739981,24,24.0,3,1.0,1,0.4268,0.3083,0.2419,0.7826,2519.9998,839.9999,1004.6871,0.6667,2,0.6666666666666666,1.0,0.7223523898781631
CUST979,843.39,36.6691,62.7835,23,357.44,15.5409,27010,1174.3478,1596.3163,0.1048,0.3141,0.0023,1.516,0.0424,0.1282,12,20,2022-05-16,2025-07-16,485.95,0.576186580348356,70.2825,2.9971374045801524,1.3593215740686022,1157,96.41666666666667,34,1.2609,2,0.1243,0.3339,0.0023,1.7348,53803.0955,1169.6325,1590.8909,0.5,30,0.8823529411764706,1.2609,2.6862429605792437
CUST98,13894265.74,198.3139,357.3882,70062,10292973.48,146.9124,149457910,2133.2236,5400.0954,23.3326,68.6544,0.004,2392.94,17.5757,51.9122,22334,592,2021-12-30,2025-09-05,3601292.26,0.25919270059966476,622.1127312617534,2.942423904751292,2.5314249289197814,1345,0.060222082922897824,101883,1.2179,2,25.1194,74.6236,0.004,2778.3497,276349907.21,2121.4277,5605.2545,0.5378,89657,0.8799996073927937,1.2179,2.9707556709157066
CUST980,88.14,29.38,7.7769,3,29.16,9.72,180,60.0,0.0,0.4897,0.1296,0.34,0.5645,0.162,0.0534,3,1,2024-02-22,2024-09-10,58.980000000000004,0.6691626957113683,29.38,0.26465182764958134,0.0,201,67.0,4,1.3333,2,0.4732,0.1149,0.34,0.5998,366.0083,61.0014,1.5513,0.5,4,1.0,1.3333,0.24281487743026203
CUST981,4408.6,220.43,176.1182,20,1323.52,66.176,849,42.45,23.0457,5.3268,2.363,2.5218,9.2184,1.5065,0.7689,14,3,2022-10-31,2025-03-04,3085.0800000000004,0.6997867803837954,314.90000000000003,0.4436059172486295,0.5428904593639575,855,61.07142857142857,30,1.1892,2,5.68,2.4748,2.5218,10.4974,1413.8413,38.2119,23.5346,0.5405,25,0.8333333333333334,1.1892,0.43570422535211273
CUST982,3434.85,228.99,155.7286,15,1727.04,115.136,554,36.9333,39.7914,23.6678,62.3457,0.4488,247.335,13.4169,37.6414,12,10,2022-08-23,2024-06-05,1707.81,0.49720075112450324,286.2375,2.634199207361901,1.0773854489038348,652,54.333333333333336,20,1.2593,2,28.6289,77.8374,0.4488,340.4509,856.3585,31.717,30.6396,0.5556,19,0.95,1.2593,2.7188400532329218
CUST983,0.58,0.58,0.0,1,0.53,0.53,5,5.0,0.0,0.116,0.0,0.116,0.116,0.106,0.0,1,1,2022-08-17,2022-08-17,0.04999999999999993,0.08620689655172403,0.58,0.0,0.0,0,0.0,1,1.5,2,0.1295,0.0191,0.116,0.143,10.0,5.0,0.0,0.5,2,2.0,1.5,0.14749034749034748
CUST984,25992.3,1732.82,2422.56,15,14751.07,983.4047,207593,13839.5333,8457.1544,0.1523,0.1956,0.0322,0.6,0.0869,0.1184,7,2,2022-10-24,2025-07-28,11241.23,0.432483081527991,3713.1857142857143,1.2843072882468811,0.6110866758780081,1008,144.0,20,1.2,2,0.1362,0.1949,0.0322,0.6865,343548.6366,13741.9455,8805.4334,0.6,19,0.95,1.2,1.4309838472834069
CUST985,1436.05,130.55,115.854,11,716.24,65.1127,8200,745.4545,568.0909,0.2079,0.1536,0.0943,0.6189,0.1052,0.096,11,6,2022-03-09,2024-03-27,719.81,0.5012429929320009,130.54999999999998,0.7388167388167387,0.7620732050044637,749,68.0909090909091,12,1.25,2,0.2627,0.1951,0.0943,0.7808,10298.352,643.647,499.345,0.6875,15,1.25,1.25,0.7426722497145033
CUST986,74.38,74.38,0.0,1,59.5,59.5,25,25.0,0.0,2.9752,0.0,2.9752,2.9752,2.38,0.0,1,1,2023-04-05,2023-04-05,14.879999999999995,0.20005377789728418,74.38,0.0,0.0,0,0.0,3,1.0,1,3.2058,0.2096,2.9752,3.3846,67.5278,22.5093,2.19,0.3333,1,0.3333333333333333,1.0,0.06538149603843035
CUST987,12590.49,1798.6414,687.7829,7,6967.95,995.4214,440,62.8571,20.788,28.7089,7.194,19.5035,43.4458,15.6943,1.9606,7,1,2022-06-28,2024-05-08,5622.54,0.4465703876497261,1798.6414285714286,0.25058431357523275,0.33071840730800495,680,97.14285714285714,10,1.3333,2,32.453,7.2507,19.5035,49.0684,927.0177,61.8012,20.0897,0.4667,11,1.1,1.3333,0.2234215634918189
CUST988,26.49,26.49,0.0,1,8.62,8.62,100,100.0,0.0,0.2649,0.0,0.2649,0.2649,0.0862,0.0,1,1,2022-08-03,2022-08-03,17.869999999999997,0.6745941864854662,26.49,0.0,0.0,0,0.0,1,1.0,1,0.2649,0.0,0.2649,0.2649,100.0,100.0,0.0,1.0,1,1.0,1.0,0.0
CUST989,151.76,50.5867,0.5901,3,135.49,45.1633,469,156.3333,48.7887,0.3524,0.1386,0.2724,0.5125,0.2849,0.0781,2,2,2022-06-03,2023-07-21,16.269999999999982,0.10720875065893505,75.88,0.39330306469920545,0.31208130321562966,413,206.5,4,1.2,2,0.3996,0.1311,0.2724,0.553,765.3598,153.072,43.0308,0.6,4,1.0,1.2,0.32807807807807804
CUST99,717465.24,218.9397,1343.7053,3277,580447.2399,177.1276,1802669,550.0973,5686.8851,9.949,22.0524,0.001,353.7,7.216,15.8912,512,959,2022-01-03,2025-08-12,137018.00009999995,0.19097510577655294,1401.299296875,2.216544376319228,10.337962211412417,1317,2.572265625,4810,1.2221,2,10.6809,23.4966,0.001,374.3224,3939031.0747,637.0744,6204.7917,0.53,4210,0.8752598752598753,1.2221,2.199870797404713
CUST990,1477.88,147.788,154.0895,10,581.36,58.136,4030,403.0,144.1057,0.3286,0.2858,0.094,1.0679,0.1327,0.0698,8,3,2022-03-31,2024-06-06,896.5200000000001,0.6066257070939454,184.735,0.8697504564820451,0.35758238213399507,798,99.75,14,1.125,2,0.3504,0.3173,0.094,1.1566,6129.5409,383.0963,148.9839,0.625,12,0.8571428571428571,1.125,0.9055365296803654
CUST991,450.34,225.17,189.9713,2,180.12,90.06,40,20.0,0.0,11.2585,9.4986,4.542,17.975,4.503,3.7993,1,2,2024-02-19,2024-02-19,270.21999999999997,0.60003552871164,450.34,0.8436825509614958,0.0,0,0.0,4,1.2,2,13.6329,8.17,4.542,20.4821,97.8862,19.5772,0.6498,0.4,2,0.5,1.2,0.5992855518635067
CUST992,312.0,156.0,132.3704,2,216.0,108.0,2000,1000.0,848.5281,0.156,0.0,0.156,0.156,0.108,0.0,1,1,2022-01-25,2022-01-28,96.0,0.3076923076923077,312.0,0.0,0.8485281,3,3.0,4,1.3333,2,0.17,0.0149,0.156,0.1961,4476.6643,746.1107,563.8959,0.3333,3,0.75,1.3333,0.08764705882352941
CUST993,382284.29,1304.7245,1838.7008,293,281825.22,961.8608,30361,103.6212,123.4318,22.5941,31.6856,4.5792,151.8156,15.4866,19.8565,38,17,2022-01-13,2025-09-04,100459.07,0.26278628922993413,10060.112894736842,1.402383808162308,1.1911828853555064,1330,35.0,431,1.2276,2,24.7521,34.8851,4.5792,205.2753,56343.4991,100.974,123.5144,0.5251,380,0.8816705336426914,1.2276,1.409379406191798
CUST994,1130.0,188.3333,25.6172,6,916.7,152.7833,6,1.0,0.0,188.3333,25.6172,145.78,209.0,152.7833,20.0496,1,1,2022-01-04,2022-01-06,213.29999999999995,0.18876106194690262,1130.0,0.13602055504788585,0.0,2,2.0,10,1.1667,2,209.3198,37.5628,145.78,301.4337,11.9674,0.9973,0.0277,0.5,7,0.7,1.1667,0.17945172888565727
CUST995,190.42,95.21,13.4916,2,116.59,58.295,130,65.0,84.8528,8.986,11.523,0.838,17.134,5.4372,6.9562,1,2,2025-08-26,2025-08-26,73.82999999999998,0.3877218779539964,190.42,1.282328065880258,1.3054276923076924,0,0.0,2,1.3333,2,12.7038,10.3854,0.838,20.1394,135.0,45.0,69.282,0.6667,3,1.5,1.3333,0.817503424172295
CUST996,331.12,165.56,0.0,2,205.54,102.77,2,1.0,0.0,165.56,0.0,165.56,165.56,102.77,0.0,1,1,2023-02-16,2023-03-23,125.58000000000001,0.3792582749456391,331.12,0.0,0.0,35,35.0,3,1.5,2,176.4378,10.4616,165.56,190.8153,6.0693,1.0116,0.0179,0.3333,4,1.3333333333333333,1.5,0.05929341671682599
CUST997,21036.8,333.9175,618.2238,63,15707.51,249.3256,1793,28.4603,62.92,16.6052,8.4074,5.93,35.6,11.9246,5.9475,20,28,2022-01-31,2025-03-13,5329.289999999999,0.2533317804989352,1051.84,0.5063112759858358,2.210798902330615,1137,56.85,95,1.1949,2,18.1565,9.523,5.93,49.0634,3385.2966,28.689,63.9384,0.5339,78,0.8210526315789474,1.1949,0.5244953597885055
CUST998,364.34,364.34,0.0,1,298.34,298.34,11,11.0,0.0,33.1218,0.0,33.1218,33.1218,27.1218,0.0,1,1,2022-01-21,2022-01-21,66.0,0.1811494757643959,364.34,0.0,0.0,0,0.0,1,1.0,1,33.1218,0.0,33.1218,33.1218,11.0,11.0,0.0,1.0,1,1.0,1.0,0.0
CUST999,280.75,280.75,0.0,1,112.25,112.25,2500,2500.0,0.0,0.1123,0.0,0.1123,0.1123,0.0449,0.0,1,1,2024-01-05,2024-01-05,168.5,0.6001780943900267,280.75,0.0,0.0,0,0.0,1,1.0,1,0.1123,0.0,0.1123,0.1123,2500.0,2500.0,0.0,1.0,1,1.0,1.0,0.0
