CustomerID,ExtPrice_sum,ExtPrice_mean,ExtPrice_std,ExtPrice_count,ExtPrice_median,ExtPrice_min,ExtPrice_max,ExtCost_sum,ExtCost_mean,ExtCost_std,ExtCost_median,SalesQty_sum,SalesQty_mean,SalesQty_std,SalesQty_median,SalesQty_min,SalesQty_max,UnitPrice_mean_x,UnitPrice_std_x,UnitPrice_min_x,UnitPrice_max_x,UnitPrice_median,UnitCost_mean,UnitCost_std,UnitCost_median,OrderNumber_nunique,ProductID_nunique,SalesDate_min,SalesDate_max,SalesDate_count,TotalRevenue,TotalCost,TotalProfit,ProfitMargin,AvgOrderValue,AvgOrderQuantity,PriceVolatility,QuantityVolatility,CustomerLifetimeDays,AvgDaysBetweenOrders,OrderFrequency,ProductDiversity,AvgProductsPerOrder,Recency,Frequency,Monetary,RecencyScore,FrequencyScore,MonetaryScore,RFMScore,CustomerLifetimeValue,CustomerLoyaltyScore,QuoteID_nunique,QuoteVersion_mean,QuoteVersion_max,UnitPrice_mean_y,UnitPrice_std_y,UnitPrice_min_y,UnitPrice_max_y,QuoteQty_sum,QuoteQty_mean,QuoteQty_std,QuoteStatus_<lambda>,ConvertedToOrderNumber_<lambda>,QuoteConversionRate,QuoteWinRate,AvgNegotiationRounds,QuotePriceVolatility,Cluster,Cluster_Numeric
CUST100,77583.22,61.8193,71.2393,1255,39.12,1.46,736.88,52855.23,42.1157,48.8026,23.8,47492,37.8422,232.2909,4.0,1,4000,37.915,289.405,0.765,10218.0,18.75,26.1305,201.6611,13.41,75,141,1/3/2022,8/14/2025,1255,77583.22,52855.23,24727.99,0.318728586,1034.442933,633.2266667,7.632994857,6.138408972,1319,17.58666667,20.73863636,141,1.88,25,75,77583.22,4,4,5,445,77583.22,223797.75,1812,1.2223,2,36.1294,213.9527,0.765,10218.0,76750.576,32.9402,207.3393,0.5386,1615,0.891280353,0.5386,1.2223,5.921844813,Platinum,5
CUST1000,21.45,10.725,8.0964,2,10.725,5.0,16.45,5.88,2.94,0.3394,2.94,200,100.0,0.0,100.0,100,100,0.1072,0.081,0.05,0.1645,0.1072,0.0294,0.0034,0.0294,2,2,1/11/2022,7/31/2025,2,21.45,5.88,15.57,0.725874126,10.725,100.0,0.755597015,0.0,1297,648.5,0.562403698,2,1.0,39,2,21.45,4,1,1,411,21.45,1.0725,2,1.3333,2,0.0894,0.065,0.05,0.1645,300.0,100.0,0.0,0.6667,3,1.5,0.6667,1.3333,0.727069351,Platinum,5
CUST1001,18.9,18.9,0.0,1,18.9,18.9,18.9,9.24,9.24,0.0,9.24,70,70.0,0.0,70.0,70,70,0.27,0.0,0.27,0.27,0.27,0.132,0.0,0.132,1,1,1/25/2022,1/25/2022,1,18.9,9.24,9.66,0.511111111,18.9,70.0,0.0,0.0,0,0.0,365.0,1,1.0,1322,1,18.9,1,1,1,111,18.9,0.014285714,2,1.0,1,0.2825,0.0177,0.27,0.2951,144.4979,72.249,3.1805,0.5,1,0.5,0.5,1.0,0.062654867,Diamond,4
CUST1002,1086.0,217.2,217.365,5,152.42,15.14,583.0,386.81,77.362,52.5495,64.08,30000,6000.0,4058.9031,5367.0,533,10000,0.0331,0.0144,0.0219,0.0583,0.0284,0.0131,0.0011,0.0139,3,1,6/17/2022,6/6/2024,5,1086.0,386.81,699.19,0.643821363,362.0,10000.0,0.435045317,0.67648385,720,240.0,1.518723994,1,0.333333333,459,3,1086.0,2,1,2,212,1086.0,7.082608696,6,1.1429,2,0.0383,0.0164,0.0219,0.0639,39995.332,5713.6189,4226.9081,0.7143,6,1.0,0.7143,1.1429,0.428198433,Diamond,4
CUST1003,420.48,210.24,0.0,2,210.24,210.24,210.24,208.8,104.4,3.0547,104.4,288,144.0,0.0,144.0,144,144,1.46,0.0,1.46,1.46,1.46,0.725,0.0212,0.725,2,1,3/31/2022,10/27/2022,2,420.48,208.8,211.68,0.503424658,210.24,144.0,0.0,0.0,210,105.0,3.45971564,1,0.5,1047,2,420.48,1,1,1,111,420.48,0.802442748,2,1.3333,2,1.6804,0.3817,1.46,2.1211,432.0,144.0,0.0,0.6667,3,1.5,0.6667,1.3333,0.227148298,Diamond,4
CUST1004,115.92,38.64,17.7084,3,34.78,23.18,57.96,61.47,20.49,9.4894,18.49,20,6.6667,3.0551,6.0,4,10,5.7959,0.0008,5.795,5.7967,5.796,3.0679,0.0242,3.0817,1,3,8/30/2023,8/30/2023,3,115.92,61.47,54.45,0.469720497,115.92,20.0,0.000138029,0.458262709,0,0.0,365.0,3,3.0,740,1,115.92,2,1,1,211,115.92,0.156437247,4,1.0,1,6.0105,0.4292,5.795,6.6543,27.0811,6.7703,2.503,0.75,3,0.75,0.75,1.0,0.071408369,Diamond,4
CUST1005,7288.24,7288.24,0.0,1,7288.24,7288.24,7288.24,6195.0,6195.0,0.0,6195.0,1,1.0,0.0,1.0,1,1,7288.24,0.0,7288.24,7288.24,7288.24,6195.0,0.0,6195.0,1,1,3/6/2024,3/6/2024,1,7288.24,6195.0,1093.24,0.150000549,7288.24,1.0,0.0,0.0,0,0.0,365.0,1,1.0,551,1,7288.24,2,1,3,213,7288.24,13.20333333,1,1.0,1,7288.24,0.0,7288.24,7288.24,1.0,1.0,0.0,1.0,1,1.0,1.0,1.0,0.0,Diamond,4
CUST1006,892.31,24.7864,38.1185,36,9.75,2.06,198.0,935.96,25.9989,45.4718,8.56,3266,90.7222,72.3794,100.0,10,300,0.3298,0.2567,0.04,1.073,0.278,0.2935,0.2147,0.3033,30,12,1/12/2022,7/16/2025,36,892.31,935.96,-43.65,-0.048917977,29.74366667,108.8666667,0.778350515,0.797813545,1281,42.7,8.541341654,12,0.4,54,30,892.31,4,4,2,442,892.31,486.7145455,54,1.1692,2,0.3701,0.2811,0.04,1.2951,5311.4273,81.7143,65.8007,0.5538,46,0.851851852,0.5538,1.1692,0.759524453,Platinum,5
CUST1007,4698.08,276.3576,263.0192,17,170.06,46.4,899.4,2659.14,156.42,143.5981,90.81,7361,433.0,311.1033,288.0,160,1056,0.6292,0.2896,0.29,0.8994,0.83,0.3542,0.1416,0.454,8,2,1/11/2022,5/24/2023,17,4698.08,2659.14,2038.94,0.433994313,587.26,920.125,0.460267006,0.718483372,498,62.25,5.851703407,2,0.25,838,8,4698.08,2,2,3,223,4698.08,44.79694875,26,1.2778,2,0.7468,0.3018,0.29,1.1024,17313.6405,480.9345,328.0477,0.4722,23,0.884615385,0.4722,1.2778,0.404124264,Diamond,4
CUST1008,15.0,15.0,0.0,1,15.0,15.0,15.0,6.0,6.0,0.0,6.0,50,50.0,0.0,50.0,50,50,0.3,0.0,0.3,0.3,0.3,0.12,0.0,0.12,1,1,2/8/2022,2/8/2022,1,15.0,6.0,9.0,0.6,15.0,50.0,0.0,0.0,0,0.0,365.0,1,1.0,1308,1,15.0,1,1,1,111,15.0,0.011459129,1,1.0,1,0.3,0.0,0.3,0.3,50.0,50.0,0.0,1.0,1,1.0,1.0,1.0,0.0,Diamond,4
CUST1009,168.02,42.005,82.0042,4,1.4,0.22,165.0,126.83,31.7075,61.6632,1.235,262,65.5,92.0344,28.0,6,200,0.8466,1.6357,0.0129,3.3,0.0367,0.638,1.2306,0.0283,3,3,10/17/2022,6/19/2025,4,168.02,126.83,41.19,0.245149387,56.00666667,87.33333333,1.932081266,1.405105344,976,325.3333333,1.120777892,3,1.0,81,3,168.02,4,1,1,411,168.02,6.147073171,5,1.0,1,0.6852,1.4617,0.0129,3.3,268.0175,53.6035,84.0261,0.8,4,0.8,0.8,1.0,2.133245768,Platinum,5
CUST101,86138.55,241.2845,651.2146,357,66.04,1.18,5226.24,55400.24,155.1827,397.0828,50.0,23767,66.5742,305.1267,2.0,1,2500,51.5985,132.3067,0.08,1642.15,33.7767,35.3348,91.765,24.39,34,66,1/11/2022,2/17/2025,357,86138.55,55400.24,30738.31,0.356847312,2533.486765,699.0294118,2.564157873,4.583257478,1133,33.32352941,10.94356261,66,1.941176471,203,34,86138.55,3,4,5,345,86138.55,14356.425,508,1.2209,2,51.6962,111.0314,0.08,1642.15,39799.4384,61.0421,282.6343,0.5475,457,0.899606299,0.5475,1.2209,2.147767147,Platinum,5
CUST1010,563.19,18.1674,12.4202,31,17.99,4.62,71.95,394.26,12.7181,8.0051,12.04,799,25.7742,17.3045,25.0,6,100,0.7152,0.0815,0.3938,0.77,0.7196,0.5107,0.0588,0.4816,30,2,1/25/2022,3/27/2025,31,563.19,394.26,168.93,0.299952059,18.773,26.63333333,0.113954139,0.671388443,1157,38.56666667,9.455958549,2,0.066666667,165,30,563.19,3,4,1,341,563.19,101.7813253,47,1.2167,2,0.7557,0.1205,0.3938,1.018,1595.0813,26.5847,16.5051,0.5167,41,0.872340426,0.5167,1.2167,0.15945481,Platinum,5
CUST1011,4128.28,33.2926,107.3173,124,27.61,0.07,1030.99,3460.69,27.9088,60.5791,28.96,9893,79.7823,88.3322,100.0,2,746,1.0382,9.2408,0.0164,103.099,0.2761,0.6949,5.3254,0.2974,10,8,1/19/2022,8/14/2025,124,4128.28,3460.69,667.59,0.161711415,412.828,989.3,8.900789829,1.107165374,1303,130.3,2.799079755,8,0.8,25,10,4128.28,4,3,3,433,4128.28,1587.8,172,1.1963,2,1.3024,11.1299,0.0164,126.8951,17722.8179,82.8169,101.0283,0.5794,153,0.889534884,0.5794,1.1963,8.545684889,Platinum,5
CUST1012,218.4,27.3,24.6534,8,27.135,4.24,50.69,189.99,23.7488,22.2748,18.785,893,111.625,149.7244,45.5,20,435,0.3254,0.2422,0.115,0.7139,0.212,0.296,0.2563,0.1764,5,3,7/7/2022,8/5/2025,8,218.4,189.99,28.41,0.130082418,43.68,178.6,0.74431469,1.341316013,1125,225.0,1.620781528,3,0.6,34,5,218.4,4,2,1,421,218.4,31.2,14,1.1765,2,0.3703,0.2561,0.115,0.7845,2032.7803,119.5753,134.905,0.4706,10,0.714285714,0.4706,1.1765,0.691601404,Platinum,5
CUST1013,7521.78,752.178,604.9116,10,704.0,2.8,1933.64,2733.32,273.332,138.7056,255.28,48390,4839.0,2596.4162,4254.5,64,9000,0.1535,0.1192,0.0438,0.3647,0.085,0.0544,0.0127,0.0571,9,3,1/21/2022,8/4/2025,10,7521.78,2733.32,4788.46,0.63661261,835.7533333,5376.666667,0.776547231,0.536560488,1291,143.4444444,2.542569659,3,0.333333333,35,9,7521.78,4,3,3,433,7521.78,1880.445,15,1.1176,2,0.1315,0.0971,0.0438,0.3647,84586.5466,4975.6792,2979.0092,0.5882,11,0.733333333,0.5882,1.1176,0.738403042,Platinum,5
CUST1014,17950.92,2243.865,1457.8188,8,2233.545,300.0,4626.0,7541.18,942.6475,530.7761,1053.125,250932,31366.5,18790.3491,33932.0,5000,60000,0.0695,0.0062,0.06,0.0771,0.071,0.0306,0.0015,0.031,5,1,1/6/2022,8/23/2024,8,17950.92,7541.18,10409.74,0.579900083,3590.184,50186.4,0.089208633,0.599057883,960,192.0,1.899063476,1,0.2,381,5,17950.92,2,2,4,224,17950.92,234.9596859,13,1.2778,2,0.0757,0.0079,0.06,0.0929,415585.1812,23088.0656,14925.9379,0.4444,11,0.846153846,0.4444,1.2778,0.104359313,Platinum,5
CUST1015,113469.09,364.8524,238.579,311,304.5,123.6,3890.0,89102.64,286.5037,219.9689,233.92,510,1.6399,11.2843,1.0,1,200,352.4069,130.6268,19.45,2199.99,304.5,277.0144,159.2913,231.76,311,4,2/24/2022,6/16/2025,311,113469.09,89102.64,24366.45,0.21474086,364.8523794,1.639871383,0.370670381,6.88109031,1208,3.884244373,93.89164599,4,0.012861736,84,311,113469.09,4,5,5,455,113469.09,415163.3764,458,1.2117,2,374.2791,117.9538,19.45,2199.99,1199.367,2.0643,14.7505,0.5353,396,0.864628821,0.5353,1.2117,0.31514931,Platinum,5
CUST1016,2649.61,176.6407,221.8763,15,116.5,5.13,711.6,1461.8,97.4533,77.7873,100.0,18000,1200.0,1188.9813,1000.0,30,4000,0.1329,0.0281,0.1165,0.178,0.1165,0.0924,0.0225,0.1046,1,1,2/21/2022,8/1/2025,15,2649.61,1461.8,1187.81,0.448296164,2649.61,18000.0,0.211437171,0.99081775,1257,1257.0,0.290143084,1,1.0,38,1,2649.61,4,1,2,412,2649.61,67.93871795,20,1.0476,2,0.1493,0.0375,0.1165,0.2043,32682.2516,1556.2977,1527.6049,0.7143,16,0.8,0.7143,1.0476,0.251172137,Platinum,5
CUST1017,37.7,37.7,0.0,1,37.7,37.7,37.7,23.43,23.43,0.0,23.43,1,1.0,0.0,1.0,1,1,37.7,0.0,37.7,37.7,37.7,23.43,0.0,23.43,1,1,5/18/2022,5/18/2022,1,37.7,23.43,14.27,0.378514589,37.7,1.0,0.0,0.0,0,0.0,365.0,1,1.0,1209,1,37.7,1,1,1,111,37.7,0.031157025,1,1.5,2,46.704,12.7336,37.7,55.708,2.0,1.0,0.0,0.5,2,2.0,0.5,1.5,0.272644741,Diamond,4
CUST1018,71.08,71.08,0.0,1,71.08,71.08,71.08,13.72,13.72,0.0,13.72,400,400.0,0.0,400.0,400,400,0.1777,0.0,0.1777,0.1777,0.1777,0.0343,0.0,0.0343,1,1,8/8/2025,8/8/2025,1,71.08,13.72,57.36,0.806978053,71.08,400.0,0.0,0.0,0,0.0,365.0,1,1.0,31,1,71.08,4,1,1,411,71.08,2.22125,1,1.0,1,0.1777,0.0,0.1777,0.1777,400.0,400.0,0.0,1.0,1,1.0,1.0,1.0,0.0,Diamond,4
CUST1019,729.72,729.72,0.0,1,729.72,729.72,729.72,372.15,372.15,0.0,372.15,300,300.0,0.0,300.0,300,300,2.4324,0.0,2.4324,2.4324,2.4324,1.2405,0.0,1.2405,1,1,9/27/2022,9/27/2022,1,729.72,372.15,357.57,0.490009867,729.72,300.0,0.0,0.0,0,0.0,365.0,1,1.0,1077,1,729.72,1,1,1,111,729.72,0.676920223,3,1.25,2,2.5977,0.1144,2.4324,2.6954,1185.8221,296.4555,43.0201,0.25,2,0.666666667,0.25,1.25,0.044038958,Diamond,4
CUST102,140.0,46.6667,32.8841,3,56.38,10.02,73.6,81.68,27.2267,18.2433,35.52,4,1.3333,0.5774,1.0,1,2,34.4,23.273,10.02,56.38,36.8,20.585,14.6162,19.925,3,3,1/13/2022,5/24/2022,3,140.0,81.68,58.32,0.416571429,46.66666667,1.333333333,0.676540698,0.433060827,131,43.66666667,8.295454545,3,1.0,1203,3,140.0,1,1,1,111,140.0,0.348837209,5,1.1667,2,37.3604,22.5084,10.02,63.0348,7.8591,1.3099,0.5358,0.5,4,0.8,0.5,1.1667,0.602466783,Diamond,4
CUST1020,5017.95,836.325,447.0578,6,869.47,219.83,1318.98,2433.51,405.585,240.3723,384.18,2220,370.0,197.0787,380.0,100,600,2.2515,0.0499,2.1983,2.3096,2.2467,1.0989,0.1529,1.011,5,1,1/26/2022,8/7/2024,6,5017.95,2433.51,2584.44,0.51503901,1003.59,444.0,0.022163002,0.532645135,924,184.8,1.972972973,1,0.2,397,5,5017.95,2,2,3,223,5017.95,63.03957286,7,1.3,2,2.3801,0.199,2.1983,2.8302,3711.6671,371.1667,195.2271,0.6,9,1.285714286,0.6,1.3,0.083609932,Platinum,5
CUST1021,560.78,560.78,0.0,1,560.78,560.78,560.78,276.36,276.36,0.0,276.36,200,200.0,0.0,200.0,200,200,2.8039,0.0,2.8039,2.8039,2.8039,1.3818,0.0,1.3818,1,1,10/25/2022,10/25/2022,1,560.78,276.36,284.42,0.507186419,560.78,200.0,0.0,0.0,0,0.0,365.0,1,1.0,1049,1,560.78,1,1,1,111,560.78,0.53407619,1,1.5,2,3.1857,0.5399,2.8039,3.5675,400.0,200.0,0.0,0.5,2,2.0,0.5,1.5,0.169476096,Diamond,4
CUST1022,18317.04,678.4089,590.859,27,415.73,26.53,2076.1,8990.17,332.9693,250.6636,273.0,7016,259.8519,223.2485,200.0,5,630,8.4264,20.8115,1.365,106.8212,2.9736,4.4646,10.786,1.3818,21,7,1/7/2022,6/6/2025,27,18317.04,8990.17,9326.87,0.509190895,872.24,334.0952381,2.469797304,0.859137455,1246,59.33333333,6.146752205,7,0.333333333,94,21,18317.04,4,3,4,434,18317.04,4049.029895,43,1.14,2,5.9633,15.4252,1.365,106.8212,13201.9046,264.0381,217.524,0.54,33,0.76744186,0.54,1.14,2.586688578,Platinum,5
CUST1023,2126.2,531.55,38.9,4,551.0,473.2,551.0,354.8,88.7,33.6909,75.6,19294,4823.5,353.0,5000.0,4294,5000,0.1102,0.0,0.1102,0.1102,0.1102,0.0183,0.0063,0.0151,4,1,9/19/2023,2/21/2025,4,2126.2,354.8,1771.4,0.833129527,531.55,4823.5,0.0,0.073183373,521,130.25,2.796934866,1,0.25,199,4,2126.2,3,2,2,322,2126.2,42.524,8,1.3333,2,0.1207,0.0099,0.1102,0.1434,55783.03,4648.5858,495.4708,0.3333,7,0.875,0.3333,1.3333,0.082021541,Diamond,4
CUST1024,3272.0,818.0,460.6468,4,892.35,198.3,1289.0,1308.55,327.1375,149.5457,396.525,15000,3750.0,1892.9694,4500.0,1000,5000,0.2132,0.0297,0.1983,0.2578,0.1983,0.0912,0.0137,0.0912,3,1,6/23/2022,3/7/2024,4,3272.0,1308.55,1963.45,0.600076406,1090.666667,5000.0,0.139305816,0.50479184,623,207.6666667,1.754807692,1,0.333333333,550,3,3272.0,2,1,3,213,3272.0,17.81488203,8,1.1111,2,0.2344,0.0401,0.1983,0.2986,32812.9867,3645.8874,1618.6916,0.4444,4,0.5,0.4444,1.1111,0.171075085,Diamond,4
CUST1025,6557.8,468.4143,299.1642,14,478.31,71.53,1093.22,1913.91,136.7079,74.0941,129.705,2024,144.5714,75.441,144.0,24,250,3.2967,1.4143,1.6879,5.0222,2.6887,0.9358,0.0408,0.9677,10,1,3/4/2022,5/29/2025,14,6557.8,1913.91,4643.89,0.708147549,655.78,202.4,0.429004762,0.521825202,1182,118.2,3.085376162,1,0.1,102,10,6557.8,3,3,3,333,6557.8,636.6796117,25,1.2424,2,3.354,1.3682,1.6879,5.7422,4599.3626,139.3746,83.2155,0.4242,19,0.76,0.4242,1.2424,0.407930829,Platinum,5
CUST1026,4219.66,421.966,235.5774,10,409.07,151.09,948.45,2162.71,216.271,109.7222,243.915,2071,207.1,109.2748,245.5,40,336,2.3344,0.8933,1.61,3.7772,2.0384,1.0705,0.09,1.14,8,1,1/6/2022,6/19/2025,10,4219.66,2162.71,2056.95,0.487468185,527.4575,258.875,0.382667923,0.527642685,1260,157.5,2.315622522,1,0.125,81,8,4219.66,4,2,3,423,4219.66,411.6741463,15,1.1176,2,2.1745,0.7117,1.61,3.7772,3587.538,211.0316,94.3954,0.5882,12,0.8,0.5882,1.1176,0.327293631,Platinum,5
CUST1027,14540.64,807.8133,258.9107,18,901.44,198.67,1175.66,7259.4,403.3,109.8025,450.72,2340,130.0,35.227,144.0,36,144,6.1618,0.8661,4.5167,8.1643,6.26,3.105,0.1061,3.13,15,1,3/17/2022,8/26/2025,18,14540.64,7259.4,7281.24,0.500750999,969.376,156.0,0.140559577,0.270976923,1258,83.86666667,4.348689436,1,0.066666667,13,15,14540.64,5,3,4,534,14540.64,15579.25714,27,1.3571,2,6.7008,1.1631,4.5167,11.6803,5244.8796,124.8781,41.4117,0.4286,27,1.0,0.4286,1.3571,0.173576289,Platinum,5
CUST1028,682.39,227.4633,76.9367,3,265.69,138.9,277.8,356.88,118.96,39.1337,131.88,213,71.0,120.3786,2.0,1,210,93.0217,79.4635,1.2652,138.9,138.9,50.2093,42.9387,75.0,2,2,12/28/2022,6/27/2024,3,682.39,356.88,325.51,0.47701461,341.195,106.5,0.854246912,1.695473239,547,273.5,1.332116788,2,1.0,438,2,682.39,2,1,1,211,682.39,3.108838269,4,1.3333,2,103.0556,80.6982,1.2652,188.0786,426.0063,71.0011,107.669,0.5,5,1.25,0.5,1.3333,0.783054972,Diamond,4
CUST1029,5311.25,531.125,333.0455,10,581.01,100.0,1109.64,3423.04,342.304,267.9553,438.38,64,6.4,2.7968,6.0,4,12,77.1814,28.7883,25.0,105.565,92.47,46.738,29.7698,64.73,10,2,1/12/2022,10/28/2024,10,5311.25,3423.04,1888.21,0.355511414,531.125,6.4,0.372995307,0.437,1020,102.0,3.574926543,2,0.2,315,10,5311.25,3,3,3,333,5311.25,168.0775316,13,1.2778,2,82.2258,32.5294,25.0,129.3478,112.5073,6.2504,2.5081,0.5556,14,1.076923077,0.5556,1.2778,0.395610623,Platinum,5
CUST103,45701.72,73.4754,65.0052,622,60.585,0.45,999.9,22731.67,36.5461,28.1896,32.25,79817,128.3232,865.185,1.0,1,6480,52.8602,38.765,0.01,250.87,52.58,26.8783,19.19,27.2,241,54,1/6/2022,9/8/2025,622,45701.72,22731.67,22970.05,0.502607998,189.6336929,331.1908714,0.733349477,6.742233672,1341,5.564315353,65.54769001,54,0.22406639,0,241,45701.72,5,5,4,554,45701.72,11014114.52,886,1.2208,2,57.8684,42.0518,0.01,250.87,130910.0792,115.1364,818.1356,0.5471,792,0.893905192,0.5471,1.2208,0.726679846,Platinum,5
CUST1030,956.37,478.185,91.8461,2,478.185,413.24,543.13,588.61,294.305,80.5324,294.305,73,36.5,50.2046,36.5,1,72,210.3917,286.8708,7.5435,413.24,210.3917,177.2733,246.0402,177.2733,2,2,1/18/2023,1/18/2023,2,956.37,588.61,367.76,0.384537365,478.185,36.5,1.363508161,1.375468493,0,0.0,730.0,2,1.0,964,2,956.37,1,1,2,112,956.37,1.98211399,3,1.0,1,143.0077,234.0283,7.5435,413.24,134.1339,44.7113,38.243,0.6667,2,0.666666667,0.6667,1.0,1.636473421,Diamond,4
CUST1031,19849.02,1167.5894,947.0052,17,911.77,1.36,2939.66,14357.99,844.5876,562.5459,815.3,1226,72.1176,82.2936,50.0,10,370,19.7507,8.8669,0.1355,29.3966,18.2354,14.9248,5.582,17.05,5,2,3/23/2023,8/11/2025,17,19849.02,14357.99,5491.03,0.276639854,3969.804,245.2,0.44894105,1.141102865,872,174.4,2.090492554,2,0.4,28,5,19849.02,4,2,4,424,19849.02,3422.244828,24,1.3143,2,23.4546,9.38,0.1355,38.3772,2611.0637,74.6018,86.8309,0.4857,24,1.0,0.4857,1.3143,0.399921551,Platinum,5
CUST1032,157.68,157.68,0.0,1,157.68,157.68,157.68,95.81,95.81,0.0,95.81,12,12.0,0.0,12.0,12,12,13.14,0.0,13.14,13.14,13.14,7.9842,0.0,7.9842,1,1,9/1/2022,9/1/2022,1,157.68,95.81,61.87,0.392376966,157.68,12.0,0.0,0.0,0,0.0,365.0,1,1.0,1103,1,157.68,1,1,1,111,157.68,0.142826087,2,1.0,1,14.0211,1.2461,13.14,14.9022,25.0261,12.5131,0.7256,0.5,1,0.5,0.5,1.0,0.088873198,Diamond,4
CUST1033,1298.97,185.5671,96.7727,7,147.37,80.42,306.66,865.25,123.6071,56.6524,94.25,850,121.4286,79.6196,100.0,25,200,1.9948,1.048,1.2121,3.7844,1.4737,1.4771,1.111,0.92,5,2,1/28/2022,8/21/2023,7,1298.97,865.25,433.72,0.333895317,259.794,170.0,0.525365951,0.655690669,570,114.0,3.19614711,2,0.4,749,5,1298.97,2,2,2,222,1298.97,8.6598,10,1.2308,2,2.2176,1.2984,1.2121,5.146,1481.8848,113.9911,75.6639,0.5385,10,1.0,0.5385,1.2308,0.585497835,Diamond,4
CUST1034,838.14,167.628,103.8108,5,149.0,66.14,299.0,668.2,133.64,89.1664,102.0,5,1.0,0.0,1.0,1,1,167.628,103.8108,66.14,299.0,149.0,133.64,89.1664,102.0,3,4,12/3/2024,5/21/2025,5,838.14,668.2,169.94,0.202758489,279.38,1.666666667,0.61929272,0.0,169,56.33333333,6.441176471,4,1.333333333,110,3,838.14,3,1,2,312,838.14,22.65243243,9,1.4,2,203.7066,124.7038,66.14,441.1468,14.6681,0.9779,0.0748,0.3333,9,1.0,0.3333,1.4,0.612173587,Diamond,4
CUST1035,15580.0,1947.5,41.6393,8,1947.5,1869.6,2025.4,9808.56,1226.07,179.8629,1113.34,200,25.0,0.5345,25.0,24,26,1480.1,865.4566,77.9,1947.5,1947.5,964.8684,589.5301,1113.295,7,1,10/23/2023,12/9/2024,8,15580.0,9808.56,5771.44,0.370439024,2225.714286,28.57142857,0.584728464,0.02138,413,59.0,6.171497585,1,0.142857143,273,7,15580.0,3,2,4,324,15580.0,398.0291971,10,1.1667,2,1697.8809,763.3535,77.9,2277.7314,297.0951,24.7579,1.5696,0.6667,10,1.0,0.6667,1.1667,0.4495919,Diamond,4
CUST1036,71497.79,5958.1492,2159.0344,12,6603.84,660.38,8573.1,55537.7,4628.1417,1825.8636,5472.5,2830,235.8333,99.3157,300.0,30,300,26.3623,5.9426,22.0127,36.6911,22.0128,19.9681,2.2879,18.55,11,1,8/22/2022,11/4/2024,12,71497.79,55537.7,15960.09,0.223224942,6499.799091,257.2727273,0.225420392,0.421126703,805,73.18181818,4.981389578,1,0.090909091,308,11,71497.79,3,3,5,335,71497.79,2545.22877,21,1.1923,2,28.6979,6.5656,22.0127,48.3588,6307.6979,242.6038,95.674,0.4615,15,0.714285714,0.4615,1.1923,0.228783291,Diamond,4
CUST1037,18124.0,6041.3333,1334.8338,3,6812.0,4500.0,6812.0,10087.5,3362.5,517.7053,3610.0,550,183.3333,28.8675,200.0,150,200,32.7067,2.344,30.0,34.06,34.06,18.35,0.2646,18.45,3,2,5/2/2022,11/29/2023,3,18124.0,10087.5,8036.5,0.443417568,6041.333333,183.3333333,0.071667273,0.15745912,576,192.0,1.897746967,2,0.666666667,649,3,18124.0,2,1,4,214,18124.0,83.64923077,6,1.1429,2,34.728,3.3428,30.0,40.4145,1254.7195,179.2456,30.9819,0.4286,4,0.666666667,0.4286,1.1429,0.096256623,Diamond,4
CUST1038,4.06,4.06,0.0,1,4.06,4.06,4.06,1.62,1.62,0.0,1.62,29,29.0,0.0,29.0,29,29,0.14,0.0,0.14,0.14,0.14,0.0559,0.0,0.0559,1,1,2/7/2022,2/7/2022,1,4.06,1.62,2.44,0.600985222,4.06,29.0,0.0,0.0,0,0.0,365.0,1,1.0,1309,1,4.06,1,1,1,111,4.06,0.003099237,1,1.0,1,0.14,0.0,0.14,0.14,29.0,29.0,0.0,1.0,1,1.0,1.0,1.0,0.0,Diamond,4
CUST1039,5913.92,2956.96,380.3669,2,2956.96,2688.0,3225.92,3660.8,1830.4,235.3251,1830.4,32,16.0,0.0,16.0,16,16,184.81,23.7729,168.0,201.62,184.81,114.4,14.7078,114.4,2,1,8/22/2024,8/26/2025,2,5913.92,3660.8,2253.12,0.380985877,2956.96,16.0,0.128634273,0.0,369,184.5,1.972972973,1,0.5,13,2,5913.92,5,1,3,513,5913.92,844.8457143,3,1.0,1,200.1792,31.4836,168.0,230.9176,45.3098,15.1033,1.5532,0.6667,2,0.666666667,0.6667,1.0,0.15727708,Diamond,4
CUST104,46324.36,153.3919,202.5743,302,77.98,1.46,1421.0,32234.34,106.7362,147.6244,51.58,16641,55.1026,180.4539,5.0,1,1000,58.9696,83.4777,1.315,592.57,42.1125,42.5694,71.8963,30.3575,9,61,3/1/2022,2/20/2025,302,46324.36,32234.34,14090.02,0.304160057,5147.151111,1849.0,1.415605668,3.274870877,1087,120.7777778,3.019301471,61,6.777777778,200,9,46324.36,3,3,4,334,46324.36,2074.225075,442,1.2065,2,68.0079,101.4112,1.315,742.6538,30729.3676,55.1694,180.7033,0.5422,389,0.880090498,0.5422,1.2065,1.491167938,Platinum,5
CUST1040,400.0,400.0,0.0,1,400.0,400.0,400.0,148.7,148.7,0.0,148.7,10000,10000.0,0.0,10000.0,10000,10000,0.04,0.0,0.04,0.04,0.04,0.0149,0.0,0.0149,1,1,8/2/2024,8/2/2024,1,400.0,148.7,251.3,0.62825,400.0,10000.0,0.0,0.0,0,0.0,365.0,1,1.0,402,1,400.0,2,1,1,211,400.0,0.992555831,1,1.0,1,0.04,0.0,0.04,0.04,10000.0,10000.0,0.0,1.0,1,1.0,1.0,1.0,0.0,Diamond,4
CUST1041,923.1,307.7,243.3424,3,434.4,27.15,461.55,423.97,141.3233,111.764,199.52,170,56.6667,44.8144,80.0,5,85,5.43,0.0,5.43,5.43,5.43,2.494,0.0001,2.494,1,1,2/12/2024,3/6/2024,3,923.1,423.97,499.13,0.540710649,923.1,170.0,0.0,0.790841888,23,23.0,15.20833333,1,1.0,551,1,923.1,2,1,2,212,923.1,1.672282609,3,1.25,2,5.9783,1.0966,5.43,7.6232,255.0,63.75,39.2375,0.75,4,1.333333333,0.75,1.25,0.183430072,Diamond,4
CUST1042,570.76,51.8873,44.253,11,48.87,9.8,165.97,330.4,30.0364,29.7355,27.04,46,4.1818,1.6011,4.0,1,6,12.6967,8.1946,2.45,33.194,12.2175,7.3664,5.6594,7.1,8,5,1/10/2022,1/23/2024,11,570.76,330.4,240.36,0.421122714,71.345,5.75,0.6454118,0.382873404,743,92.875,3.924731183,5,0.625,594,8,570.76,2,2,1,221,570.76,7.674084034,15,1.1667,2,16.249,9.8087,2.45,36.509,75.7555,4.2086,1.5392,0.6111,12,0.8,0.6111,1.1667,0.603649455,Diamond,4
CUST1043,1337.7,1337.7,0.0,1,1337.7,1337.7,1337.7,854.52,854.52,0.0,854.52,210,210.0,0.0,210.0,210,210,6.37,0.0,6.37,6.37,6.37,4.0691,0.0,4.0691,1,1,8/18/2022,8/18/2022,1,1337.7,854.52,483.18,0.361202063,1337.7,210.0,0.0,0.0,0,0.0,365.0,1,1.0,1117,1,1337.7,1,1,2,112,1337.7,1.196511628,1,1.0,1,6.37,0.0,6.37,6.37,210.0,210.0,0.0,1.0,1,1.0,1.0,1.0,0.0,Diamond,4
CUST1044,10.94,10.94,0.0,1,10.94,10.94,10.94,5.19,5.19,0.0,5.19,1,1.0,0.0,1.0,1,1,10.94,0.0,10.94,10.94,10.94,5.19,0.0,5.19,1,1,11/1/2022,11/1/2022,1,10.94,5.19,5.75,0.52559415,10.94,1.0,0.0,0.0,0,0.0,365.0,1,1.0,1042,1,10.94,1,1,1,111,10.94,0.010488974,1,1.5,2,12.3545,2.0004,10.94,13.769,2.0,1.0,0.0,0.5,2,2.0,0.5,1.5,0.161916711,Diamond,4
CUST1045,1411.02,352.755,62.29,4,383.9,259.32,383.9,837.68,209.42,43.1872,228.78,8,2.0,0.0,2.0,2,2,176.3775,31.145,129.66,191.95,191.95,104.71,21.5936,114.39,4,2,3/24/2022,1/14/2025,4,1411.02,837.68,573.34,0.406330172,352.755,2.0,0.17658148,0.0,1027,256.75,1.420233463,2,0.5,237,4,1411.02,3,2,2,322,1411.02,23.71462185,4,1.3333,2,178.7225,30.3296,129.66,211.9029,12.0,2.0,0.0,0.6667,6,1.5,0.6667,1.3333,0.169702192,Platinum,5
CUST1046,197.02,197.02,0.0,1,197.02,197.02,197.02,106.39,106.39,0.0,106.39,1,1.0,0.0,1.0,1,1,197.02,0.0,197.02,197.02,197.02,106.39,0.0,106.39,1,1,6/29/2022,6/29/2022,1,197.02,106.39,90.63,0.460004061,197.02,1.0,0.0,0.0,0,0.0,365.0,1,1.0,1167,1,197.02,1,1,1,111,197.02,0.168681507,1,1.0,1,197.02,0.0,197.02,197.02,1.0,1.0,0.0,1.0,1,1.0,1.0,1.0,0.0,Diamond,4
CUST1047,3719.99,47.0885,22.2346,79,41.97,20.16,109.2,1971.43,24.9548,10.9444,21.99,83,1.0506,0.2206,1.0,1,2,44.6984,19.1947,20.16,98.87,40.82,23.7828,9.7102,21.99,25,6,1/4/2022,8/6/2025,79,3719.99,1971.43,1748.56,0.470044274,148.7996,3.32,0.429427004,0.209975252,1310,52.4,6.960335622,6,0.24,33,25,3719.99,4,4,3,443,3719.99,2735.286765,114,1.1799,2,47.5026,20.5772,20.16,127.4661,147.0103,1.0576,0.2609,0.5683,99,0.868421053,0.5683,1.1799,0.4331805,Platinum,5
CUST1048,27937.31,2149.0238,1714.5255,13,3648.0,32.9,3648.0,19829.89,1525.3762,1192.0232,2566.08,205,15.7692,11.1516,24.0,1,25,188.9538,213.4326,32.9,885.84,152.0,145.3625,166.6481,106.92,8,7,3/20/2025,8/5/2025,13,27937.31,19829.89,8107.42,0.290200452,3492.16375,25.625,1.129549128,0.707176014,138,17.25,21.00719424,7,0.875,34,8,27937.31,4,2,4,424,27937.31,6385.670857,20,1.3103,2,247.4336,293.7894,32.9,993.3829,386.5687,13.33,11.2211,0.4483,20,1.0,0.4483,1.3103,1.187346423,Diamond,4
CUST1049,335.68,167.84,1.6405,2,167.84,166.68,169.0,234.97,117.485,1.1526,117.485,11,5.5,6.364,5.5,1,10,92.834,107.715,16.668,169.0,92.834,64.9835,75.4009,64.9835,2,2,5/2/2022,9/25/2024,2,335.68,234.97,100.71,0.300017874,167.84,5.5,1.160296874,1.157090909,877,438.5,0.83143508,2,1.0,348,2,335.68,3,1,1,311,335.68,1.923667622,2,1.0,1,92.834,107.715,16.668,169.0,11.0,5.5,6.364,1.0,2,1.0,1.0,1.0,1.160296874,Platinum,5
CUST105,5898825.58,476.0573,1013.7354,12391,251.2,0.07,29310.0,4288651.24,346.1102,731.9865,161.0,42743505,3449.5606,7608.9799,1500.0,1,208626,0.6602,1.3557,0.006,50.11,0.206,0.4535,0.8752,0.124,2218,271,1/3/2022,11/5/2024,12391,5898825.58,4288651.24,1610174.34,0.27296524,2659.524608,19271.19252,2.053468646,2.205782354,1037,0.467538323,779.9325626,271,0.122182146,307,2218,5898825.58,3,5,5,355,5898825.58,42479204.99,17928,1.2215,2,0.7151,1.4785,0.006,50.11,80333184.2,3488.1973,7731.4096,0.538,15931,0.888609996,0.538,1.2215,2.067543001,Silver,2
CUST1050,3300.0,550.0,236.216,6,606.0,258.0,791.0,885.9,147.65,7.3899,150.4,60000,10000.0,0.0,10000.0,10000,10000,0.055,0.0236,0.0258,0.0791,0.0606,0.0148,0.0007,0.015,3,2,1/17/2023,11/18/2024,6,3300.0,885.9,2414.1,0.731545455,1100.0,20000.0,0.429090909,0.0,671,223.6666667,1.629464286,2,0.666666667,294,3,3300.0,3,1,3,313,3300.0,33.55932203,7,1.3,2,0.0563,0.0258,0.0258,0.0869,100659.1959,10065.9196,138.9707,0.6,8,1.142857143,0.6,1.3,0.458259325,Diamond,4
CUST1051,721.32,360.66,0.0,2,360.66,360.66,360.66,456.4,228.2,11.5966,228.2,20,10.0,0.0,10.0,10,10,36.066,0.0,36.066,36.066,36.066,22.82,1.1597,22.82,2,1,5/13/2024,5/13/2025,2,721.32,456.4,264.92,0.367271114,360.66,10.0,0.0,0.0,365,182.5,1.994535519,1,0.5,118,2,721.32,3,1,1,311,721.32,12.12302521,2,1.3333,2,36.8358,1.3334,36.066,38.3755,30.0,10.0,0.0,0.6667,3,1.5,0.6667,1.3333,0.036198481,Diamond,4
CUST1052,565.9,113.18,67.9784,5,97.12,36.78,220.48,387.73,77.546,47.2873,67.14,7,1.4,0.5477,1.0,1,2,81.42,38.2555,36.78,125.33,86.19,55.526,25.711,58.86,1,5,6/2/2025,6/2/2025,5,565.9,387.73,178.17,0.314843612,565.9,7.0,0.469853844,0.391214286,0,0.0,365.0,5,5.0,98,1,565.9,3,1,1,311,565.9,5.716161616,5,1.1667,2,78.4697,34.9716,36.78,125.33,9.0,1.5,0.5477,0.8333,6,1.2,0.8333,1.1667,0.445670112,Diamond,4
CUST1053,18200.0,4550.0,0.0,4,4550.0,4550.0,4550.0,15600.0,3900.0,0.0,3900.0,104,26.0,0.0,26.0,26,26,175.0,0.0,175.0,175.0,175.0,150.0,0.0,150.0,4,1,6/29/2023,7/12/2023,4,18200.0,15600.0,2600.0,0.142857143,4550.0,26.0,0.0,0.0,13,3.25,104.2857143,1,0.25,789,4,18200.0,2,2,4,224,18200.0,92.15189873,7,1.2222,2,192.3232,21.814,175.0,242.2867,218.5856,24.2873,2.1504,0.4444,5,0.714285714,0.4444,1.2222,0.113423654,Diamond,4
CUST1054,1525.0,1525.0,0.0,1,1525.0,1525.0,1525.0,1220.0,1220.0,0.0,1220.0,500,500.0,0.0,500.0,500,500,3.05,0.0,3.05,3.05,3.05,2.44,0.0,2.44,1,1,7/26/2024,7/26/2024,1,1525.0,1220.0,305.0,0.2,1525.0,500.0,0.0,0.0,0,0.0,365.0,1,1.0,409,1,1525.0,2,1,2,212,1525.0,3.719512195,1,1.5,2,3.151,0.1428,3.05,3.252,1000.0,500.0,0.0,0.5,2,2.0,0.5,1.5,0.045318946,Diamond,4
CUST1055,425.0,425.0,0.0,1,425.0,425.0,425.0,325.0,325.0,0.0,325.0,5,5.0,0.0,5.0,5,5,85.0,0.0,85.0,85.0,85.0,65.0,0.0,65.0,1,1,6/9/2025,6/9/2025,1,425.0,325.0,100.0,0.235294118,425.0,5.0,0.0,0.0,0,0.0,365.0,1,1.0,91,1,425.0,4,1,1,411,425.0,4.619565217,2,1.3333,2,93.8864,7.7237,85.0,98.9853,15.3961,5.132,0.1144,0.3333,1,0.5,0.3333,1.3333,0.082266441,Diamond,4
CUST1056,149.3,149.3,0.0,1,149.3,149.3,149.3,89.58,89.58,0.0,89.58,2,2.0,0.0,2.0,2,2,74.65,0.0,74.65,74.65,74.65,44.79,0.0,44.79,1,1,8/15/2025,8/15/2025,1,149.3,89.58,59.72,0.4,149.3,2.0,0.0,0.0,0,0.0,365.0,1,1.0,24,1,149.3,4,1,1,411,149.3,5.972,1,1.0,1,74.65,0.0,74.65,74.65,2.0,2.0,0.0,1.0,1,1.0,1.0,1.0,0.0,Diamond,4
CUST1057,74.6,24.8667,19.8336,3,13.96,12.88,47.76,33.78,11.26,12.3964,7.35,300,100.0,0.0,100.0,100,100,0.2487,0.1983,0.1288,0.4776,0.1396,0.1126,0.124,0.0735,1,3,2/7/2022,2/7/2022,3,74.6,33.78,40.82,0.547184987,74.6,300.0,0.7973462,0.0,0,0.0,365.0,3,3.0,1309,1,74.6,1,1,1,111,74.6,0.056946565,7,1.2222,2,0.2299,0.1562,0.1288,0.5298,853.6603,94.8511,7.577,0.3333,5,0.714285714,0.3333,1.2222,0.679425837,Diamond,4
CUST1058,147.03,73.515,53.1956,2,73.515,35.9,111.13,130.98,65.49,46.8812,65.49,21,10.5,13.435,10.5,1,20,73.515,53.1956,35.9,111.13,73.515,65.49,46.8812,65.49,1,2,11/18/2024,11/21/2024,2,147.03,130.98,16.05,0.109161396,147.03,21.0,0.723601986,1.27952381,3,3.0,91.25,2,2.0,291,1,147.03,3,1,1,311,147.03,0.503527397,2,1.0,1,73.515,53.1956,35.9,111.13,21.0,10.5,13.435,1.0,2,1.0,1.0,1.0,0.723601986,Diamond,4
CUST1059,538.26,179.42,3.9144,3,177.16,177.16,183.94,243.6,81.2,4.1223,83.58,6,2.0,0.0,2.0,2,2,89.71,1.9572,88.58,91.97,88.58,40.6,2.0611,41.79,3,1,3/28/2022,11/6/2024,3,538.26,243.6,294.66,0.54743061,179.42,2.0,0.021816966,0.0,954,318.0,1.146596859,1,0.333333333,306,3,538.26,3,1,1,311,538.26,5.259869707,4,1.3333,2,100.6279,14.7235,88.58,126.8283,11.6379,1.9397,0.1478,0.5,5,1.25,0.5,1.3333,0.14631628,Platinum,5
CUST106,103641.65,249.1386,305.9031,416,176.74,4.5,3231.2,81035.66,194.7973,256.6199,137.85,59165,142.2236,378.2261,15.0,1,3227,21.8941,20.9947,0.403,166.56,21.3033,16.7966,16.5761,15.5417,173,63,1/4/2022,10/3/2024,416,103641.65,81035.66,22605.99,0.218116848,599.0846821,341.9942197,0.95892044,2.659376503,1003,5.797687861,62.89342629,63,0.36416185,340,173,103641.65,3,5,5,355,103641.65,52580.66114,615,1.2205,2,22.8398,21.8413,0.403,166.56,105673.2366,133.9331,343.2019,0.5272,536,0.871544715,0.5272,1.2205,0.956282454,Platinum,5
CUST1060,587.0,587.0,0.0,1,587.0,587.0,587.0,332.22,332.22,0.0,332.22,2000,2000.0,0.0,2000.0,2000,2000,0.2935,0.0,0.2935,0.2935,0.2935,0.1661,0.0,0.1661,1,1,9/16/2022,9/16/2022,1,587.0,332.22,254.78,0.434037479,587.0,2000.0,0.0,0.0,0,0.0,365.0,1,1.0,1088,1,587.0,1,1,1,111,587.0,0.53902663,2,1.3333,2,0.3353,0.0451,0.2935,0.3831,5847.1264,1949.0421,88.2616,0.3333,2,1.0,0.3333,1.3333,0.134506412,Diamond,4
CUST1061,46.47,46.47,0.0,1,46.47,46.47,46.47,27.88,27.88,0.0,27.88,12,12.0,0.0,12.0,12,12,3.8725,0.0,3.8725,3.8725,3.8725,2.3233,0.0,2.3233,1,1,7/29/2025,7/29/2025,1,46.47,27.88,18.59,0.400043039,46.47,12.0,0.0,0.0,0,0.0,365.0,1,1.0,41,1,46.47,4,1,1,411,46.47,1.106428571,1,1.0,1,3.8725,0.0,3.8725,3.8725,12.0,12.0,0.0,1.0,1,1.0,1.0,1.0,0.0,Diamond,4
CUST1062,151.64,151.64,0.0,1,151.64,151.64,151.64,80.37,80.37,0.0,80.37,3,3.0,0.0,3.0,3,3,50.5467,0.0,50.5467,50.5467,50.5467,26.79,0.0,26.79,1,1,10/28/2022,10/28/2022,1,151.64,80.37,71.27,0.469994724,151.64,3.0,0.0,0.0,0,0.0,365.0,1,1.0,1046,1,151.64,1,1,1,111,151.64,0.144832856,1,1.0,1,50.5467,0.0,50.5467,50.5467,3.0,3.0,0.0,1.0,1,1.0,1.0,1.0,0.0,Diamond,4
CUST1063,23910.97,3985.1617,950.951,6,4167.3,2193.34,4899.11,10475.0,1745.8333,404.7227,1820.3,3644,607.3333,487.3137,782.0,20,1040,81.7682,120.591,3.8889,244.9555,4.0895,34.7333,51.4032,1.82,5,2,7/25/2023,7/2/2025,6,23910.97,10475.0,13435.97,0.56191656,4782.194,728.8,1.474790933,0.802382646,708,141.6,2.574047955,2,0.4,68,5,23910.97,4,2,4,424,23910.97,1732.678986,9,1.1818,2,121.2869,135.4815,3.8889,296.6078,5096.4361,463.3124,452.2613,0.5455,8,0.888888889,0.5455,1.1818,1.117033249,Diamond,4
CUST1064,46.18,46.18,0.0,1,46.18,46.18,46.18,36.84,36.84,0.0,36.84,2,2.0,0.0,2.0,2,2,23.09,0.0,23.09,23.09,23.09,18.42,0.0,18.42,1,1,4/22/2022,4/22/2022,1,46.18,36.84,9.34,0.202252057,46.18,2.0,0.0,0.0,0,0.0,365.0,1,1.0,1235,1,46.18,1,1,1,111,46.18,0.03736246,2,1.0,1,24.0724,1.3894,23.09,25.0549,3.7686,1.8843,0.1636,0.5,1,0.5,0.5,1.0,0.057717552,Diamond,4
CUST1065,16834.62,1294.9708,1276.3842,13,820.88,115.3,5040.0,11791.25,907.0192,821.2975,567.84,929,71.4615,63.9148,48.0,4,240,19.2132,6.42,12.6081,34.2033,15.6463,13.63,5.1219,12.83,12,4,1/12/2022,5/18/2023,13,16834.62,11791.25,5043.37,0.29958324,1402.885,77.41666667,0.334145275,0.894394884,491,40.91666667,8.902439024,4,0.333333333,844,12,16834.62,2,3,4,234,16834.62,239.0715266,22,1.2414,2,19.1549,5.8984,12.6081,34.2033,1897.7503,65.4397,53.2679,0.4483,18,0.818181818,0.4483,1.2414,0.307931652,Diamond,4
CUST1066,21.21,21.21,0.0,1,21.21,21.21,21.21,19.09,19.09,0.0,19.09,1,1.0,0.0,1.0,1,1,21.21,0.0,21.21,21.21,21.21,19.09,0.0,19.09,1,1,1/17/2022,1/17/2022,1,21.21,19.09,2.12,0.099952852,21.21,1.0,0.0,0.0,0,0.0,365.0,1,1.0,1330,1,21.21,1,1,1,111,21.21,0.015935387,1,1.0,1,21.21,0.0,21.21,21.21,1.0,1.0,0.0,1.0,1,1.0,1.0,1.0,0.0,Diamond,4
CUST1067,13400.61,3350.1525,241.695,4,3471.0,2987.61,3471.0,12062.86,3015.715,217.57,3124.5,57911,14477.75,1044.5,15000.0,12911,15000,0.2314,0.0,0.2314,0.2314,0.2314,0.2083,0.0,0.2083,1,1,7/25/2024,10/23/2024,4,13400.61,12062.86,1337.75,0.099827545,13400.61,57911.0,0.0,0.072145188,90,90.0,4.010989011,1,1.0,320,1,13400.61,3,1,4,314,13400.61,41.7464486,7,1.2222,2,0.2535,0.0336,0.2314,0.3359,136793.7351,15199.3039,1538.2817,0.4444,6,0.857142857,0.4444,1.2222,0.132544379,Diamond,4
CUST1068,747.45,106.7786,61.303,7,144.22,33.68,184.75,529.63,75.6614,42.2929,109.0,43,6.1429,4.8107,10.0,1,10,83.025,58.1904,18.475,144.34,51.94,61.6471,45.5337,46.67,2,5,6/29/2022,7/25/2022,7,747.45,529.63,217.82,0.291417486,373.725,21.5,0.700878049,0.783131746,26,13.0,27.03703704,5,2.5,1141,2,747.45,1,1,1,111,747.45,1.309019264,11,1.3125,2,87.005,61.7892,18.475,165.5922,100.6172,6.2886,4.293,0.4375,9,0.818181818,0.4375,1.3125,0.710179875,Diamond,4
CUST1069,68.01,68.01,0.0,1,68.01,68.01,68.01,51.0,51.0,0.0,51.0,300,300.0,0.0,300.0,300,300,0.2267,0.0,0.2267,0.2267,0.2267,0.17,0.0,0.17,1,1,2/11/2022,2/11/2022,1,68.01,51.0,17.01,0.250110278,68.01,300.0,0.0,0.0,0,0.0,365.0,1,1.0,1305,1,68.01,1,1,1,111,68.01,0.052075038,1,1.0,1,0.2267,0.0,0.2267,0.2267,300.0,300.0,0.0,1.0,1,1.0,1.0,1.0,0.0,Diamond,4
CUST107,4425.19,96.1998,152.9653,46,40.44,2.88,628.41,2352.16,51.1339,78.5064,22.815,683,14.8478,58.6651,3.0,1,400,22.6908,28.2427,0.043,109.345,11.945,12.5146,15.0617,7.465,7,45,10/11/2024,10/22/2024,46,4425.19,2352.16,2073.03,0.468461241,632.17,97.57142857,1.244676256,3.951097132,11,1.571428571,212.9166667,45,6.428571429,321,7,4425.19,3,2,3,323,4425.19,96.19978261,65,1.2353,2,23.5648,30.9609,0.043,124.1365,956.9149,11.2578,43.4673,0.5412,60,0.923076923,0.5412,1.2353,1.313862201,Diamond,4
CUST1070,832.0,832.0,0.0,1,832.0,832.0,832.0,499.2,499.2,0.0,499.2,2000,2000.0,0.0,2000.0,2000,2000,0.416,0.0,0.416,0.416,0.416,0.2496,0.0,0.2496,1,1,10/26/2022,10/26/2022,1,832.0,499.2,332.8,0.4,832.0,2000.0,0.0,0.0,0,0.0,365.0,1,1.0,1048,1,832.0,1,1,2,112,832.0,0.79313632,2,1.3333,2,0.4627,0.0424,0.416,0.4988,5606.7483,1868.9161,227.044,0.3333,2,1.0,0.3333,1.3333,0.091636049,Diamond,4
CUST1071,1259.21,629.605,757.6861,2,629.605,93.84,1165.37,767.52,383.76,461.8256,383.76,2,1.0,0.0,1.0,1,1,629.605,757.6861,93.84,1165.37,629.605,383.76,461.8256,383.76,1,2,7/20/2022,7/20/2022,2,1259.21,767.52,491.69,0.39047498,1259.21,2.0,1.203430881,0.0,0,0.0,365.0,2,2.0,1146,1,1259.21,1,1,2,112,1259.21,1.097829119,4,1.0,1,655.2746,645.2737,93.84,1260.7761,4.2055,1.0514,0.0677,0.5,2,0.5,0.5,1.0,0.984737849,Diamond,4
CUST1072,41718.68,2454.04,729.2109,17,2195.72,2195.72,4391.44,30511.75,1794.8088,518.162,1580.92,19,1.1176,0.3321,1.0,1,2,2195.72,0.0,2195.72,2195.72,2195.72,1608.8182,62.1219,1580.92,14,1,2/24/2023,7/15/2025,17,41718.68,30511.75,11206.93,0.268630983,2979.905714,1.357142857,0.0,0.297154617,872,62.28571429,5.853379152,1,0.071428571,55,14,41718.68,4,3,4,434,41718.68,10429.67,22,1.3125,2,2413.6545,311.4683,2195.72,3229.8159,36.8445,1.1514,0.3315,0.5312,25,1.136363636,0.5312,1.3125,0.129044277,Platinum,5
CUST1073,48.1,48.1,0.0,1,48.1,48.1,48.1,43.74,43.74,0.0,43.74,25,25.0,0.0,25.0,25,25,1.924,0.0,1.924,1.924,1.924,1.7496,0.0,1.7496,1,1,2/14/2025,2/14/2025,1,48.1,43.74,4.36,0.090644491,48.1,25.0,0.0,0.0,0,0.0,365.0,1,1.0,206,1,48.1,3,1,1,311,48.1,0.23236715,2,1.3333,2,2.2628,0.5011,1.924,2.8385,78.3596,26.1199,1.9397,0.3333,2,1.0,0.3333,1.3333,0.221451299,Diamond,4
CUST1074,498.0,249.0,0.0,2,249.0,249.0,249.0,348.4,174.2,0.0,174.2,2,1.0,0.0,1.0,1,1,249.0,0.0,249.0,249.0,249.0,174.2,0.0,174.2,2,1,4/8/2025,4/8/2025,2,498.0,348.4,149.6,0.300401606,249.0,1.0,0.0,0.0,0,0.0,730.0,1,0.5,153,2,498.0,3,1,1,311,498.0,6.467532468,3,1.0,1,253.3803,7.5869,249.0,262.1409,3.0457,1.0152,0.0264,0.6667,2,0.666666667,0.6667,1.0,0.029942738,Diamond,4
CUST1075,3753.18,750.636,402.3394,5,525.74,522.0,1453.13,2235.42,447.084,210.8166,399.49,36,7.2,2.6833,6.0,6,12,221.9813,282.4477,87.0,726.565,87.6233,127.7793,152.4154,66.5817,5,1,9/19/2024,6/12/2025,5,3753.18,2235.42,1517.76,0.404393075,750.636,7.2,1.272394116,0.372680556,266,53.2,6.835205993,1,0.2,88,5,3753.18,4,2,3,423,3753.18,210.852809,7,1.125,2,259.8072,306.0443,87.0,782.8917,60.8426,7.6053,3.1849,0.625,5,0.714285714,0.625,1.125,1.177966969,Diamond,4
CUST1076,666.88,666.88,0.0,1,666.88,666.88,666.88,500.16,500.16,0.0,500.16,40,40.0,0.0,40.0,40,40,16.672,0.0,16.672,16.672,16.672,12.504,0.0,12.504,1,1,8/22/2025,8/22/2025,1,666.88,500.16,166.72,0.25,666.88,40.0,0.0,0.0,0,0.0,365.0,1,1.0,17,1,666.88,4,1,1,411,666.88,37.04888889,3,1.0,1,17.7755,1.012,16.672,18.6603,125.8474,41.9491,1.7737,0.3333,1,0.333333333,0.3333,1.0,0.056932294,Diamond,4
CUST1077,2678.8,382.6857,108.1297,7,446.0,224.4,446.0,1926.5,275.2143,76.5092,320.0,522720,74674.2857,21118.9322,87040.0,43520,87040,223.4,0.6831,223.0,224.4,223.0,160.9286,2.4568,160.0,6,2,3/27/2025,4/7/2025,7,2678.8,1926.5,752.3,0.280834702,446.4666667,87120.0,0.003057744,0.282813983,11,1.833333333,182.5,2,0.333333333,154,6,2678.8,3,2,2,322,2678.8,103.6954839,14,1.2222,2,244.2368,22.25,223.0,310.6403,1509300.891,83850.0495,17709.4992,0.3889,9,0.642857143,0.3889,1.2222,0.091100113,Diamond,4
CUST108,30718.14,117.2448,159.334,262,55.51,1.18,778.5,16677.15,63.6532,70.7775,39.99,23357,89.1489,269.7557,3.0,1,1000,29.7263,18.8656,1.18,102.9867,27.755,20.4228,14.1614,19.94,41,40,2/8/2022,9/8/2025,262,30718.14,16677.15,14040.99,0.457091152,749.2229268,569.6829268,0.634643397,3.025900488,1308,31.90243902,11.43239114,40,0.975609756,0,41,30718.14,5,4,4,544,30718.14,1259443.74,374,1.2143,2,31.3497,20.514,1.18,117.6095,42659.223,89.6202,270.8282,0.5504,331,0.885026738,0.5504,1.2143,0.654360329,Platinum,5
CUST109,286636.83,331.3721,327.9968,865,238.61,4.16,2723.89,199043.34,230.1079,235.0273,169.65,116608,134.8069,659.8818,17.0,1,11700,48.4352,118.3857,0.08,1614.71,27.28,33.7229,89.2318,18.54,76,77,1/12/2022,9/5/2025,865,286636.83,199043.34,87593.49,0.305590492,3771.537237,1534.315789,2.444207931,4.895015018,1332,17.52631579,20.81020255,77,1.013157895,3,76,286636.83,5,5,5,555,286636.83,5446099.77,1251,1.2137,2,54.2494,141.4286,0.08,2189.4138,221439.8238,139.1828,778.9662,0.5437,1101,0.880095923,0.5437,1.2137,2.607007635,Platinum,5
CUST11,1026938.7,931.8863,5656.5281,1102,105.39,0.29,132307.2,643529.3202,583.9649,2191.8557,82.5,8205751,7446.235,79068.2488,125.5,1,2460000,14.1442,233.9261,0.0003,7520.0,0.42,6.3546,27.1424,0.2882,107,904,6/3/2022,8/29/2025,1102,1026938.7,643529.3202,383409.3798,0.373351769,9597.557944,76689.26168,16.53865896,10.61855405,1183,11.05607477,32.98564189,904,8.448598131,10,107,1026938.7,5,5,5,555,1026938.7,9989312.809,1610,1.2154,2,11.0725,177.2871,0.0003,7520.0,13121720.57,6394.6007,60781.5469,0.537,1411,0.876397516,0.537,1.2154,16.01147889,Gold,3
CUST110,91462.29,768.5907,1216.3849,119,285.0,2.2,9475.26,92770.1001,779.5807,1226.3037,293.16,811710,6821.0924,32791.6957,1000.0,16,352240,3.9282,9.0992,0.0089,43.65,0.187,3.9712,9.1627,0.2198,26,57,10/14/2024,9/8/2025,119,91462.29,92770.1001,-1307.8101,-0.0142989,3517.780385,31219.61538,2.316379003,4.807396496,329,12.65384615,28.75757576,57,2.192307692,0,26,91462.29,5,4,5,545,91462.29,2378019.54,171,1.2332,2,3.7336,9.259,0.0089,49.0853,1636977.7,7340.7072,33655.7859,0.5336,156,0.912280702,0.5336,1.2332,2.479912149,Diamond,4
CUST111,159164.31,510.142,777.6865,312,244.4,5.3,5736.96,94573.71,303.1209,562.8244,114.45,1249452,4004.6538,4592.7218,2500.0,4,36000,4.1925,18.8815,0.01,255.0,0.0696,2.7472,11.5005,0.0347,115,20,1/10/2022,8/26/2025,312,159164.31,94573.71,64590.6,0.405810825,1384.037478,10864.8,4.503637448,1.146846152,1324,11.51304348,31.67924528,20,0.173913043,13,115,159164.31,5,5,5,555,159164.31,1307421.118,433,1.2417,2,3.9736,15.6546,0.01,255.0,2224195.237,3895.2631,4428.1089,0.5464,417,0.963048499,0.5464,1.2417,3.939651701,Platinum,5
CUST112,7116.35,474.4233,542.0229,15,224.8,56.2,1629.0,3725.39,248.3593,279.5515,127.68,106600,7106.6667,10209.0623,4400.0,300,40000,0.1715,0.1505,0.0231,0.3757,0.1086,0.0951,0.0865,0.0637,13,8,9/5/2024,7/3/2025,15,7116.35,3725.39,3390.96,0.476502702,547.4115385,8200.0,0.87755102,1.436547221,301,23.15384615,15.71192053,8,0.615384615,67,13,7116.35,4,3,3,433,7116.35,1360.478676,21,1.0,1,0.196,0.1504,0.0231,0.3943,144498.3255,6880.8726,8926.8634,0.7143,15,0.714285714,0.7143,1.0,0.767346939,Diamond,4
CUST113,306187.28,4374.104,5152.6239,70,3820.115,87.16,29874.0,155576.13,2222.5161,2630.3338,1770.14,2130770,30439.5714,34436.1199,13000.0,50,96000,81.5276,261.5574,0.1172,1406.02,1.6879,44.8321,145.4442,0.8353,63,6,1/7/2022,8/19/2025,70,306187.28,155576.13,150611.15,0.49189225,4860.115556,33821.74603,3.208206791,1.131294506,1320,20.95238095,17.40726722,6,0.095238095,20,63,306187.28,4,4,5,445,306187.28,918561.84,103,1.2426,2,125.104,365.0098,0.1172,1593.0667,4176164.418,30707.0913,34562.2425,0.5147,94,0.912621359,0.5147,1.2426,2.917650914,Platinum,5
CUST114,4197.32,76.3149,135.1012,55,20.34,1.6,609.26,2541.5,46.2091,79.0148,13.67,9841,178.9273,668.5485,15.0,1,4900,3.6291,7.1153,0.0142,31.671,1.195,2.3437,5.1332,0.635,30,45,1/21/2022,3/30/2023,55,4197.32,2541.5,1655.82,0.394494582,139.9106667,328.0333333,1.960623846,3.736425353,433,14.43333333,25.23041475,45,1.5,893,30,4197.32,1,4,3,143,4197.32,140.8496644,80,1.2233,2,3.7484,7.3202,0.0142,40.2499,13922.2301,135.1673,501.2491,0.534,72,0.9,0.534,1.2233,1.952886565,Diamond,4
CUST115,24039.92,421.753,419.0842,57,216.66,1.61,1198.8,10568.24,185.4077,173.5165,101.92,45485,797.9825,1309.1708,250.0,10,4000,1.3636,0.9567,0.0145,2.3976,1.1487,0.6282,0.3865,0.52,44,7,3/8/2022,9/2/2025,57,24039.92,10568.24,13471.68,0.560387888,546.3618182,1033.75,0.701598709,1.64060089,1274,28.95454545,12.59607843,7,0.159090909,6,44,24039.92,5,4,4,544,24039.92,151108.0686,84,1.25,2,1.315,1.0774,0.0145,3.5617,116124.7863,1036.8284,1543.709,0.5089,74,0.880952381,0.5089,1.25,0.819315589,Platinum,5
CUST116,11027.76,1575.3943,915.5053,7,1552.2,327.0,2466.0,3135.04,447.8629,156.2349,476.0,21880,3125.7143,2564.6238,2000.0,2000,8880,4.185,8.8939,0.1635,24.3317,1.2213,1.6127,3.681,0.238,7,2,4/18/2022,8/21/2025,7,11027.76,3135.04,7892.72,0.715713799,1575.394286,3125.714286,2.125185185,0.820492071,1221,174.4285714,2.090834697,2,0.285714286,18,7,11027.76,4,2,3,423,11027.76,4062.858947,10,1.1667,2,2.8786,6.775,0.1635,24.3317,33084.3141,2757.0262,1971.328,0.5833,9,0.9,0.5833,1.1667,2.353574654,Platinum,5
CUST117,41705.45,906.6402,854.3725,46,672.53,21.6,4440.69,28426.95,617.9772,540.6013,493.5,3434,74.6522,150.2425,30.0,1,1000,119.4113,246.9793,10.8,1626.9,69.4075,80.9463,199.8865,48.0,21,19,1/11/2022,3/13/2024,46,41705.45,28426.95,13278.5,0.318387645,1985.97381,163.5238095,2.068307606,2.012566274,792,37.71428571,9.665825977,19,0.904761905,544,21,41705.45,2,3,4,234,41705.45,1606.998991,69,1.2418,2,127.8095,280.1621,10.8,2082.5298,6758.2129,74.2661,136.494,0.5055,60,0.869565217,0.5055,1.2418,2.192028762,Platinum,5
CUST118,84782.21,180.7723,189.6135,469,112.08,4.88,1103.76,60440.52,128.871,182.1707,76.5,6943,14.8038,26.5537,10.0,1,168,54.0912,93.4145,4.68,1103.76,33.02,36.1337,88.6708,22.78,63,33,1/13/2022,9/4/2025,469,84782.21,60440.52,24341.69,0.287108463,1345.749365,110.2063492,1.726981468,1.793708372,1330,21.11111111,17.27648385,33,0.523809524,4,63,84782.21,5,4,5,545,84782.21,1068255.846,678,1.2225,2,56.5707,86.7603,4.68,1307.7287,12879.6005,14.7702,26.063,0.5378,610,0.899705015,0.5378,1.2225,1.533661418,Platinum,5
CUST119,286563.53,140.266,150.2771,2043,98.56,0.36,3227.94,199229.89,97.5183,111.9513,64.92,788610,386.0059,2862.4709,6.0,1,50000,49.5704,44.7202,0.16,320.0,37.98,34.4004,41.2473,25.84,114,168,1/4/2022,9/5/2025,2043,286563.53,199229.89,87333.64,0.30476188,2513.715175,6917.631579,0.902155318,7.415614373,1340,11.75438596,31.02908277,168,1.473684211,3,114,286563.53,5,5,5,555,286563.53,8167060.605,2953,1.226,2,53.7901,48.934,0.16,423.1295,1374196.823,360.2089,2672.1283,0.5355,2655,0.899085676,0.5355,1.226,0.909721306,Platinum,5
CUST12,7861413.35,205.3232,885.3568,38288,114.15,0.22,155361.65,5575247.783,145.6135,670.7264,80.76,105668614,2759.8363,7417.5229,900.0,1,303500,1.7493,26.6977,0.0039,1715.88,0.132,1.3915,22.8148,0.0753,7587,507,1/4/2022,9/8/2025,38288,7861413.35,5575247.783,2286165.567,0.290808467,1036.168888,13927.58851,15.26193334,2.687667707,1343,0.177013312,2060.457589,507,0.066824832,0,7587,7861413.35,5,5,5,555,7861413.35,59644543086.0,55478,1.2174,2,1.8959,29.7573,0.0039,2420.7932,196737511.4,2775.2114,7729.9215,0.5401,49010,0.883413245,0.5401,1.2174,15.69560631,Rock,0
CUST120,143184.79,150.0889,106.4773,954,130.47,1.97,636.26,76450.65,80.1369,54.2833,67.32,19494,20.434,255.1852,2.0,1,5000,57.3314,26.2649,0.0111,318.13,57.02,30.9032,12.7105,29.88,270,29,1/4/2022,9/8/2025,954,143184.79,76450.65,66734.14,0.466070034,530.314037,72.2,0.458124169,12.48826466,1343,4.974074074,73.32589286,29,0.107407407,0,270,143184.79,5,5,5,555,143184.79,38659893.3,1371,1.2143,2,61.7192,31.1503,0.0111,405.8138,24852.6841,14.2422,189.0758,0.5467,1207,0.880379285,0.5467,1.2143,0.504710042,Platinum,5
CUST121,1889.16,99.4295,50.5491,19,97.81,43.17,248.18,1031.21,54.2742,27.0922,43.92,140,7.3684,17.503,2.0,1,72,56.3584,27.7708,20.8333,124.09,48.91,30.7268,13.3896,26.41,7,6,3/8/2022,12/8/2022,19,1889.16,1031.21,857.95,0.454143641,269.88,20.0,0.49275352,2.37541393,275,39.28571429,9.257246377,6,0.857142857,1005,7,1889.16,1,2,2,122,1889.16,13.14524851,34,1.2093,2,56.3957,21.9324,20.8333,124.09,256.2738,5.9599,13.5026,0.4419,25,0.735294118,0.4419,1.2093,0.388901991,Diamond,4
CUST122,8336.94,173.6862,265.3847,48,94.24,6.58,1796.0,6174.01,128.6252,216.1917,71.2,400,8.3333,23.1106,2.0,1,108,74.4648,70.3374,2.07,449.0,63.0,55.5106,57.0905,46.64,15,22,1/3/2022,1/24/2023,48,8336.94,6174.01,2162.93,0.259439315,555.796,26.66666667,0.944572469,2.773283093,386,25.73333333,14.14728682,22,1.466666667,958,15,8336.94,1,3,3,133,8336.94,130.4005214,73,1.1798,2,99.8078,98.4211,2.07,668.0025,686.2715,7.7109,21.8725,0.5393,60,0.821917808,0.5393,1.1798,0.986106296,Diamond,4
CUST123,8871.55,85.3034,42.2323,104,84.745,1.26,248.18,4355.43,41.8791,19.0102,42.1,696,6.6923,11.1295,2.0,1,36,66.784,39.2996,1.26,166.06,58.145,32.7007,17.1617,31.24,39,7,2/8/2022,8/14/2025,104,8871.55,4355.43,4516.12,0.509056478,227.475641,17.84615385,0.588458313,1.663030647,1283,32.8974359,11.0864486,7,0.179487179,25,39,8871.55,4,4,3,443,8871.55,13307.325,150,1.2188,2,74.7581,44.4033,1.26,240.0584,1346.3845,7.0124,11.3694,0.5417,138,0.92,0.5417,1.2188,0.593959718,Platinum,5
CUST124,27307.11,169.6094,142.6524,161,121.23,3.99,636.54,15097.54,93.7735,78.3511,65.73,1228,7.6273,14.8471,4.0,1,130,67.3162,63.9306,1.797,302.23,58.1367,36.974,35.9594,31.11,38,21,1/10/2022,2/5/2024,161,27307.11,15097.54,12209.57,0.447120548,718.6081579,32.31578947,0.949706014,1.946573493,756,19.89473684,18.32232497,21,0.552631579,581,38,27307.11,2,4,4,244,27307.11,1782.938454,223,1.2257,2,73.0862,75.5651,1.797,447.1856,2172.372,7.543,15.0907,0.559,210,0.941704036,0.559,1.2257,1.033917484,Platinum,5
CUST125,6723.91,120.0698,77.609,56,102.275,42.55,591.91,3738.0,66.75,50.7479,51.795,928,16.5714,23.3416,2.0,1,72,91.1724,72.6551,2.9428,591.91,78.04,50.1858,47.6657,45.42,30,5,1/13/2022,8/7/2025,56,6723.91,3738.0,2985.91,0.444073463,224.1303333,30.93333333,0.796897965,1.408547256,1302,43.4,8.403683807,5,0.166666667,32,30,6723.91,4,4,3,443,6723.91,6112.645455,88,1.1927,2,100.4577,80.9496,2.9428,701.9155,1642.9168,15.0726,22.4626,0.5138,71,0.806818182,0.5138,1.1927,0.805807818,Platinum,5
CUST126,20328.56,75.5709,62.9878,269,65.27,8.23,388.74,11793.23,43.841,39.1524,35.9,492,1.829,2.0967,1.0,1,12,64.6403,63.5813,8.23,388.74,44.43,37.777,39.7088,26.6233,78,22,1/4/2022,7/19/2023,269,20328.56,11793.23,8535.33,0.419868894,260.6225641,6.307692308,0.983617031,1.146364133,561,7.192307692,50.65836299,22,0.282051282,782,78,20328.56,2,5,4,254,20328.56,2025.06728,395,1.236,2,65.5013,64.0939,8.23,485.3067,932.4304,1.8035,1.9644,0.5203,355,0.898734177,0.5203,1.236,0.978513404,Diamond,4
CUST127,12357.08,79.2121,64.7975,156,78.33,7.9,543.06,6773.97,43.4229,37.3729,40.195,21406,137.2179,746.4785,3.0,1,8000,34.5615,45.1387,0.5111,271.53,5.885,18.5514,23.8021,3.3375,24,31,2/11/2022,8/14/2025,156,12357.08,6773.97,5583.11,0.451814668,514.8783333,891.9166667,1.306039958,5.440095643,1280,53.33333333,6.838407494,31,1.291666667,25,24,12357.08,4,4,4,444,12357.08,11406.53538,229,1.2392,2,33.3304,46.1825,0.5111,346.5659,50127.728,166.5373,943.2116,0.5183,212,0.925764192,0.5183,1.2392,1.385596933,Platinum,5
CUST128,1303.06,108.5883,48.6571,12,93.675,44.4,216.33,834.87,69.5725,29.1115,63.305,25,2.0833,0.793,2.0,1,3,58.1172,27.9549,22.2,108.165,59.2233,37.5064,17.83,37.9783,7,4,3/30/2022,1/14/2025,12,1303.06,834.87,468.19,0.359300416,186.1514286,3.571428571,0.481009064,0.38064609,1021,145.8571429,2.5,4,0.571428571,237,7,1303.06,3,2,2,322,1303.06,38.32529412,19,1.2083,2,65.9357,30.211,22.2,116.0801,50.0093,2.0837,0.8495,0.5,14,0.736842105,0.5,1.2083,0.458188811,Platinum,5
CUST129,738653.56,129.0901,223.2425,5722,62.5,0.06,3948.92,548892.25,95.9266,160.2088,48.52,1380368,241.2387,1304.4728,50.0,1,34320,13.3985,38.2352,0.0292,1413.01,1.5338,9.0632,25.1578,1.2888,1931,287,5/9/2023,9/4/2025,5722,738653.56,548892.25,189761.31,0.256901639,382.5238529,714.8461937,2.853692578,5.407394419,849,0.439668566,829.1941176,287,0.148627654,4,1931,738653.56,5,5,5,555,738653.56,285268004.9,8293,1.2225,2,14.2922,41.0246,0.0292,1617.8103,2472105.585,231.7744,1302.941,0.5365,7369,0.888580731,0.5365,1.2225,2.87041883,Silver,2
CUST13,5617439.2,231.4656,311.415,24269,150.51,0.01,14623.7,4179383.48,172.2108,251.8755,95.7,64344970,2651.3235,4794.79,500.0,1,100000,1.264,5.6125,0.0039,514.5,0.3,0.8744,4.2081,0.1694,4122,329,12/15/2021,9/8/2025,24269,5617439.2,4179383.48,1438055.72,0.255998449,1362.794566,15610.13343,4.440268987,1.808451515,1363,0.330664726,1103.027859,329,0.079815623,0,4122,5617439.2,5,5,5,555,5617439.2,23155084382.0,35083,1.2171,2,1.3274,5.738,0.0039,642.6012,116885579.6,2608.4709,4701.2225,0.5416,30965,0.882621213,0.5416,1.2171,4.322736176,Silver,2
CUST130,1843.74,68.2867,52.9482,27,48.14,14.8,232.35,976.19,36.1552,19.2196,35.8,90,3.3333,6.9282,1.0,1,36,51.44,42.2615,2.4667,232.35,43.075,28.3337,17.6292,23.26,17,11,1/12/2022,2/11/2025,27,1843.74,976.19,867.55,0.470538145,108.4552941,5.294117647,0.821568818,2.078480785,1126,66.23529412,5.505767524,11,0.647058824,209,17,1843.74,3,3,2,332,1843.74,149.2551429,38,1.1915,2,60.5972,54.7155,2.4667,256.7754,161.4898,3.436,5.819,0.5745,33,0.868421053,0.5745,1.1915,0.90293776,Platinum,5
CUST131,8972.61,118.0607,60.5536,76,114.445,0.98,274.31,5206.99,68.513,32.7332,67.325,490,6.4474,17.5335,2.0,1,108,71.6395,30.6525,0.196,149.58,74.16,41.6807,16.2808,38.94,45,13,1/19/2022,6/28/2024,76,8972.61,5206.99,3765.62,0.419679447,199.3913333,10.88888889,0.427871495,2.719468313,891,19.8,18.41367713,13,0.288888889,437,45,8972.61,2,4,3,243,8972.61,921.8434932,118,1.2133,2,78.5562,35.2693,0.196,169.0997,891.8812,5.9459,15.5182,0.5067,96,0.813559322,0.5067,1.2133,0.448969018,Platinum,5
CUST132,1445.6,1445.6,0.0,1,1445.6,1445.6,1445.6,939.6,939.6,0.0,939.6,720,720.0,0.0,720.0,720,720,72.28,0.0,72.28,72.28,72.28,46.98,0.0,46.98,1,1,4/15/2022,4/15/2022,1,1445.6,939.6,506.0,0.35002767,1445.6,720.0,0.0,0.0,0,0.0,365.0,1,1.0,1242,1,1445.6,1,1,2,112,1445.6,1.162992759,2,1.0,1,76.0017,5.2633,72.28,79.7234,1514.4792,757.2396,52.6647,0.5,1,0.5,0.5,1.0,0.069252398,Diamond,4
CUST133,150269.84,167.7119,422.6585,896,71.515,5.3,3586.15,99601.1,111.1619,285.9087,48.83,22883,25.5391,166.6383,6.0,1,4000,55.5804,51.106,2.2633,516.0,43.1,36.8181,34.0305,28.73,153,70,1/6/2022,8/26/2025,896,150269.84,99601.1,50668.74,0.337185027,982.155817,149.5620915,0.919496801,6.524830554,1328,8.679738562,42.02031603,70,0.45751634,13,153,150269.84,5,5,5,555,150269.84,1642234.68,1293,1.2077,2,58.4677,52.1439,2.2633,516.0,46030.4876,28.205,182.3771,0.549,1138,0.880123743,0.549,1.2077,0.891841136,Platinum,5
CUST134,23271.97,204.1401,171.9776,114,144.035,6.58,789.6,13604.64,119.3389,104.9541,76.785,2075,18.2018,34.4631,4.0,1,200,55.0556,77.6745,1.4029,738.0,40.59,31.5024,42.9781,22.73,49,25,1/14/2022,4/22/2025,114,23271.97,13604.64,9667.33,0.415406603,474.9381633,42.34693878,1.410837408,1.893389665,1194,24.36734694,14.9665272,25,0.510204082,139,49,23271.97,3,4,4,344,23271.97,8145.1895,165,1.2361,2,57.8877,66.8428,1.4029,738.0,3679.6858,17.0356,32.4051,0.5278,150,0.909090909,0.5278,1.2361,1.154697803,Platinum,5
CUST135,24.84,24.84,0.0,1,24.84,24.84,24.84,22.36,22.36,0.0,22.36,4,4.0,0.0,4.0,4,4,6.21,0.0,6.21,6.21,6.21,5.59,0.0,5.59,1,1,4/11/2022,4/11/2022,1,24.84,22.36,2.48,0.099838969,24.84,4.0,0.0,0.0,0,0.0,365.0,1,1.0,1246,1,24.84,1,1,1,111,24.84,0.019919808,1,1.5,2,6.417,0.2928,6.21,6.624,8.0,4.0,0.0,0.5,2,2.0,0.5,1.5,0.045628799,Diamond,4
CUST136,747.46,31.1442,17.9122,24,28.695,2.5,64.11,720.75,30.0312,14.3449,30.715,85,3.5417,9.9301,1.0,1,50,25.1554,18.3614,2.5,61.22,18.345,25.1501,16.9148,20.32,15,11,2/10/2022,5/29/2025,24,747.46,720.75,26.71,0.035734354,49.83066667,5.666666667,0.729918825,2.803766553,1204,80.26666667,4.543568465,11,0.733333333,102,15,747.46,3,3,1,331,747.46,108.8533981,44,1.2414,2,26.6162,19.287,2.5,85.437,281.5892,4.855,12.3143,0.4138,34,0.772727273,0.4138,1.2414,0.72463387,Platinum,5
CUST137,176763.15,410.1233,296.6455,431,313.0,10.0,1675.62,113058.28,262.3162,199.1138,204.88,17300,40.1392,330.7896,6.0,1,6000,136.9632,120.8181,0.1,482.81,125.5,86.5917,76.0489,77.76,87,12,1/5/2022,9/8/2025,431,176763.15,113058.28,63704.87,0.36039678,2031.760345,198.8505747,0.882120891,8.241061107,1342,15.42528736,23.64482502,12,0.137931034,0,87,176763.15,5,5,5,555,176763.15,15378394.05,639,1.2179,2,144.4873,131.9201,0.1,633.377,36323.1459,44.4592,345.3838,0.5275,551,0.86228482,0.5275,1.2179,0.913022113,Platinum,5
CUST138,270280.75,448.2268,530.5553,603,298.5,1.72,4325.6,181378.24,300.7931,356.7445,204.93,295693,490.3698,1077.6343,40.0,1,7344,39.3144,39.5395,0.03,275.015,35.7375,25.6898,29.7819,22.44,131,49,1/4/2022,9/8/2025,603,270280.75,181378.24,88902.51,0.328926533,2063.211832,2257.198473,1.005725637,2.197595162,1343,10.2519084,35.5766369,49,0.374045802,0,131,270280.75,5,5,5,555,270280.75,35406778.25,894,1.2172,2,41.8685,43.2811,0.03,330.7645,535421.6566,468.8456,1037.8182,0.528,761,0.851230425,0.528,1.2172,1.033738968,Platinum,5
CUST139,14456.66,425.1959,768.5345,34,91.5,60.59,2466.0,9347.27,274.9197,480.9609,54.9,520,15.2941,11.6086,10.0,10,40,64.3449,32.1253,6.061,116.5,66.66,41.2815,18.4744,50.445,8,10,1/4/2022,5/3/2023,34,14456.66,9347.27,5109.39,0.353428109,1807.0825,65.0,0.49926723,0.759024722,484,60.5,6.020618557,10,1.25,859,8,14456.66,1,2,4,124,14456.66,134.4805581,50,1.1803,2,70.0752,32.5064,6.061,127.7057,975.6505,15.9943,12.1378,0.5574,42,0.84,0.5574,1.1803,0.463878804,Diamond,4
CUST14,715582.5,488.7859,687.2732,1464,241.35,2.12,4860.0,456807.77,312.0272,453.7001,160.47,8668087,5920.8245,18455.8601,500.0,1,100000,39.0001,97.4897,0.012,498.59,0.4095,30.6275,76.6054,0.203,249,48,12/21/2021,8/26/2025,1464,715582.5,456807.77,258774.73,0.361628086,2873.825301,34811.59438,2.499729488,3.117109805,1344,5.397590361,67.57249071,48,0.192771084,13,249,715582.5,5,5,5,555,715582.5,12727145.89,2093,1.2143,2,38.0219,98.6879,0.012,618.8732,16167123.49,6068.74,18999.8486,0.5495,1860,0.888676541,0.5495,1.2143,2.595554141,Platinum,5
CUST140,203429.48,5498.0941,5308.8973,37,6250.0,209.75,22890.0,113596.98,3070.1886,3043.0419,3213.69,44281,1196.7838,780.7317,712.0,140,3300,155.5993,519.2928,10.88,3191.04,12.5,114.6627,405.1803,7.2158,32,3,2/9/2022,8/26/2025,37,203429.48,113596.98,89832.5,0.441590373,6357.17125,1383.78125,3.33737234,0.652358179,1294,40.4375,9.019305019,3,0.09375,13,32,203429.48,5,4,5,545,203429.48,464981.6686,62,1.1948,2,213.0436,675.1807,10.88,3691.4402,89395.6989,1160.9831,756.064,0.4805,43,0.693548387,0.4805,1.1948,3.16921372,Platinum,5
CUST141,92580.57,140.7,165.5886,658,85.545,3.97,1770.01,60913.82,92.5742,107.2803,60.21,43822,66.5988,262.7664,6.0,1,3000,49.2782,61.9841,1.654,813.18,38.8225,31.1538,38.0148,27.5,34,63,5/11/2022,1/21/2025,658,92580.57,60913.82,31666.75,0.342045313,2722.957941,1288.882353,1.257840181,3.945512532,986,29.0,12.57345491,63,1.852941176,230,34,92580.57,3,4,5,345,92580.57,13626.5774,943,1.2148,2,51.2996,74.8967,1.654,1053.4746,86580.1907,72.0901,287.244,0.5479,849,0.900318134,0.5479,1.2148,1.459986043,Platinum,5
CUST142,558.51,93.085,38.7821,6,100.35,45.81,141.23,292.41,48.735,20.3897,53.24,6,1.0,0.0,1.0,1,1,93.085,38.7821,45.81,141.23,100.35,48.735,20.3897,53.24,3,3,5/31/2022,6/16/2025,6,558.51,292.41,266.1,0.476446259,186.17,2.0,0.416631036,0.0,1112,370.6666667,0.983827493,3,1.0,84,3,558.51,4,1,1,411,558.51,19.71211765,9,1.3077,2,83.9223,38.3031,45.81,142.6405,12.9714,0.9978,0.0327,0.4615,9,1.0,0.4615,1.3077,0.456411466,Platinum,5
CUST143,102848.8,132.5371,202.5818,776,87.02,2.73,3764.8,67817.3,87.3934,108.3302,61.07,50274,64.7861,269.936,7.0,1,4000,50.3766,88.216,1.6544,813.18,33.28,32.6461,58.3177,22.42,38,82,5/11/2022,12/13/2024,776,102848.8,67817.3,35031.5,0.340611655,2706.547368,1323.0,1.751130485,4.166572768,947,24.92105263,14.63080169,82,2.157894737,269,38,102848.8,3,4,5,345,102848.8,14475.0163,1107,1.2215,2,51.8987,86.0726,1.6544,937.1275,95648.5531,67.2634,305.6292,0.5457,991,0.895212285,0.5457,1.2215,1.658473141,Platinum,5
CUST144,185387.91,219.6539,337.661,844,120.0,2.7,3998.94,122548.09,145.1992,207.5701,73.5,25355,30.0415,87.6547,8.0,1,1000,50.8405,63.0762,0.9,783.85,13.01,33.6592,41.7403,8.19,316,92,1/4/2022,9/4/2025,844,185387.91,122548.09,62839.82,0.338963959,586.6706013,80.23734177,1.240668365,2.917787061,1339,4.237341772,86.07462687,92,0.291139241,4,316,185387.91,5,5,5,555,185387.91,11716515.91,1231,1.2119,2,53.6653,67.2263,0.9,875.4325,46218.5745,29.5894,89.3701,0.5403,1077,0.874898457,0.5403,1.2119,1.252695876,Platinum,5
CUST145,6301.85,225.0661,260.2135,28,76.155,30.71,742.0,2953.18,105.4707,125.2483,36.585,6637,237.0357,461.5214,1.0,1,2000,128.2409,119.4275,0.1925,353.335,68.845,61.654,56.9693,34.16,21,9,1/20/2022,1/17/2024,28,6301.85,2953.18,3348.67,0.531378881,300.0880952,316.047619,0.931274656,1.947054389,727,34.61904762,10.52884615,9,0.428571429,600,21,6301.85,2,3,3,233,6301.85,220.1977537,43,1.2951,2,141.9705,130.7645,0.1925,486.4613,16884.97,276.8028,551.6102,0.459,42,0.976744186,0.459,1.2951,0.921068109,Diamond,4
CUST146,453097.24,475.9425,600.1602,952,263.39,1.38,4081.0,297817.8,312.8338,395.8363,166.26,2253398,2367.0147,9032.0337,100.0,1,77000,30.1756,47.8252,0.0246,253.85,2.0265,20.2617,32.1835,1.387,396,60,1/4/2022,9/4/2025,952,453097.24,297817.8,155279.44,0.342706656,1144.184949,5690.39899,1.584896406,3.815791131,1339,3.381313131,107.8656716,60,0.151515152,4,396,453097.24,5,5,5,555,453097.24,35885301.41,1389,1.2045,2,34.2009,55.0233,0.0246,373.3556,3764447.703,2156.0411,8314.4054,0.5452,1203,0.866090713,0.5452,1.2045,1.608826084,Platinum,5
CUST147,56929.51,180.7286,127.7462,315,153.36,6.44,777.5,33179.22,105.3309,79.3765,87.55,307779,977.0762,3956.4533,4.0,1,34320,72.2136,74.9314,0.0149,682.0,66.925,41.0138,44.558,37.06,103,31,1/6/2022,8/28/2025,315,56929.51,33179.22,23750.29,0.417187676,552.7136893,2988.145631,1.03763557,4.049278142,1330,12.91262136,28.24567994,31,0.300970874,11,103,56929.51,5,5,5,555,56929.51,488644.9608,463,1.2139,2,80.5415,87.8478,0.0149,856.8291,510822.78,867.2713,3760.2875,0.5348,402,0.86825054,0.5348,1.2139,1.090714725,Platinum,5
CUST148,63409.79,348.4054,245.5566,182,319.41,25.16,1197.78,51568.57,283.3438,206.4173,258.72,56207,308.8297,1248.7519,6.0,1,9300,69.0869,54.6982,0.0072,401.32,79.8512,54.3741,35.0189,64.68,82,13,1/6/2022,2/24/2023,182,63409.79,51568.57,11841.22,0.186741196,773.290122,685.4512195,0.791730415,4.043496788,414,5.048780488,72.12048193,13,0.158536585,927,82,63409.79,1,5,5,155,63409.79,5603.020237,258,1.1963,2,73.2625,54.2913,0.0072,430.3498,114653.996,357.1776,1368.8225,0.567,221,0.856589147,0.567,1.1963,0.741051698,Diamond,4
CUST149,296.25,296.25,0.0,1,296.25,296.25,296.25,233.26,233.26,0.0,233.26,2500,2500.0,0.0,2500.0,2500,2500,0.1185,0.0,0.1185,0.1185,0.1185,0.0933,0.0,0.0933,1,1,2/3/2023,2/3/2023,1,296.25,233.26,62.99,0.212624473,296.25,2500.0,0.0,0.0,0,0.0,365.0,1,1.0,948,1,296.25,1,1,1,111,296.25,0.312170706,1,1.0,1,0.1185,0.0,0.1185,0.1185,2500.0,2500.0,0.0,1.0,1,1.0,1.0,1.0,0.0,Diamond,4
CUST15,1984230.63,509.561,1564.3276,3894,62.15,1.09,20088.9,1450922.28,372.6046,1193.3865,43.62,3584916,920.6256,4025.3473,8.0,1,51000,31.959,98.3507,0.0357,3859.2,8.6271,21.685,71.5198,6.03,1343,247,1/3/2022,9/3/2025,3894,1984230.63,1450922.28,533308.35,0.268773368,1477.461378,2669.334326,3.077402297,4.372404265,1339,0.997021593,365.8171642,247,0.183916605,5,1343,1984230.63,5,5,5,555,1984230.63,444136956.0,5579,1.223,2,33.837,90.6202,0.0357,3859.2,7005912.644,975.7539,4304.812,0.5423,5016,0.899085858,0.5423,1.223,2.678139315,Silver,2
CUST150,82037.08,4557.6156,6424.395,18,1766.44,330.0,21908.88,52262.33,2903.4628,4643.2885,804.76,1221290,67849.4444,280233.1252,1000.0,250,1190700,1.7841,0.8112,0.0184,3.163,2.054,0.9472,0.4704,0.934,10,6,2/18/2022,1/26/2024,18,82037.08,52262.33,29774.75,0.362942586,8203.708,122129.0,0.454683033,4.130219896,707,70.7,5.155367232,6,0.6,591,10,82037.08,2,3,5,235,82037.08,1385.761486,27,1.1818,2,1.9357,0.7361,0.0184,3.1934,1239726.162,37567.4594,207015.7697,0.5455,23,0.851851852,0.5455,1.1818,0.380275869,Diamond,4
CUST151,13458.92,151.2238,102.4557,89,126.27,12.63,413.08,8332.08,93.6189,65.4213,89.5,1084,12.1798,8.2138,10.0,1,36,24.3034,30.8073,2.3583,121.7,12.627,14.272,18.7816,8.95,23,23,2/17/2022,8/21/2023,89,13458.92,8332.08,5126.84,0.380925067,585.1704348,47.13043478,1.267612762,0.67437889,550,23.91304348,15.23593466,23,1.0,749,23,13458.92,2,4,4,244,13458.92,412.7402133,134,1.1779,2,27.6987,36.4565,2.3583,164.6651,2005.6233,12.3044,8.0805,0.546,108,0.805970149,0.546,1.1779,1.316180904,Diamond,4
CUST152,25899.51,588.6252,3327.6837,44,52.515,1.4,22150.63,11932.13,271.1848,1375.8215,35.46,145155,3298.9773,19150.9391,6.0,1,126575,14.5508,34.8799,0.0158,229.41,7.3118,11.495,29.6935,5.06,15,39,1/13/2022,4/28/2025,44,25899.51,11932.13,13967.38,0.539291284,1726.634,9677.0,2.397112186,5.805113936,1201,80.06666667,4.554908486,39,2.6,133,15,25899.51,3,3,4,334,25899.51,2899.198881,67,1.2386,2,12.8415,26.5094,0.0158,229.41,251197.5059,2854.5171,17244.7886,0.5,61,0.910447761,0.5,1.2386,2.064353853,Platinum,5
CUST153,23942.21,67.2534,55.4623,356,51.41,9.0,477.68,11577.48,32.521,25.4022,25.99,10875,30.5478,13.7397,25.0,10,100,2.4579,2.5353,0.36,23.884,2.012,1.1961,1.1961,0.9053,80,24,1/5/2022,8/27/2025,356,23942.21,11577.48,12364.73,0.516440629,299.277625,135.9375,1.031490297,0.449777071,1330,16.625,21.93839219,24,0.3,12,80,23942.21,5,5,4,554,23942.21,147336.6769,538,1.2303,2,2.6135,2.4452,0.36,25.7214,21340.5975,30.5302,13.6899,0.5093,462,0.858736059,0.5093,1.2303,0.935603597,Platinum,5
CUST154,29542.37,223.8058,151.8745,132,200.645,22.24,958.82,17005.03,128.826,88.0273,123.84,16467,124.75,918.5629,8.0,1,7500,50.9072,86.3706,1.7936,479.41,27.53,28.1477,44.3838,15.7181,43,37,1/20/2022,8/28/2025,132,29542.37,17005.03,12537.34,0.424385044,687.0318605,382.9534884,1.696628375,7.363229659,1316,30.60465116,11.91723614,37,0.860465116,11,43,29542.37,5,4,4,544,29542.37,105860.1592,192,1.2441,2,51.0596,85.1385,1.7936,546.3541,32800.7212,129.1367,934.4873,0.5197,177,0.921875,0.5197,1.2441,1.667433744,Platinum,5
CUST155,2310286.94,600.2304,1036.1545,3849,294.98,0.19,24168.32,1813381.35,471.1305,805.4163,231.39,53155,13.8101,86.9535,3.0,1,4853,169.7948,257.5107,0.01,4003.765,94.06,133.971,198.7883,68.92,932,450,1/18/2022,9/8/2025,3849,2310286.94,1813381.35,496905.59,0.215083928,2478.848648,57.0332618,1.516599448,6.296370048,1329,1.425965665,255.7744361,450,0.482832618,0,932,2310286.94,5,5,5,555,2310286.94,2153187428.0,5568,1.2269,2,182.1784,289.4104,0.01,5843.1655,93818.5748,13.0267,68.0695,0.5344,4959,0.890625,0.5344,1.2269,1.588609846,Gold,3
CUST156,20964.95,197.7825,140.9183,106,179.625,25.59,797.04,12075.97,113.9242,84.0623,98.97,645,6.0849,10.6137,4.0,1,100,63.8913,35.9231,1.2535,162.385,61.0933,36.3362,21.0948,32.99,27,14,1/6/2022,7/30/2025,106,20964.95,12075.97,8888.98,0.423992425,776.4796296,23.88888889,0.56225339,1.744268599,1301,48.18518519,7.569124424,14,0.518518519,40,27,20964.95,4,4,4,444,20964.95,13806.18659,155,1.2327,2,69.1017,40.3687,1.2535,196.003,1456.6562,7.2112,13.9858,0.5248,139,0.896774194,0.5248,1.2327,0.584192574,Platinum,5
CUST157,37754.02,73.5946,179.2668,513,21.11,0.23,2122.0,18783.11,36.6142,104.5497,7.98,27438,53.4854,68.8007,30.0,1,480,13.1349,60.174,0.0192,752.0,0.6261,9.2331,49.5171,0.2316,134,235,1/7/2022,6/11/2025,513,37754.02,18783.11,18970.91,0.502487152,281.7464179,204.761194,4.581230158,1.286345433,1251,9.335820896,39.06549521,235,1.753731343,89,134,37754.02,4,5,4,454,37754.02,56211.54089,763,1.2182,2,14.052,60.7709,0.0192,752.0,50506.1413,51.7481,65.3317,0.5256,648,0.849279161,0.5256,1.2182,4.324715343,Gold,3
CUST158,290825.2,117.1737,186.1522,2482,53.2,3.12,1922.4,204562.48,82.4184,131.408,35.68,393843,158.6797,347.6426,25.0,1,2700,11.3756,34.4342,0.0555,423.4,1.5508,6.9888,18.082,1.147,817,54,1/4/2022,9/8/2025,2482,290825.2,204562.48,86262.72,0.296613636,355.9671971,482.0599755,3.02702275,2.190844828,1343,1.643818849,221.8787202,54,0.066095471,0,817,290825.2,5,5,5,555,290825.2,237604188.4,3558,1.2202,2,12.3526,39.2023,0.0555,590.5933,709788.9005,155.5531,342.5338,0.5439,3197,0.898538505,0.5439,1.2202,3.173607176,Gold,3
CUST159,2266.62,107.9343,62.7722,21,117.33,6.92,216.43,1314.55,62.5976,37.9954,63.36,1441,68.619,33.2272,50.0,16,105,1.6424,0.9846,0.4325,3.52,1.6273,0.9391,0.5394,0.8299,9,4,1/26/2022,6/21/2023,21,2266.62,1314.55,952.07,0.42003953,251.8466667,160.1111111,0.599488553,0.484227401,511,56.77777778,6.416015625,4,0.444444444,810,9,2266.62,2,3,2,232,2266.62,25.15361282,31,1.225,2,1.8714,1.0634,0.4325,4.4451,2829.8379,70.7459,33.9177,0.525,28,0.903225806,0.525,1.225,0.568237683,Diamond,4
CUST16,25173.63,59.2321,69.7177,425,36.0,6.37,589.83,15082.63,35.4885,72.6054,21.1,7297,17.1694,73.3141,2.0,1,600,36.7642,32.2016,1.0464,294.915,29.15,19.9535,17.3013,14.46,109,52,1/10/2022,8/6/2025,425,25173.63,15082.63,10091.0,0.400855975,230.9507339,66.94495413,0.875895572,4.270044381,1304,11.96330275,30.48659004,52,0.47706422,33,109,25173.63,4,5,4,454,25173.63,80703.69618,633,1.2048,2,39.605,37.0963,1.0464,412.4366,15275.0032,19.1897,81.9731,0.5339,540,0.853080569,0.5339,1.2048,0.936656988,Platinum,5
CUST160,2056.72,54.1242,40.0521,38,40.055,16.93,163.26,1316.6,34.6474,28.2931,25.945,826,21.7368,16.1089,25.0,2,100,7.8715,17.5957,0.6772,99.63,1.8256,4.3279,9.6215,1.1752,10,29,1/5/2022,8/23/2022,38,2056.72,1316.6,740.12,0.359854526,205.672,82.6,2.2353681,0.741088845,230,23.0,15.8008658,29,2.9,1112,10,2056.72,1,3,2,132,2056.72,18.47906559,58,1.275,2,11.9785,25.831,0.6772,138.4557,1679.7518,20.9969,16.2814,0.475,53,0.913793103,0.475,1.275,2.156446967,Diamond,4
CUST161,84.91,28.3033,22.746,3,15.74,14.61,54.56,49.93,16.6433,9.6447,11.49,95,31.6667,16.0728,25.0,20,50,1.2091,1.3223,0.3148,2.728,0.5844,0.6817,0.62,0.4268,2,3,3/23/2022,7/18/2024,3,84.91,49.93,34.98,0.411965611,42.455,47.5,1.093623356,0.507561571,848,424.0,0.8598351,3,1.5,417,2,84.91,2,1,1,211,84.91,0.406267943,5,1.2857,2,2.0136,1.4265,0.3148,3.5211,177.2151,25.3164,11.2988,0.4286,4,0.8,0.4286,1.2857,0.708432658,Platinum,5
CUST162,15867.61,223.4875,213.1518,71,122.95,16.78,756.58,9290.35,130.85,123.2998,87.12,1440,20.2817,19.2556,12.0,1,50,123.3831,116.5539,0.7722,378.29,82.19,71.5855,66.6378,43.56,48,10,1/11/2022,6/3/2025,71,15867.61,9290.35,6577.26,0.414508549,330.5752083,30.0,0.944650442,0.949407594,1239,25.8125,14.12903226,10,0.208333333,97,48,15867.61,3,4,4,344,15867.61,7771.890612,102,1.1774,2,144.514,132.0913,0.7722,544.8398,2430.8844,19.6039,18.4741,0.5726,85,0.833333333,0.5726,1.1774,0.914038086,Platinum,5
CUST163,5655150.87,314.542,933.0945,17979,82.95,0.05,33330.4,3994059.49,222.1514,990.5764,56.6,1073611,59.7147,265.7914,10.0,1,10000,66.9374,377.4706,0.003,19567.19,11.4383,48.7643,272.5476,8.29,2202,2382,1/4/2022,9/5/2025,17979,5655150.87,3994059.49,1661091.38,0.293730692,2568.188406,487.561762,5.639158378,4.451021273,1340,0.608537693,599.3512304,2382,1.081743869,3,2202,5655150.87,5,5,5,555,5655150.87,3113160554.0,26199,1.2184,2,72.9749,438.435,0.003,28223.7641,2019616.943,60.2493,266.3214,0.5364,22987,0.877399901,0.5364,1.2184,6.008024677,Bronze,1
CUST164,49103.28,173.5098,326.1926,283,76.4,2.21,3218.4,23459.55,82.8959,157.8468,35.21,127233,449.5866,722.6532,30.0,1,3800,13.9151,26.7949,0.0246,191.325,2.8115,7.3021,13.6095,1.474,76,66,2/10/2022,9/2/2025,283,49103.28,23459.55,25643.73,0.522240673,646.0957895,1674.118421,1.92559881,1.60737264,1300,17.10526316,21.32205995,66,0.868421053,6,76,49103.28,5,5,4,554,49103.28,533121.3257,419,1.2226,2,14.2819,29.676,0.0246,220.8186,234042.9534,434.217,694.9333,0.525,360,0.859188544,0.525,1.2226,2.077874793,Platinum,5
CUST165,247284.63,49.3681,76.0911,5009,21.65,0.44,1037.67,169261.93,33.7916,47.6804,15.03,63449,12.667,19.2416,6.0,1,190,7.5808,12.0878,0.088,107.19,3.045,5.2454,8.5351,1.769,825,72,1/4/2022,9/8/2025,5009,247284.63,169261.93,78022.7,0.31551779,299.7389455,76.90787879,1.594528282,1.51903371,1343,1.627878788,224.0513393,72,0.087272727,0,825,247284.63,5,5,5,555,247284.63,204009819.8,7269,1.2212,2,8.2022,13.072,0.088,137.9608,115702.0534,12.3971,18.6962,0.5367,6438,0.88567891,0.5367,1.2212,1.593718758,Gold,3
CUST166,47449.91,173.8092,283.667,273,93.82,1.61,2754.16,23125.56,84.709,125.0003,51.0,6760,24.7619,48.5736,6.0,1,400,52.4751,44.0193,0.045,234.785,50.255,26.9227,25.9208,27.84,113,99,1/11/2022,8/11/2025,273,47449.91,23125.56,24324.35,0.512632163,419.910708,59.82300885,0.838860717,1.961626531,1308,11.57522124,31.50878533,99,0.876106195,28,113,47449.91,4,5,4,454,47449.91,184891.0286,406,1.207,2,56.5522,49.0849,0.045,259.2009,13548.5619,26.462,50.6727,0.5332,349,0.859605911,0.5332,1.207,0.867957392,Platinum,5
CUST167,54053.69,247.9527,597.6368,218,168.755,4.16,7542.8,33834.41,155.2037,385.9733,93.155,700273,3212.2615,3289.5931,2000.0,1,12500,6.5225,24.9472,0.014,117.515,0.0566,4.5846,17.1005,0.0379,111,40,7/14/2022,8/21/2025,218,54053.69,33834.41,20219.28,0.374059199,486.9701802,6308.765766,3.824791108,1.024073881,1134,10.21621622,35.69603524,40,0.36036036,18,111,54053.69,4,5,4,454,54053.69,315787.3468,321,1.2209,2,5.485,23.5784,0.014,161.1762,1370027.837,3325.3103,3346.601,0.5291,278,0.866043614,0.5291,1.2209,4.298705561,Platinum,5
CUST168,5266.98,195.0733,110.2277,27,170.04,34.08,354.65,2672.87,98.9952,49.5331,107.07,573,21.2222,65.9501,3.0,1,250,67.3689,18.3928,34.08,88.6625,77.585,34.1384,6.3488,35.69,19,4,2/23/2022,8/19/2025,27,5266.98,2672.87,2594.11,0.49252323,277.2094737,30.15789474,0.273016184,3.107599589,1273,67.0,5.443485086,4,0.210526316,20,19,5266.98,4,3,3,433,5266.98,4765.362857,34,1.1282,2,67.5341,19.2648,34.08,98.3682,844.7272,21.6597,66.3043,0.6923,30,0.882352941,0.6923,1.1282,0.285260335,Platinum,5
CUST169,1912868.6,586.5896,1571.2314,3261,46.74,0.1,24303.12,1172976.33,359.6984,1000.2314,26.62,2271436,696.5458,7875.2273,100.0,1,314400,13.9168,140.5103,0.0029,2892.7,0.3146,9.5295,89.9372,0.1584,2067,771,1/3/2022,9/3/2025,3261,1912868.6,1172976.33,739892.2698,0.386797227,925.4323174,1098.904693,10.09645177,11.30611555,1339,0.647798742,563.0261194,771,0.373004354,5,2067,1912868.6,5,5,5,555,1912868.6,658983232.7,4696,1.2229,2,14.6737,148.8148,0.0029,4208.5369,4016024.109,664.5746,8013.1334,0.5396,4190,0.892248722,0.5396,1.2229,10.14160028,Silver,2
CUST17,389.27,97.3175,60.3101,4,75.24,53.76,185.03,234.04,58.51,18.5642,56.43,14,3.5,2.8868,3.5,1,6,97.3175,60.3101,53.76,185.03,75.24,58.51,18.5642,56.43,3,3,2/7/2022,9/10/2024,4,389.27,234.04,155.23,0.398772061,129.7566667,4.666666667,0.619725127,0.8248,946,315.3333333,1.156282999,3,1.0,363,3,389.27,3,1,1,311,389.27,3.208269231,5,1.1667,2,89.6129,48.5257,53.76,185.03,16.114,2.6857,2.5676,0.6667,5,1.0,0.6667,1.1667,0.541503511,Platinum,5
CUST170,129649.46,210.1288,435.813,617,92.05,1.14,6291.19,77803.43,126.0996,288.8265,54.0,16414,26.6029,72.3231,8.0,1,1000,41.7567,257.9397,0.0727,6291.19,11.2733,25.631,169.1326,6.92,415,196,1/12/2022,8/25/2025,617,129649.46,77803.43,51846.03,0.399893914,312.4083373,39.55180723,6.177205095,2.718617143,1321,3.18313253,114.5801815,196,0.472289157,14,415,129649.46,4,5,5,455,129649.46,3586968.393,921,1.2188,2,40.0212,192.4043,0.0727,6291.19,28414.7329,24.1007,62.3255,0.5233,785,0.852334419,0.5233,1.2188,4.807559493,Gold,3
CUST171,22185.32,228.7146,1303.725,97,15.0,0.08,9156.0,12919.02,133.1858,814.5277,4.71,6187,63.7835,102.7393,25.0,1,600,16.4264,93.4858,0.0004,654.0,0.425,10.0877,58.4036,0.1755,10,53,6/17/2025,9/2/2025,97,22185.32,12919.02,9266.3,0.417677095,2218.532,618.7,5.691192227,1.610750429,77,7.7,46.79487179,53,5.3,6,10,22185.32,5,3,4,534,22185.32,31693.31429,139,1.2011,2,12.364,71.1044,0.0004,654.0,11507.8158,66.1369,109.9055,0.5575,119,0.856115108,0.5575,1.2011,5.750922032,Diamond,4
CUST172,224304.51,208.8496,264.833,1074,93.41,1.1,2400.31,130058.26,121.0971,145.0265,59.24,90106,83.8976,346.1059,6.0,1,7331,57.3847,72.5978,0.0064,535.24,20.57,33.8393,44.7619,12.46,260,100,1/5/2022,7/5/2024,1074,224304.51,130058.26,94246.25,0.420170999,862.7096538,346.5615385,1.26510725,4.125337316,912,3.507692308,103.9430449,100,0.384615385,430,260,224304.51,2,5,5,255,224304.51,135311.3053,1569,1.2064,2,61.7543,77.1365,0.0064,577.4333,162016.9516,81.9509,358.9792,0.5432,1358,0.865519439,0.5432,1.2064,1.249087108,Platinum,5
CUST173,396143.59,940.9586,1170.3365,421,401.4,0.15,7176.66,265084.7,629.6549,804.008,319.38,1022738,2429.3064,6642.1504,240.0,1,70000,102.9016,347.2631,0.0422,3588.33,6.2328,67.6783,239.1685,3.9629,137,48,1/5/2022,3/6/2025,421,396143.59,265084.7,131058.89,0.330836831,2891.559051,7465.240876,3.374710403,2.734175648,1156,8.437956204,43.21953328,48,0.350364964,186,137,396143.59,3,5,5,355,396143.59,290222.844,606,1.2211,2,107.216,347.4581,0.0422,3994.1741,2019472.66,2595.7232,6811.1582,0.5411,536,0.884488449,0.5411,1.2211,3.240729928,Platinum,5
CUST174,1161696.97,148.7829,398.9842,7808,61.75,0.19,12576.9,856252.14,109.6634,334.6718,38.77,1356774,173.7672,697.2306,12.0,1,15200,47.5301,198.524,0.0068,6499.0,5.2,35.8531,161.6589,3.33,1850,1781,1/3/2022,9/8/2025,7808,1161696.97,856252.14,305444.83,0.262929867,627.9443081,733.3913514,4.176805856,4.012440783,1344,0.726486486,502.0446097,1781,0.962702703,0,1850,1161696.97,5,5,5,555,1161696.97,2149139395.0,11263,1.2183,2,52.3704,226.7181,0.0068,7351.3016,2463722.515,170.9968,683.479,0.5419,10027,0.890260144,0.5419,1.2183,4.329126759,Bronze,1
CUST175,82869.28,216.3689,413.2209,383,117.4,17.48,4419.49,54952.61,143.4794,262.3753,71.82,27309,71.3029,292.7962,12.0,1,2381,27.4198,64.4904,0.4157,252.25,5.3267,18.1634,42.9791,3.62,84,39,5/16/2022,5/1/2025,383,82869.28,54952.61,27916.67,0.336875981,986.5390476,325.1071429,2.351964639,4.10637155,1081,12.86904762,28.33641405,39,0.464285714,130,84,82869.28,3,5,5,355,82869.28,53137.55359,538,1.2225,2,28.8376,68.8718,0.4157,340.5069,58790.8623,84.9579,336.7135,0.5535,488,0.907063197,0.5535,1.2225,2.388263933,Platinum,5
CUST176,38166.81,46.0952,116.12,828,12.41,0.28,1535.84,23913.3,28.8808,72.6084,7.28,78657,94.9964,251.0966,50.0,1,5000,2.8245,13.1412,0.0029,320.45,0.2581,1.9468,8.637,0.1502,23,499,1/12/2022,5/1/2023,828,38166.81,23913.3,14253.51,0.373453008,1659.426522,3419.869565,4.652575677,2.643222269,474,20.60869565,17.67368421,499,21.69565217,861,23,38166.81,1,4,4,144,38166.81,1018.371961,1180,1.2139,2,3.0037,11.3233,0.0029,320.45,152391.6482,101.5267,298.3799,0.5516,1053,0.892372881,0.5516,1.2139,3.769783933,Gold,3
CUST177,526870.64,596.0075,735.8561,884,312.1,0.51,4729.42,354704.32,401.2492,496.8205,224.685,176618,199.7941,643.2959,24.0,1,4800,43.1002,43.413,0.255,247.5,25.7467,28.4989,28.1765,18.2675,34,67,5/11/2022,11/15/2024,884,526870.64,354704.32,172166.32,0.32677152,15496.19529,5194.647059,1.007257507,3.219794278,919,27.02941176,13.48913043,67,1.970588235,297,34,526870.64,3,4,5,345,526870.64,60112.75758,1273,1.229,2,46.1028,47.2517,0.255,335.624,321759.198,194.8875,633.3064,0.5354,1148,0.901806756,0.5354,1.229,1.024920395,Platinum,5
CUST178,2767.94,138.397,59.2347,20,126.74,48.65,253.45,1434.18,71.709,30.1636,65.175,36,1.8,0.8944,2.0,1,5,82.8704,31.1107,35.7,128.78,84.1,42.7147,15.5699,45.8325,6,7,5/25/2022,7/30/2025,20,2767.94,1434.18,1333.76,0.481860156,461.3233333,6.0,0.375413899,0.496888889,1162,193.6666667,1.883061049,7,1.166666667,40,6,2767.94,4,2,2,422,2767.94,405.0643902,27,1.129,2,87.4893,30.0985,35.7,141.8682,55.1828,1.7801,0.7558,0.6452,22,0.814814815,0.6452,1.129,0.344024926,Platinum,5
CUST179,5504.87,68.8109,61.245,80,57.01,3.66,288.0,3190.19,39.8774,34.0299,32.215,6252,78.15,259.8345,1.0,1,1000,65.4151,57.8564,1.64,288.0,57.01,38.0809,32.525,31.32,13,19,2/3/2022,9/28/2023,80,5504.87,3190.19,2314.68,0.420478594,423.4515385,480.9230769,0.884450226,3.324817658,602,46.30769231,7.868988391,19,1.461538462,711,13,5504.87,2,3,3,233,5504.87,100.5102669,116,1.2055,2,66.2581,61.7439,1.64,379.1848,10191.6865,69.8061,243.1947,0.5479,99,0.853448276,0.5479,1.2055,0.931869462,Diamond,4
CUST18,2456.21,163.7473,131.0571,15,136.88,24.79,420.78,1784.91,118.994,102.0877,87.6,102,6.8,10.0938,2.0,1,30,58.8129,19.8221,24.79,84.1575,56.075,40.6633,16.3467,43.8,3,6,1/31/2022,5/10/2022,15,2456.21,1784.91,671.3,0.27330725,818.7366667,34.0,0.337036603,1.484382353,99,33.0,10.95,6,2.0,1217,3,2456.21,1,1,2,112,2456.21,6.049778325,24,1.1724,2,63.7628,23.0031,24.79,96.6951,245.9508,8.4811,10.6947,0.5172,19,0.791666667,0.5172,1.1724,0.360760506,Diamond,4
CUST180,3211.03,80.2758,39.607,40,69.81,14.95,187.02,1752.5661,43.8142,23.5794,35.6,1681,42.025,92.0528,1.0,1,400,66.7204,32.9715,2.2543,140.95,65.1925,36.6108,19.9545,35.6,28,12,2/7/2022,7/1/2025,40,3211.03,1752.5661,1458.4639,0.454204383,114.6796429,60.03571429,0.494174196,2.190429506,1240,44.28571429,8.235294118,12,0.428571429,69,28,3211.03,4,4,3,443,3211.03,1284.412,57,1.2597,2,61.5606,39.5701,2.2543,187.4342,2995.2463,38.8993,90.2866,0.5195,50,0.877192982,0.5195,1.2597,0.642782884,Platinum,5
CUST181,2297.93,57.4483,35.281,40,54.43,1.0,151.6,1728.03,43.2008,32.0554,36.95,92,2.3,4.2619,1.0,1,20,52.7094,32.137,1.0,151.6,53.34,39.849,30.3295,32.36,31,13,1/25/2022,8/22/2025,40,2297.93,1728.03,569.9,0.248005814,74.12677419,2.967741935,0.609701495,1.853,1305,42.09677419,8.663859112,13,0.419354839,17,31,2297.93,4,4,2,442,2297.93,3957.546111,61,1.2824,2,61.0828,40.9289,1.0,179.5809,243.4636,2.8643,5.1786,0.4706,56,0.918032787,0.4706,1.2824,0.670056055,Platinum,5
CUST182,672.12,96.0171,43.0742,7,94.57,40.92,169.78,356.29,50.8986,26.1925,43.5,9,1.2857,0.7559,1.0,1,3,79.8476,30.0429,40.92,128.45,86.71,41.3586,15.0447,43.5,6,4,3/23/2022,9/29/2023,7,672.12,356.29,315.83,0.469901208,112.02,1.5,0.376253012,0.587928755,555,92.5,3.938848921,4,0.666666667,710,6,672.12,2,2,1,221,672.12,5.671898734,8,1.2,2,91.6062,31.6403,40.92,133.6722,11.9332,1.1933,0.6351,0.7,9,1.125,0.7,1.2,0.345394744,Diamond,4
CUST183,397625.99,528.758,476.8589,752,339.2,3.37,3528.72,283947.63,377.5899,351.6359,237.6,4406110,5859.1888,10439.0977,1500.0,1,43200,48.4867,90.126,0.0156,523.63,2.4178,32.3125,62.4929,1.23,262,37,1/3/2022,5/4/2023,752,397625.99,283947.63,113678.36,0.28589268,1517.65645,16817.21374,1.858777768,1.781662625,486,1.854961832,196.3655031,37,0.141221374,858,262,397625.99,2,5,5,255,397625.99,121278.2414,1089,1.2171,2,49.3852,94.0664,0.0156,774.8283,8303284.841,5969.2918,10500.3683,0.5406,974,0.894398531,0.5406,1.2171,1.904748791,Diamond,4
CUST184,4833.97,166.6886,108.2321,29,162.93,24.47,409.67,2660.2,91.731,49.8496,95.38,218,7.5172,8.7897,3.0,1,24,61.9919,27.3685,15.72,93.52,76.48,35.0933,15.387,36.692,18,3,1/12/2022,8/19/2025,29,4833.97,2660.2,2173.77,0.449686283,268.5538889,12.11111111,0.441485097,1.169278455,1315,73.05555556,4.992401216,3,0.166666667,20,18,4833.97,4,3,3,433,4833.97,4143.402857,38,1.1556,2,67.0426,28.9621,15.72,111.3178,319.1096,7.0913,7.9819,0.6444,35,0.921052632,0.6444,1.1556,0.431995478,Platinum,5
CUST185,1844.96,131.7829,79.7626,14,121.735,60.52,394.92,833.66,59.5471,26.8801,64.73,24,1.7143,1.326,1.0,1,6,85.9043,30.3064,60.52,134.14,65.82,41.1093,18.1284,32.68,9,3,7/6/2022,4/2/2025,14,1844.96,833.66,1011.3,0.548141965,204.9955556,2.666666667,0.352792584,0.773493554,1001,111.2222222,3.278443114,3,0.333333333,159,9,1844.96,3,3,2,332,1844.96,103.779,25,1.1379,2,98.7102,34.8404,60.52,153.5498,50.9233,1.756,1.4961,0.4828,16,0.64,0.4828,1.1379,0.352956432,Platinum,5
CUST186,10030.18,911.8345,1726.0373,11,95.0,20.96,5616.47,5057.54,459.7764,877.2247,55.97,277,25.1818,24.6366,22.0,1,75,87.3274,105.6911,0.6668,255.2941,49.635,45.409,51.4716,27.985,5,8,1/5/2022,10/25/2022,11,10030.18,5057.54,4972.64,0.495767773,2006.036,55.4,1.210285661,0.978349443,293,58.6,6.207482993,8,1.6,1049,5,10030.18,1,2,3,123,10030.18,47.7627619,12,1.2,2,93.4166,107.5772,0.6668,292.699,316.9432,21.1295,22.8378,0.7333,14,1.166666667,0.7333,1.2,1.151585478,Diamond,4
CUST187,9229.46,167.8084,121.6289,55,122.43,14.41,678.22,5603.33,101.8787,78.5509,66.11,312,5.6727,11.9491,1.0,1,75,77.3025,36.745,0.5764,141.67,60.67,43.8997,17.9222,35.71,41,8,1/12/2022,2/4/2025,55,9229.46,5603.33,3626.13,0.392886474,225.1087805,7.609756098,0.475340384,2.106421986,1119,27.29268293,13.36160714,8,0.195121951,216,41,9229.46,3,4,3,343,9229.46,1743.815023,77,1.2143,2,86.1685,39.8891,0.5764,180.489,557.081,5.6845,10.971,0.5612,68,0.883116883,0.5612,1.2143,0.462919744,Platinum,5
CUST188,2814.89,134.0424,71.4363,21,119.07,30.62,282.38,1474.4,70.2095,36.0302,60.04,56,2.6667,1.1547,3.0,1,4,51.0689,17.1973,30.6167,86.84,50.995,26.9004,8.7025,27.5375,16,5,4/7/2022,4/15/2025,21,2814.89,1474.4,1340.49,0.476213991,175.930625,3.5,0.336747022,0.433007087,1104,69.0,5.285067873,5,0.3125,146,16,2814.89,3,3,2,332,2814.89,306.382585,34,1.2444,2,56.3718,19.1379,30.6167,98.6381,121.4933,2.6999,1.0854,0.4667,26,0.764705882,0.4667,1.2444,0.339494215,Platinum,5
CUST189,1090.11,83.8546,54.7165,13,69.33,19.08,197.83,592.17,45.5515,28.1963,41.28,388,29.8462,74.4769,1.0,1,250,72.6735,47.2398,19.08,197.83,66.795,38.9546,21.7624,41.28,8,7,1/12/2022,11/1/2023,13,1090.11,592.17,497.94,0.456779591,136.26375,48.5,0.650027864,2.495356193,658,82.25,4.430955994,7,0.875,677,8,1090.11,2,2,2,222,1090.11,12.86265487,19,1.24,2,84.1187,37.9667,19.08,197.83,651.9877,26.0795,71.7804,0.52,19,1.0,0.52,1.24,0.451346728,Diamond,4
CUST19,21205.17,105.4984,72.3855,201,93.05,3.22,271.88,11504.53,57.2365,36.9798,55.62,590,2.9353,3.7484,2.0,1,24,67.8806,40.5464,1.6042,251.43,66.6333,37.1571,22.2614,38.59,56,20,1/18/2022,9/4/2025,201,21205.17,11504.53,9700.64,0.457465797,378.66375,10.53571429,0.597319411,1.277007461,1325,23.66071429,15.4147813,20,0.357142857,4,56,21205.17,5,4,4,544,21205.17,237497.904,288,1.1887,2,73.7666,44.8799,1.6042,346.9848,1069.4144,3.0124,3.7342,0.5662,244,0.847222222,0.5662,1.1887,0.608404074,Platinum,5
CUST190,2555.7,255.57,311.394,10,177.02,16.11,1094.98,1404.26,140.426,175.189,100.045,64,6.4,6.9634,4.0,1,24,78.1691,39.2757,1.611,136.8725,75.1963,43.8358,26.1327,34.59,2,7,3/21/2023,10/19/2023,10,2555.7,1404.26,1151.44,0.450538013,1277.85,32.0,0.50244534,1.08803125,212,106.0,3.427230047,7,3.5,690,2,2555.7,2,1,2,212,2555.7,7.397105644,15,1.2105,2,78.833,42.4088,1.611,183.8808,148.9428,7.8391,6.6936,0.5263,12,0.8,0.5263,1.2105,0.537957454,Diamond,4
CUST191,1783.33,71.3332,33.0139,25,70.28,12.83,125.0,1035.39,41.4156,22.8714,35.84,71,2.84,3.6019,1.0,1,12,52.3226,38.6598,5.8567,125.0,36.18,30.4564,24.3085,18.455,16,7,3/14/2022,7/24/2025,25,1783.33,1035.39,747.94,0.419406391,111.458125,4.4375,0.738873833,1.268274648,1228,76.75,4.751830757,7,0.4375,46,16,1783.33,4,3,2,432,1783.33,607.0910638,39,1.22,2,54.0703,41.6179,5.8567,160.9778,160.5037,3.2101,3.7047,0.5,32,0.820512821,0.5,1.22,0.769699817,Platinum,5
CUST192,3432.76,74.6252,45.7807,46,63.505,5.22,188.56,2066.56,44.9252,26.78,36.89,14043,305.2826,552.0261,1.0,1,2000,61.4003,36.9584,5.22,165.74,45.81,37.3497,20.5294,34.455,17,15,1/19/2022,7/2/2024,46,3432.76,2066.56,1366.2,0.39798879,201.9270588,826.0588235,0.601925398,1.808246195,895,52.64705882,6.925223214,15,0.882352941,433,17,3432.76,2,3,3,233,3432.76,134.4629493,68,1.299,2,70.4008,46.4067,5.22,229.6541,35299.2161,363.9094,625.2961,0.4742,63,0.926470588,0.4742,1.299,0.659178589,Platinum,5
CUST193,668.21,111.3683,54.0024,6,103.83,51.32,209.21,315.38,52.5633,21.8379,46.12,7,1.1667,0.4082,1.0,1,2,93.9342,25.4178,51.32,122.43,102.4325,45.0767,11.9753,45.52,5,3,2/23/2022,7/15/2025,6,668.21,315.38,352.83,0.528022628,133.642,1.4,0.270591542,0.349875718,1238,247.6,1.472962066,3,0.6,55,5,668.21,4,2,1,421,668.21,59.66160714,8,1.2727,2,100.7881,29.0912,51.32,154.1958,11.9556,1.0869,0.3057,0.5455,8,1.0,0.5455,1.2727,0.28863725,Platinum,5
CUST194,325.12,40.64,16.2925,8,37.57,17.53,64.41,299.68,37.46,14.7577,34.58,8,1.0,0.0,1.0,1,1,40.64,16.2925,17.53,64.41,37.57,37.46,14.7577,34.58,8,7,12/9/2022,2/17/2025,8,325.12,299.68,25.44,0.078248031,40.64,1.0,0.40089813,0.0,801,100.125,3.640897756,7,0.875,203,8,325.12,3,2,1,321,325.12,12.74980392,10,1.1667,2,43.1169,15.409,17.53,69.2116,11.8682,0.989,0.0305,0.6667,10,1.0,0.6667,1.1667,0.35737727,Diamond,4
CUST195,1190140.58,171.4406,473.1365,6942,50.19,0.15,15580.0,880698.07,126.8652,370.4755,32.0,973844,140.2829,481.5729,24.0,1,12000,41.2884,130.0629,0.0003,3549.0,2.5253,31.3047,105.904,1.75,2232,1348,1/3/2022,9/5/2025,6942,1190140.58,880698.07,309442.51,0.260005007,533.2171057,436.3100358,3.150107536,3.43286958,1341,0.600806452,607.0640835,1348,0.603942652,3,2232,1190140.58,5,5,5,555,1190140.58,664098443.6,10032,1.2188,2,43.8073,134.5038,0.0003,3970.1202,1811398.561,141.0637,473.0581,0.5406,8861,0.883273525,0.5406,1.2188,3.070351288,Bronze,1
CUST196,18451.39,217.0752,202.0068,85,157.84,12.55,681.89,10036.59,118.0775,117.4018,80.5,3242,38.1412,185.0988,2.0,1,1000,140.7613,120.1918,0.0569,340.945,136.18,76.3524,68.2811,73.74,33,12,1/3/2022,5/28/2024,85,18451.39,10036.59,8414.8,0.456052362,559.1330303,98.24242424,0.853869636,4.85298837,876,26.54545455,13.73432155,12,0.363636364,468,33,18451.39,2,4,4,244,18451.39,1298.285437,119,1.2013,2,158.8537,139.9979,0.0569,485.7589,4390.541,29.4667,159.9913,0.5705,101,0.848739496,0.5705,1.2013,0.881300845,Platinum,5
CUST197,835.74,208.935,74.9392,4,184.325,151.5,315.59,463.89,115.9725,27.0482,119.52,11,2.75,0.5,3.0,2,3,78.2392,29.9832,50.5,105.1967,78.63,41.9775,4.275,39.84,4,1,2/7/2022,7/21/2023,4,835.74,463.89,371.85,0.444935028,208.935,2.75,0.383224777,0.181818182,529,132.25,2.754716981,1,0.25,780,4,835.74,2,2,2,222,835.74,4.280358515,6,1.1429,2,80.0456,27.5114,50.5,116.6246,20.1448,2.8778,0.4529,0.5714,5,0.833333333,0.5714,1.1429,0.343696593,Diamond,4
CUST198,1600.84,88.9356,87.7028,18,35.425,6.8,209.6,1222.3,67.9056,69.8529,31.615,39512,2195.1111,4399.6995,250.0,1,13350,29.5695,40.0561,0.0028,112.98,11.6783,18.9155,22.9526,7.745,5,17,1/18/2022,8/3/2023,18,1600.84,1222.3,378.54,0.236463357,320.168,7902.4,1.354642453,2.004317458,562,112.4,3.241563055,17,3.4,767,5,1600.84,2,2,2,222,1600.84,10.42213542,30,1.1667,2,28.045,43.5422,0.0028,150.039,62984.1458,1749.5596,3596.4948,0.5,22,0.733333333,0.5,1.1667,1.552583348,Diamond,4
CUST199,7633.37,103.1536,133.7968,74,53.3,3.36,787.9,4998.8,67.5514,90.477,30.01,1208,16.3243,29.7368,5.5,1,210,22.991,36.0504,1.478,184.99,6.224,15.6751,25.1928,3.715,12,33,1/13/2022,4/23/2024,74,7633.37,4998.8,2634.57,0.345138517,636.1141667,100.6666667,1.56802227,1.82162788,831,69.25,5.264423077,33,2.75,503,12,7633.37,2,3,3,233,7633.37,181.7469048,107,1.2015,2,21.6833,33.7251,1.478,199.1756,1897.3785,14.1595,25.0988,0.5522,94,0.878504673,0.5522,1.2015,1.555349047,Platinum,5
CUST2,2193839.53,119.8557,292.8195,18304,43.645,0.09,8067.27,1508714.55,82.4254,233.2417,25.74,654868,35.7773,144.7414,10.0,1,7500,40.26,125.4587,0.0062,5477.82,11.08,27.2693,90.5545,7.165,2275,2959,1/3/2022,9/8/2025,18304,2193839.53,1508714.55,685124.98,0.312294938,964.3250681,287.8540659,3.116212121,4.045621106,1344,0.590769231,617.3791822,2959,1.300659341,0,2275,2193839.53,5,5,5,555,2193839.53,4990984931.0,26460,1.2182,2,42.868,135.72,0.0062,6185.2482,1212925.798,35.8377,145.2071,0.5408,23487,0.887641723,0.5408,1.2182,3.165997947,Bronze,1
CUST20,19103.71,254.7161,1042.6794,75,47.85,2.45,9000.0,52144.11,695.2548,2688.8306,36.0,69963,932.84,6165.1219,4.0,1,53165,47.5725,77.1151,0.0028,390.28,16.91,37.4974,64.9669,13.0,44,58,1/24/2022,7/29/2025,75,19103.71,52144.11,-33040.4,-1.729527929,434.1752273,1590.068182,1.621001629,6.608981069,1282,29.13636364,12.51753702,58,1.318181818,41,44,19103.71,4,4,4,444,19103.71,20013.41048,122,1.1921,2,48.6485,81.4428,0.0028,431.3505,153077.2383,1013.7565,6138.6269,0.4967,94,0.770491803,0.4967,1.1921,1.674107115,Platinum,5
CUST200,19965.13,80.5046,113.9978,248,34.8,0.35,960.0,12445.88,50.185,75.6772,18.0,8666,34.9435,62.1505,3.0,1,400,49.5202,93.6104,0.0174,499.0,4.7212,34.8664,73.8835,2.76,137,167,1/5/2022,9/8/2025,248,19965.13,12445.88,7519.25,0.376619135,145.7308759,63.25547445,1.890347777,1.77859974,1342,9.795620438,37.23380491,167,1.218978102,0,137,19965.13,5,5,4,554,19965.13,2735222.81,367,1.1881,2,49.9138,93.8371,0.0174,535.3113,15140.4011,33.4965,58.3988,0.5487,309,0.841961853,0.5487,1.1881,1.879983091,Platinum,5
CUST201,63622.74,256.5433,363.7689,248,167.26,10.31,2777.06,37201.65,150.0067,233.2974,95.36,25220,101.6935,316.0722,9.0,1,2200,63.8607,84.8676,0.3967,638.345,21.2779,34.931,47.5834,11.49,77,40,1/6/2022,9/4/2025,248,63622.74,37201.65,26421.09,0.415277462,826.2693506,327.5324675,1.32894879,3.108086554,1337,17.36363636,21.00523169,40,0.519480519,4,77,63622.74,5,5,5,555,63622.74,979790.196,360,1.2123,2,73.4886,108.9661,0.3967,711.8887,41435.3778,90.6682,267.2106,0.5427,314,0.872222222,0.5427,1.2123,1.482761952,Platinum,5
CUST202,52350.86,311.6123,839.8509,168,133.725,2.5,8176.0,37955.62,225.9263,617.1981,86.02,46982,279.6548,1662.0041,12.0,1,16000,51.8089,87.823,0.3417,399.0,5.3427,39.7672,71.0216,4.045,71,67,1/3/2022,9/4/2025,168,52350.86,37955.62,14395.24,0.27497619,737.3360563,661.7183099,1.695133462,5.943055867,1340,18.87323944,19.3251305,67,0.943661972,4,71,52350.86,5,4,4,544,52350.86,743382.212,238,1.2539,2,53.9804,90.951,0.3417,399.0,57473.0866,180.1664,1213.0188,0.5266,221,0.928571429,0.5266,1.2539,1.68488933,Platinum,5
CUST203,4777.22,113.7433,98.7593,42,78.38,24.3,406.25,2861.58,68.1329,60.3925,48.24,1131,26.9286,18.8517,24.0,9,72,4.3968,3.195,1.6517,10.98,2.2388,2.617,1.9086,1.276,23,9,1/13/2022,7/8/2025,42,4777.22,2861.58,1915.64,0.400994721,207.7052174,49.17391304,0.726664847,0.700062387,1272,55.30434783,6.594658288,9,0.391304348,62,23,4777.22,4,4,3,443,4777.22,1744.064444,58,1.2267,2,4.6516,3.3393,1.6517,12.0913,2225.8016,29.6774,20.8702,0.56,52,0.896551724,0.56,1.2267,0.717882019,Platinum,5
CUST204,833771.04,86.6256,308.3366,9625,14.25,0.05,6988.57,616145.25,64.0151,243.4991,8.94,609518,63.3265,123.955,12.0,1,2000,27.3783,132.3459,0.0002,3579.42,1.25,20.4836,106.141,0.81,1131,1976,1/3/2022,9/5/2025,9625,833771.04,616145.25,217625.79,0.261013851,737.1980902,538.9195402,4.833970699,1.957395403,1341,1.185676393,307.6117735,1976,1.747126437,3,1131,833771.04,5,5,5,555,833771.04,235748761.6,13918,1.2204,2,29.4515,134.1763,0.0002,3579.42,1121817.851,62.8399,121.3473,0.5392,12337,0.886406093,0.5392,1.2204,4.555839261,Bronze,1
CUST205,237526.7,122.9434,164.8274,1932,64.535,0.03,1295.6,128449.72,66.4854,97.5251,30.1,592140,306.4907,390.0116,120.0,1,2000,6.029,19.023,0.0003,209.83,0.2527,3.7806,12.6552,0.12,269,233,12/22/2021,9/8/2025,1932,237526.7,128449.72,109076.98,0.459219869,882.9988848,2201.263941,3.155249627,1.272507127,1356,5.040892193,72.35445836,233,0.866171004,0,269,237526.7,5,5,5,555,237526.7,63894682.3,2865,1.2227,2,6.2314,19.8013,0.0003,240.3065,1161338.913,315.0675,398.6785,0.5241,2492,0.869808028,0.5241,1.2227,3.17766473,Gold,3
CUST206,30431.55,323.7399,648.5953,94,96.785,3.86,4996.87,18262.02,194.2768,388.7918,61.8,3455,36.7553,31.2756,31.5,1,202,14.1976,25.8837,0.0386,187.98,3.8286,7.8252,11.8294,2.188,65,33,3/15/2022,8/26/2025,94,30431.55,18262.02,12169.53,0.399898461,468.1776923,53.15384615,1.823103905,0.850914018,1260,19.38461538,18.81443299,33,0.507692308,13,65,30431.55,5,4,4,544,30431.55,141289.3393,138,1.1882,2,14.8566,27.5954,0.0386,219.6301,6453.1116,37.9595,26.9943,0.5529,115,0.833333333,0.5529,1.1882,1.857450561,Platinum,5
CUST207,57519.05,174.8299,304.1748,329,78.31,5.86,3405.88,30975.42,94.1502,113.4332,59.68,10540,32.0365,189.4267,3.0,1,2000,60.1531,138.3472,0.08,1772.9116,46.36,31.8906,24.016,33.0,32,67,1/11/2022,1/10/2025,329,57519.05,30975.42,26543.63,0.461475459,1797.470313,329.375,2.299918042,5.912840042,1095,34.21875,10.65693431,67,2.09375,241,32,57519.05,3,4,5,345,57519.05,7605.824793,472,1.2224,2,62.7772,130.0398,0.08,1925.8511,15234.2667,25.0976,151.4603,0.542,428,0.906779661,0.542,1.2224,2.071449507,Platinum,5
CUST208,36575.95,56.3574,44.3152,649,52.25,0.74,444.8,25735.38,39.6539,31.7688,32.34,35936,55.3713,633.0651,1.0,1,12000,48.8177,31.9433,0.0075,148.27,50.45,34.2107,22.5787,26.7,217,59,1/25/2022,9/8/2025,649,36575.95,25735.38,10840.57,0.296385193,168.552765,165.6036866,0.654338488,11.43309079,1322,6.092165899,59.86772487,59,0.271889401,0,217,36575.95,5,5,4,554,36575.95,7936981.15,892,1.2473,2,53.147,34.9003,0.0075,216.354,77668.112,65.5427,732.2685,0.5477,863,0.967488789,0.5477,1.2473,0.656674883,Platinum,5
CUST209,68065.31,181.0248,422.1238,376,52.05,0.49,4539.22,32155.55,85.5201,227.2816,25.345,101919,271.0612,449.1039,100.0,1,3000,12.0624,69.5508,0.0092,1284.65,0.6183,7.4388,53.4605,0.2657,129,193,1/6/2022,8/25/2025,376,68065.31,32155.55,35909.76,0.527577998,527.638062,790.0697674,5.76591723,1.656835799,1327,10.28682171,35.45557229,193,1.496124031,14,129,68065.31,4,5,5,455,68065.31,585361.666,538,1.2192,2,13.3439,81.9159,0.0092,1614.2916,211550.6804,307.0402,514.2345,0.5457,480,0.892193309,0.5457,1.2192,6.138827479,Gold,3
CUST21,2916.15,97.205,40.8634,30,88.255,37.64,188.68,1715.27,57.1757,22.9938,49.32,81,2.7,2.2766,1.0,1,6,86.7747,37.2716,37.64,175.78,85.48,51.5907,22.3706,48.54,13,7,4/7/2022,7/2/2024,30,2916.15,1715.27,1200.88,0.411803234,224.3192308,6.230769231,0.429521508,0.843185185,817,62.84615385,5.800733496,7,0.538461538,433,13,2916.15,2,3,2,232,2916.15,87.35011521,40,1.1667,2,96.8085,40.0878,37.64,211.1997,145.8676,3.0389,2.4289,0.625,37,0.925,0.625,1.1667,0.414093804,Platinum,5
CUST210,467968.6,229.7342,447.2891,2037,123.25,0.79,6548.0,297137.35,145.8701,267.0716,75.5,230096,112.9583,444.8689,5.0,1,6000,36.9948,37.313,0.2467,311.86,23.3123,24.299,24.2738,16.215,632,187,1/3/2022,9/8/2025,2037,467968.6,297137.35,170831.25,0.365048531,740.4566456,364.0759494,1.008601209,3.938346275,1344,2.126582278,171.5092937,187,0.295886076,0,632,467968.6,5,5,5,555,467968.6,295756155.2,2961,1.2194,2,38.8486,39.3998,0.2467,384.2925,462099.9665,121.8297,464.0786,0.537,2630,0.888213441,0.537,1.2194,1.014188413,Gold,3
CUST211,291869.28,310.8299,477.804,939,149.25,2.93,4389.42,188501.79,200.7474,299.3377,110.0,299986,319.4739,1137.2188,7.0,1,10000,63.2156,180.6965,0.765,1764.705,33.7783,35.2096,60.6543,27.5,63,131,1/12/2022,8/12/2025,939,291869.28,188501.79,103367.49,0.354156799,4632.845714,4761.68254,2.858416277,3.559661055,1308,20.76190476,17.56684492,131,2.079365079,27,63,291869.28,4,4,5,445,291869.28,656705.88,1346,1.204,2,62.5825,174.412,0.765,2057.7283,518637.8008,306.7048,1098.9063,0.5553,1181,0.877414562,0.5553,1.204,2.786913274,Platinum,5
CUST212,78467.51,576.967,948.0477,136,659.65,4.36,9755.31,46107.39,339.0249,349.5882,448.56,85709,630.2132,3826.0162,72.0,1,30000,92.4892,153.8929,0.08,730.55,76.75,60.0973,99.3352,57.175,57,35,1/4/2022,11/20/2023,136,78467.51,46107.39,32360.12,0.412401515,1376.622982,1503.666667,1.663901299,6.070987088,685,12.01754386,30.32798834,35,0.614035088,658,57,78467.51,2,4,5,245,78467.51,6787.022868,185,1.206,2,104.8155,172.464,0.08,962.8856,126049.5875,540.9854,3274.3444,0.5837,172,0.92972973,0.5837,1.206,1.645405498,Platinum,5
CUST213,428.66,107.165,85.8722,4,81.95,38.16,226.6,211.59,52.8975,33.0876,53.035,1087,271.75,485.756,37.5,12,1000,18.4019,16.9173,0.2266,38.16,17.6104,10.2448,8.7357,10.5717,3,4,8/23/2022,3/10/2023,4,428.66,211.59,217.07,0.506392012,142.8866667,362.3333333,0.919323548,1.78751058,199,66.33333333,5.475,4,1.333333333,913,3,428.66,1,1,1,111,428.66,1.406980306,5,1.0,1,20.4844,15.373,0.2266,38.16,1133.3588,226.6718,432.5846,0.8,4,0.8,0.8,1.0,0.750473531,Diamond,4
CUST214,54382.46,163.3107,162.5797,333,117.34,4.48,1438.3,35824.33,107.5806,104.3516,77.28,5599,16.8138,20.4495,10.0,1,120,32.7115,30.6558,1.01,136.28,15.254,21.6026,20.7829,10.5,190,36,1/10/2022,8/25/2025,333,54382.46,35824.33,18558.13,0.341252124,286.2234737,29.46842105,0.937156657,1.216233094,1323,6.963157895,52.37915408,36,0.189473684,14,190,54382.46,4,5,4,454,54382.46,688844.4933,509,1.2323,2,32.1476,31.63,1.01,136.28,10501.1194,15.8388,20.033,0.5023,427,0.838899804,0.5023,1.2323,0.983899265,Platinum,5
CUST215,8342.4,347.6,279.0111,24,206.195,59.8,893.98,5033.96,209.7483,174.7496,105.24,3203,133.4583,174.0789,3.0,1,432,37.822,36.2017,1.7538,144.835,48.47,21.1889,19.2241,30.29,14,3,2/9/2022,8/11/2023,24,8342.4,5033.96,3308.44,0.39658132,595.8857143,228.7857143,0.957159854,1.30436923,548,39.14285714,9.307832423,3,0.214285714,759,14,8342.4,2,3,3,233,8342.4,153.6757895,31,1.2619,2,38.6022,35.7781,1.7538,144.835,4872.9326,116.0222,158.25,0.5714,32,1.032258065,0.5714,1.2619,0.926840957,Diamond,4
CUST216,347561.05,89.1182,142.8504,3900,42.0,0.05,2798.5,178755.37,45.8347,77.2108,19.76,1394151,357.4746,924.2066,30.0,1,12500,6.2304,18.4929,0.0024,399.0,1.37,3.6798,12.1976,0.6417,829,402,1/4/2022,9/5/2025,3900,347561.05,178755.37,168805.68,0.485686414,419.2533776,1681.726176,2.968172188,2.585376975,1340,1.616405308,225.6413125,402,0.484921592,3,829,347561.05,5,5,5,555,347561.05,72032027.61,5688,1.2186,2,6.5528,19.7238,0.0024,430.6012,2579370.758,354.3578,915.1845,0.5358,4980,0.875527426,0.5358,1.2186,3.009980466,Gold,3
CUST217,313793.34,38.5401,71.9743,8142,23.19,0.16,2882.8,222073.31,27.275,54.1393,16.23,58471,7.1814,14.8418,3.0,1,390,8.5423,8.2137,0.1567,46.85,4.7762,5.915,5.7283,3.44,1066,104,1/4/2022,11/15/2022,8142,313793.34,222073.31,91720.03,0.292294381,294.3652345,54.85084428,0.961532608,2.066700086,315,0.295497186,1231.297468,104,0.097560976,1028,1066,313793.34,1,5,5,155,313793.34,325076.4824,11799,1.2185,2,9.1663,8.89,0.1567,69.0635,105904.6054,7.0145,13.9897,0.5393,10397,0.881176371,0.5393,1.2185,0.969856976,Gold,3
CUST218,196.69,13.1127,13.7186,15,10.17,4.0,56.21,174.25,11.6167,12.3635,9.15,21,1.4,0.7368,1.0,1,3,10.7658,12.9716,1.3333,56.21,9.71,9.5233,11.7035,8.75,13,6,1/3/2022,2/11/2025,15,196.69,174.25,22.44,0.114088159,15.13,1.615384615,1.204889558,0.526285714,1135,87.30769231,4.17693662,6,0.461538462,209,13,196.69,3,3,1,331,196.69,12.17604762,20,1.2,2,11.6851,14.3079,1.3333,60.0035,34.547,1.3819,0.7489,0.6,19,0.95,0.6,1.2,1.224456787,Platinum,5
CUST219,83845.83,1117.9444,1846.548,75,48.2,6.58,6302.86,49590.38,661.2051,1092.8366,35.9,35009,466.7867,823.3646,12.0,1,3750,173.1677,646.9691,1.1,3630.54,40.0,96.2937,343.6125,27.4,32,13,1/14/2022,6/14/2024,75,83845.83,49590.38,34255.45,0.408552817,2620.182188,1094.03125,3.736084154,1.763899014,882,27.5625,13.22763307,13,0.40625,451,32,83845.83,2,4,5,245,83845.83,5935.987965,109,1.2378,2,221.7165,778.2393,1.1,4161.0115,67094.6816,469.1936,774.1373,0.5245,101,0.926605505,0.5245,1.2378,3.51006488,Platinum,5
CUST22,10145.98,95.7168,62.2968,106,80.64,21.2,281.82,6663.96,62.8675,40.6528,60.16,873,8.2358,21.374,2.0,1,125,64.174,29.0196,15.945,133.37,62.95,42.0,17.7067,40.92,31,15,2/9/2022,2/25/2025,106,10145.98,6663.96,3482.02,0.343192082,327.2896774,28.16129032,0.452201826,2.595254863,1112,35.87096774,10.16621743,15,0.483870968,195,31,10145.98,3,4,3,343,10145.98,1604.721327,162,1.2286,2,73.7122,34.3699,15.945,166.3993,1611.6829,7.6747,19.0884,0.5048,137,0.845679012,0.5048,1.2286,0.466271526,Platinum,5
CUST220,224430.71,221.5506,490.762,1013,60.15,1.46,5546.72,143330.95,141.4916,339.5265,34.81,2127204,2099.9052,6815.2415,200.0,1,60000,17.9604,83.152,0.0056,1338.47,0.45,12.3835,56.7752,0.38,638,225,1/3/2022,9/4/2025,1013,224430.71,143330.95,81099.76,0.361357677,351.7722727,3334.175549,4.629740986,3.245499606,1340,2.10031348,173.6539896,225,0.352664577,4,638,224430.71,5,5,5,555,224430.71,28637358.6,1510,1.2233,2,20.1947,87.1262,0.0056,1338.47,4211381.385,2166.3484,6923.8327,0.5211,1298,0.859602649,0.5211,1.2233,4.31431019,Gold,3
CUST221,378235.73,45.0442,83.3866,8397,21.03,0.18,2232.23,222234.52,26.4659,63.2637,9.89,596926,71.088,86.1153,30.0,1,1050,8.436,39.198,0.0043,694.45,0.5513,6.079,31.0756,0.2353,1277,1141,1/4/2022,9/8/2025,8397,378235.73,222234.52,156001.21,0.412444403,296.1908614,467.4440094,4.646514936,1.211390108,1343,1.051683634,346.8043155,1141,0.893500392,0,1277,378235.73,5,5,5,555,378235.73,483007027.2,12179,1.2182,2,9.6324,44.5383,0.0043,771.4945,1101485.612,70.7032,87.1187,0.539,10731,0.881106823,0.539,1.2182,4.623800922,Silver,2
CUST222,3425.86,126.8837,117.3706,27,68.6,3.95,429.82,1717.29,63.6033,61.8763,40.6,1766,65.4074,134.0535,10.0,1,500,45.0531,81.0772,0.0354,274.93,7.805,22.3454,36.7218,4.06,14,14,2/25/2022,11/13/2024,27,3425.86,1717.29,1708.57,0.498727327,244.7042857,126.1428571,1.799592037,2.049515804,992,70.85714286,5.146022155,14,1.0,299,14,3425.86,3,3,3,333,3425.86,159.8734667,37,1.1778,2,41.4713,74.9901,0.0354,285.3766,2378.0121,52.8447,107.9792,0.6,34,0.918918919,0.6,1.1778,1.80824088,Platinum,5
CUST223,117313.32,168.7961,312.0246,695,81.89,0.6,2952.18,77730.44,111.8424,215.6566,50.78,39564,56.9266,133.7706,8.0,1,2000,48.9803,99.8836,0.0168,972.0,8.9517,35.4573,74.8628,5.64,286,377,1/5/2022,8/28/2025,695,117313.32,77730.44,39582.88,0.337411643,410.1864336,138.3356643,2.039260682,2.349878616,1331,4.653846154,78.37087087,377,1.318181818,11,286,117313.32,5,5,5,555,117313.32,2795967.46,1004,1.2044,2,54.478,110.6498,0.0168,972.0,67771.7368,53.7019,116.0067,0.5507,869,0.865537849,0.5507,1.2044,2.03109145,Gold,3
CUST224,221099.97,161.3868,433.9186,1370,44.86,0.27,7000.0,141334.1,103.1636,280.9227,25.94,366031,267.1759,558.1773,89.0,1,6250,5.6805,21.4645,0.004,265.0,0.6443,3.6399,14.5524,0.3451,555,411,1/3/2022,9/5/2025,1370,221099.97,141334.1,79765.87,0.360768344,398.3783243,659.5153153,3.778628642,2.089175334,1341,2.416216216,150.9500745,411,0.740540541,3,555,221099.97,5,5,5,555,221099.97,30677620.84,2047,1.2278,2,6.4605,24.4224,0.004,266.4926,725017.3225,273.4882,565.3685,0.5168,1766,0.86272594,0.5168,1.2278,3.780264685,Gold,3
CUST225,444.33,16.4567,31.3883,27,5.7,0.37,144.44,407.1,15.0778,28.3544,5.13,943,34.9259,83.6618,10.0,1,400,10.2931,21.9886,0.0185,91.11,0.766,9.4835,19.9845,0.69,13,24,2/16/2022,1/12/2024,27,444.33,407.1,37.23,0.083789076,34.17923077,72.53846154,2.136246612,2.395408565,695,53.46153846,6.817528736,24,1.846153846,605,13,444.33,2,3,1,231,444.33,9.531831683,37,1.2449,2,7.1524,17.3642,0.0185,91.11,2234.7522,45.6072,98.3449,0.551,36,0.972972973,0.551,1.2449,2.427744533,Platinum,5
CUST226,18924.97,320.7622,400.4612,59,154.73,7.12,1912.8,10875.79,184.3354,248.6708,77.28,13416,227.3898,378.1427,48.0,1,1200,45.6169,39.4747,5.634,135.39,39.622,25.7327,22.3389,21.265,20,5,4/5/2022,4/17/2025,59,18924.97,10875.79,8049.18,0.425320621,946.2485,670.8,0.865352534,1.66297125,1108,55.4,6.582506763,5,0.25,144,20,18924.97,3,3,4,334,18924.97,2610.34069,90,1.2105,2,47.0577,38.851,5.634,142.2862,22363.2152,196.1686,354.3662,0.5175,73,0.811111111,0.5175,1.2105,0.825603461,Platinum,5
CUST227,16007.53,228.679,201.3881,70,141.7,34.67,716.0,5888.97,84.1281,48.8264,67.695,129281,1846.8714,3439.5662,1000.0,1,17280,45.6528,74.5709,0.095,264.0,0.3885,24.2861,39.2332,0.0796,32,16,1/11/2022,8/25/2025,70,16007.53,5888.97,10118.56,0.632112512,500.2353125,4040.03125,1.633435408,1.8623745,1322,41.3125,8.828420257,16,0.5,14,32,16007.53,4,4,4,444,16007.53,34149.39733,93,1.1983,2,48.3573,79.3341,0.095,315.0161,216219.862,1863.9643,3705.7224,0.6034,86,0.924731183,0.6034,1.1983,1.64058167,Platinum,5
CUST228,159907.95,85.558,193.618,1869,31.36,0.1,4132.2,119074.75,63.7104,318.6783,15.0,150688,80.6249,1240.069,4.0,1,53030,42.4207,89.2063,0.0028,849.0,3.815,31.4318,72.8892,1.8644,865,1227,1/3/2022,8/28/2025,1869,159907.95,119074.75,40833.2,0.255354409,184.8646821,174.2057803,2.10289552,15.38071985,1333,1.541040462,236.6754123,1227,1.41849711,11,865,159907.95,5,5,5,555,159907.95,11526698.06,2746,1.2141,2,43.8207,92.471,0.0028,947.7492,248353.5073,71.08,922.4063,0.5349,2398,0.873270211,0.5349,1.2141,2.110212753,Gold,3
CUST229,643.69,58.5173,29.5199,11,52.08,25.36,116.31,354.98,32.2709,19.0813,26.88,371,33.7273,20.7079,24.0,12,72,1.838,0.2617,1.4462,2.2642,1.8678,0.98,0.1095,0.96,7,2,2/11/2022,5/21/2025,11,643.69,354.98,288.71,0.448523358,91.95571429,53.0,0.142383025,0.613980366,1195,170.7142857,2.136287625,2,0.285714286,110,7,643.69,3,2,1,321,643.69,40.59306306,20,1.1667,2,1.9942,0.2982,1.4462,2.6014,795.7259,33.1552,18.3754,0.4583,12,0.6,0.4583,1.1667,0.149533648,Platinum,5
CUST23,8908079.11,141.3712,268.5671,63012,67.08,0.07,5926.2,6416993.02,101.8376,213.0323,46.48,150012127,2380.6914,9230.6068,133.0,1,240000,10.1894,49.772,0.0042,5100.0,0.5644,7.5742,42.5671,0.4181,7589,577,1/3/2022,9/8/2025,63012,8908079.11,6416993.02,2491086.09,0.279643463,1173.814615,19767.04796,4.884684083,3.877279852,1344,0.177098432,2059.468401,577,0.076031098,0,7589,8908079.11,5,5,5,555,8908079.11,67603412366.0,91272,1.2195,2,10.8766,52.4431,0.0042,6305.7971,276703629.9,2366.2827,9185.134,0.5389,80598,0.883052853,0.5389,1.2195,4.821644632,Rock,0
CUST230,616062.85,332.827,812.3143,1851,133.56,1.0,15024.6,466861.84,252.2214,668.8865,87.36,282498,152.6191,1158.2864,10.0,1,24000,84.3166,210.9627,0.0089,3630.0,13.54,65.5042,168.72,8.2,535,569,1/20/2022,9/5/2025,1851,616062.85,466861.84,149201.01,0.242184722,1151.519346,528.0336449,2.502030442,7.589393464,1324,2.474766355,147.3773585,569,1.063551402,3,535,616062.85,5,5,5,555,616062.85,82398406.19,2728,1.2156,2,88.8662,223.9167,0.0089,3630.0,540399.1008,155.3764,1184.4772,0.5322,2358,0.864369501,0.5322,1.2156,2.51970603,Gold,3
CUST231,33817.56,268.3933,751.8087,126,132.08,1.36,6408.14,17418.15,138.2393,332.1138,78.24,38161,302.8651,698.2896,44.5,1,4000,30.8455,40.3664,0.0373,171.95,3.606,17.0224,22.0685,2.1223,54,36,1/6/2022,7/31/2025,126,33817.56,17418.15,16399.41,0.484937707,626.2511111,706.6851852,1.308664149,2.305612631,1302,24.11111111,15.12663085,36,0.666666667,39,54,33817.56,4,4,4,444,33817.56,45653.706,184,1.217,2,29.7296,41.8098,0.0373,176.9453,69371.0604,295.196,671.806,0.5362,166,0.902173913,0.5362,1.217,1.406335773,Platinum,5
CUST232,17780.44,153.2797,162.4851,116,102.11,2.17,999.28,11386.98,98.1636,112.4824,62.33,2730,23.5345,61.3237,10.0,1,600,39.5806,85.0763,0.0286,349.0,8.1745,27.4048,63.1804,5.15,38,47,1/5/2022,5/23/2025,116,17780.44,11386.98,6393.46,0.359578278,467.9063158,71.84210526,2.149444425,2.605693769,1234,32.47368421,11.23076923,47,1.236842105,108,38,17780.44,3,4,4,344,17780.44,6198.685505,162,1.2394,2,39.5623,90.9752,0.0286,449.7955,5283.0159,24.8029,65.7791,0.5446,154,0.950617284,0.5446,1.2394,2.299542747,Platinum,5
CUST233,209847.86,116.9721,191.3743,1794,50.34,0.21,1840.23,136312.14,75.9822,127.2063,29.95,35602,19.845,69.8727,6.0,1,1500,21.166,50.2192,0.025,679.0,8.99,14.9578,40.4638,5.83,465,267,1/5/2022,9/8/2025,1794,209847.86,136312.14,73535.72,0.350423969,451.2857204,76.56344086,2.372635359,3.520922147,1342,2.886021505,126.377513,267,0.574193548,0,465,209847.86,5,5,5,555,209847.86,97579254.9,2603,1.2251,2,23.9789,58.2782,0.025,1006.8202,65611.008,19.5329,67.5607,0.5341,2312,0.888205916,0.5341,1.2251,2.430395056,Gold,3
CUST234,85512.67,577.7883,859.9325,148,443.72,11.87,6441.74,47926.38,323.8269,507.9228,262.535,34447,232.75,342.1716,150.0,1,2325,14.1713,26.7258,0.7355,98.195,2.6094,8.5572,19.221,1.3863,87,11,1/6/2022,2/5/2025,148,85512.67,47926.38,37586.29,0.439540597,982.9042529,395.9425287,1.885910255,1.470125027,1126,12.94252874,28.17657498,11,0.126436782,215,87,85512.67,3,5,5,355,85512.67,34442.60319,203,1.188,2,15.8386,28.5884,0.7355,108.6873,54246.069,216.9843,337.2158,0.592,184,0.906403941,0.592,1.188,1.804982764,Platinum,5
CUST235,112290.37,379.3594,1103.5747,296,79.295,9.05,5184.0,65381.83,220.8846,692.4249,40.19,103937,351.1385,1417.707,50.0,1,12960,16.9923,40.534,0.5418,243.6333,2.1484,8.3687,18.7171,1.0346,56,48,2/10/2022,9/4/2025,296,112290.37,65381.83,46908.54,0.417743213,2005.185179,1856.017857,2.385433402,4.037458154,1302,23.25,15.68687644,48,0.857142857,4,56,112290.37,5,4,5,545,112290.37,1257652.144,441,1.2181,2,19.8074,48.4645,0.5418,342.7968,260069.7795,461.1166,1603.4061,0.5248,373,0.845804989,0.5248,1.2181,2.446787564,Platinum,5
CUST236,2008.87,54.2938,41.7936,37,35.1,22.01,177.78,1082.78,29.2643,22.3697,17.11,909,24.5676,9.2061,25.0,12,50,13.7727,23.6415,0.9332,132.89,1.8668,7.7851,13.0132,1.0076,17,14,1/25/2022,5/23/2024,37,2008.87,1082.78,926.09,0.461000463,118.1688235,53.47058824,1.716547954,0.374725248,849,49.94117647,7.3,14,0.823529412,473,17,2008.87,2,3,2,232,2008.87,72.04808017,54,1.194,2,16.8386,24.9655,0.9332,141.0864,1615.5784,24.1131,8.418,0.5522,45,0.833333333,0.5522,1.194,1.482635136,Platinum,5
CUST237,1431.02,49.3455,46.0328,29,24.17,1.4,165.72,846.96,29.2055,28.2159,12.27,967,33.3448,39.8876,12.0,1,100,8.8183,8.3339,0.014,24.17,7.715,4.5155,3.817,5.69,18,16,1/3/2022,7/26/2023,29,1431.02,846.96,584.06,0.408142444,79.50111111,53.72222222,0.945068777,1.196216502,569,31.61111111,11.52631579,16,0.888888889,775,18,1431.02,2,3,2,232,1431.02,33.19376289,40,1.2157,2,9.4204,8.5531,0.014,27.447,1607.7459,31.5244,38.4638,0.5686,36,0.9,0.5686,1.2157,0.907933846,Diamond,4
CUST238,89626.3,79.8808,149.1753,1122,27.22,0.45,1785.0,50609.43,45.1064,79.2779,16.83,252833,225.3414,477.3903,100.0,1,7000,5.6217,17.5342,0.0048,254.72,0.255,3.4967,11.5215,0.1583,185,186,1/26/2023,9/4/2025,1122,89626.3,50609.43,39016.87,0.435328358,484.4664865,1366.664865,3.119020937,2.118520165,952,5.145945946,70.85519412,186,1.005405405,4,185,89626.3,5,5,5,555,89626.3,3316173.1,1646,1.225,2,6.2925,19.445,0.0048,292.7194,495639.8479,233.3521,496.1958,0.5282,1443,0.876670717,0.5282,1.225,3.09018673,Gold,3
CUST239,75138.42,72.8792,132.824,1031,25.44,0.3,1350.0,49998.26,48.4949,97.1266,13.68,63887,61.9661,144.3182,25.0,1,2000,13.1816,47.3947,0.0165,409.77,1.355,9.4166,37.674,0.8208,371,314,1/5/2022,5/22/2025,1031,75138.42,49998.26,25140.16,0.334584624,202.529434,172.2021563,3.595519512,2.328986333,1233,3.323450135,109.7366288,314,0.846361186,109,371,75138.42,3,5,5,355,75138.42,253421.3984,1496,1.2184,2,13.8663,51.3306,0.0165,492.4345,131792.5258,68.8571,167.4341,0.5387,1322,0.88368984,0.5387,1.2184,3.701823846,Gold,3
CUST240,182985.82,219.1447,435.1633,835,75.84,0.1,5145.96,118941.15,142.4445,316.6448,40.66,297530,356.3234,2294.9162,50.0,1,50000,27.8053,100.4855,0.0002,2044.93,1.65,18.6309,70.1434,0.8966,273,325,1/4/2022,8/27/2024,835,182985.82,118941.15,64044.67,0.349997994,670.2777289,1089.85348,3.613897351,6.440543057,966,3.538461538,103.0455016,325,1.19047619,377,273,182985.82,2,5,5,255,182985.82,132156.4256,1234,1.219,2,28.7473,91.6383,0.0002,2044.93,615798.2937,389.7458,2696.3047,0.5285,1055,0.854943274,0.5285,1.219,3.187718499,Gold,3
CUST241,70671.33,198.515,181.2587,356,176.77,14.4,1993.5,42730.48,120.0294,97.105,108.45,137108,385.1348,720.2568,100.0,1,5000,13.0748,28.4651,0.0144,180.71,3.2012,8.4445,18.6477,2.0087,144,23,2/9/2022,8/12/2025,356,70671.33,42730.48,27940.85,0.395363297,490.773125,952.1388889,2.177096399,1.870142091,1280,8.888888889,41.03044496,23,0.159722222,27,144,70671.33,4,5,5,455,70671.33,363452.5543,512,1.2347,2,13.9747,31.7882,0.0144,262.4288,244575.184,365.5832,704.8813,0.5321,473,0.923828125,0.5321,1.2347,2.274696416,Platinum,5
CUST242,1082.84,98.44,50.634,11,101.53,34.11,205.76,642.31,58.3918,37.2275,59.9,27,2.4545,2.6968,1.0,1,10,70.3878,39.8696,29.1833,129.6,51.75,41.19,27.2215,25.09,6,5,6/22/2022,4/23/2024,11,1082.84,642.31,440.53,0.40682834,180.4733333,4.5,0.566427705,1.098716643,671,111.8333333,3.258928571,5,0.833333333,503,6,1082.84,2,2,2,222,1082.84,12.89095238,14,1.1765,2,84.2207,45.1367,29.1833,148.5239,35.0971,2.0645,2.2467,0.6471,14,1.0,0.6471,1.1765,0.535933565,Diamond,4
CUST243,32306.41,81.996,270.903,394,18.55,0.38,3258.37,23027.16,58.4446,207.3947,10.1,15245,38.6929,54.0693,12.0,1,550,18.3796,66.4715,0.0046,999.0,1.44,13.5467,55.7316,0.742,71,233,1/19/2022,8/25/2025,394,32306.41,23027.16,9279.25,0.287226281,455.0198592,214.7183099,3.616591221,1.397395905,1314,18.50704225,19.70722433,233,3.281690141,14,71,32306.41,4,4,4,444,32306.41,152917.0073,544,1.2116,2,16.4655,58.4708,0.0046,999.0,28092.4382,40.7137,53.3452,0.571,488,0.897058824,0.571,1.2116,3.551109896,Gold,3
CUST244,464756.39,146.5646,147.4867,3171,106.32,1.28,1839.74,326696.65,103.0264,102.3806,72.25,144396,45.5364,129.7523,24.0,1,3000,14.9247,78.7927,0.4026,1243.88,4.3362,10.2625,53.46,2.84,297,121,1/3/2022,9/5/2025,3171,464756.39,326696.65,138059.74,0.297058293,1564.83633,486.1818182,5.279348999,2.849419366,1341,4.515151515,80.77868852,121,0.407407407,3,297,464756.39,5,5,5,555,464756.39,34508161.96,4641,1.2224,2,17.6701,97.3036,0.4026,1802.6492,279433.1928,46.8219,143.5232,0.5313,4074,0.877828054,0.5313,1.2224,5.506680777,Gold,3
CUST245,1876.5,43.6395,77.8358,43,10.57,0.19,399.0,1208.24,28.0986,59.6357,5.58,2429,56.4884,49.056,50.0,1,200,23.7713,69.806,0.0153,399.0,0.1396,16.6116,56.5675,0.0682,2,27,4/4/2022,10/3/2022,43,1876.5,1208.24,668.26,0.356120437,938.25,1214.5,2.936566364,0.868426084,182,91.0,3.989071038,27,13.5,1071,2,1876.5,1,1,2,112,1876.5,3.500932836,62,1.1733,2,23.5198,61.3671,0.0153,399.0,4304.8863,57.3985,51.1206,0.5733,52,0.838709677,0.5733,1.1733,2.609167595,Diamond,4
CUST246,248914.39,393.2297,637.2475,633,202.58,2.88,6921.0,180233.97,284.7298,510.0603,134.06,310048,489.8073,1892.5401,12.0,1,15000,46.9579,95.3983,0.24,1419.25,20.435,33.1348,65.2603,13.2143,53,135,1/4/2022,7/11/2024,633,248914.39,180233.97,68680.42,0.275919845,4696.497925,5849.962264,2.031570833,3.863846251,919,17.33962264,21.02717391,135,2.547169811,424,53,248914.39,2,4,5,245,248914.39,31041.08864,900,1.2255,2,46.2892,88.9883,0.24,1419.25,605271.2338,520.8875,1940.9378,0.5448,819,0.91,0.5448,1.2255,1.922441952,Platinum,5
CUST247,65014.9,225.7462,256.4886,288,142.56,5.07,1916.57,44760.45,155.4182,172.2406,96.98,34457,119.6424,480.1229,12.0,1,4800,37.7891,38.0409,1.014,247.5,24.435,26.5306,26.8084,16.8665,16,57,5/12/2022,3/16/2023,288,65014.9,44760.45,20254.45,0.31153551,4063.43125,2153.5625,1.006663297,4.012982856,308,19.25,18.89967638,57,3.5625,907,16,65014.9,1,3,5,135,65014.9,1145.637004,391,1.2303,2,39.5941,39.7573,1.014,269.4604,57019.4385,112.243,475.6663,0.5669,374,0.956521739,0.5669,1.2303,1.004121826,Diamond,4
CUST248,189616.32,743.5934,2301.8461,255,84.22,0.64,19778.4,131393.1,515.2671,1614.8915,43.19,38072,149.302,334.6041,72.0,1,4000,37.2045,74.8036,0.0254,499.0,1.1669,27.921,58.3346,0.6259,70,142,1/3/2022,7/2/2025,255,189616.32,131393.1,58223.22,0.307058063,2708.804571,543.8857143,2.010606244,2.241122691,1276,18.22857143,20.00783085,142,2.028571429,68,70,189616.32,4,4,5,445,189616.32,192364.3826,384,1.2211,2,42.0237,79.2472,0.0254,670.104,77906.3514,158.0251,339.6179,0.5172,324,0.84375,0.5172,1.2211,1.88577398,Platinum,5
CUST249,171709.85,396.5585,916.8296,433,47.2,0.38,7658.55,119528.7,276.0478,638.6771,22.41,81481,188.1778,299.4498,100.0,1,2000,7.2434,13.5177,0.0069,91.5725,3.2,4.6249,8.0994,2.12,104,169,1/4/2022,12/18/2024,433,171709.85,119528.7,52181.15,0.303891419,1651.05625,783.4711538,1.866209239,1.591313109,1079,10.375,35.14814815,169,1.625,264,104,171709.85,3,5,5,355,171709.85,67388.0166,628,1.2266,2,7.7317,14.6497,0.0069,123.7048,151652.6553,186.7644,292.4669,0.5333,558,0.888535032,0.5333,1.2266,1.894757945,Platinum,5
CUST25,35162.9,73.1037,116.2733,481,28.92,0.01,1067.18,23242.62,48.3215,90.0647,17.61,47454,98.657,242.725,11.0,1,2621,15.4231,51.4051,0.0002,872.96,4.6767,10.4688,36.395,2.6867,50,238,1/3/2022,8/15/2025,481,35162.9,23242.62,11920.28,0.339001618,703.258,949.08,3.332994015,2.460291718,1320,26.4,13.81529145,238,4.76,24,50,35162.9,4,4,4,444,35162.9,70325.8,680,1.2299,2,14.6709,52.3744,0.0002,928.2698,85035.9694,96.3035,228.1601,0.5447,620,0.911764706,0.5447,1.2299,3.5699514,Gold,3
CUST250,76999.02,177.4171,152.1134,434,147.05,6.93,2200.0,49124.99,113.1912,85.8979,100.0,134845,310.7028,899.5694,140.0,1,7000,70.3502,63.4566,0.4,264.16,86.949,47.1502,44.4549,50.2868,186,25,1/6/2022,9/3/2025,434,76999.02,49124.99,27874.03,0.362004997,413.9732258,724.9731183,0.902010229,2.89527291,1336,7.182795699,50.77786088,25,0.134408602,5,186,76999.02,5,5,5,555,76999.02,2386969.62,641,1.2221,2,77.3433,70.6176,0.4,378.132,297811.1871,361.4213,1104.0227,0.5267,554,0.864274571,0.5267,1.2221,0.913040949,Platinum,5
CUST251,4239.33,141.311,92.3558,30,143.36,16.64,395.31,2151.59,71.7197,44.1891,71.545,197,6.5667,11.4521,3.0,1,48,42.8412,20.3371,8.5683,70.3933,49.2717,22.0426,10.5573,25.05,6,10,6/29/2022,7/1/2025,30,4239.33,2151.59,2087.74,0.492469329,706.555,32.83333333,0.474708925,1.743965767,1098,183.0,1.992720655,10,1.666666667,69,6,4239.33,4,2,3,423,4239.33,363.3711429,45,1.25,2,48.1174,23.7065,8.5683,104.5557,304.1179,5.0686,8.2472,0.5,38,0.844444444,0.5,1.25,0.492680403,Platinum,5
CUST252,712047.53,650.2717,1567.4851,1095,61.22,0.64,25205.81,500997.85,457.5323,1131.3833,37.54,665619,607.8712,1439.6656,100.0,1,10000,55.3077,206.8873,0.0087,5692.81,0.3475,41.607,163.7282,0.215,549,257,1/5/2022,9/3/2025,1095,712047.53,500997.85,211049.68,0.296398304,1296.990036,1212.420765,3.74065998,2.368372774,1337,2.435336976,149.764574,257,0.468123862,5,549,712047.53,5,5,5,555,712047.53,65152349.0,1560,1.2231,2,54.9652,176.8457,0.0087,5692.81,1254861.249,624.9309,1478.6886,0.5453,1395,0.894230769,0.5453,1.2231,3.217412108,Gold,3
CUST253,3456.14,230.4093,376.7354,15,176.04,13.83,1561.03,1989.53,132.6353,254.3941,76.39,71,4.7333,6.4417,2.0,1,24,88.3359,66.5465,4.1108,292.51,95.905,41.8636,20.8309,43.3621,11,8,1/19/2022,4/5/2024,15,3456.14,1989.53,1466.61,0.424349129,314.1945455,6.454545455,0.753334714,1.360932119,807,73.36363636,4.969059406,8,0.727272727,521,11,3456.14,2,3,3,233,3456.14,72.8305364,21,1.125,2,87.234,57.3045,4.1108,292.51,136.7897,5.6996,8.044,0.625,17,0.80952381,0.625,1.125,0.656905564,Platinum,5
CUST254,16029.1,172.3559,191.3629,93,86.13,7.03,713.8,8229.16,88.4856,90.5815,49.88,2096,22.5376,35.6689,6.0,1,197,36.3416,42.1033,0.1752,178.45,10.68,18.5923,20.2157,4.34,80,29,1/12/2022,8/29/2025,93,16029.1,8229.16,7799.94,0.486611226,200.36375,26.2,1.158542827,1.582639678,1325,16.5625,22.02111614,29,0.3625,10,80,16029.1,5,5,4,554,16029.1,116575.2727,131,1.2384,2,36.1476,43.7746,0.1752,239.3656,3799.4104,22.0896,32.8582,0.5407,122,0.93129771,0.5407,1.2384,1.210996027,Platinum,5
CUST255,84231.94,110.9775,112.1994,759,77.08,1.98,710.7,33323.62,43.9046,46.9949,28.53,153935,202.8129,289.4742,100.0,1,2000,5.061,23.0043,0.0307,565.33,0.6335,2.7323,17.8048,0.203,143,106,1/10/2022,8/27/2025,759,84231.94,33323.62,50908.32,0.604382613,589.0345455,1076.468531,4.545406046,1.427296784,1325,9.265734266,39.3627451,106,0.741258741,12,143,84231.94,5,5,5,555,84231.94,926551.34,1096,1.2132,2,5.8782,29.956,0.0307,625.2902,283064.1648,203.2047,289.6367,0.5449,969,0.884124088,0.5449,1.2132,5.096117859,Platinum,5
CUST256,22159.82,154.9638,310.1569,143,50.9,0.05,2239.44,12468.2,87.1902,170.9774,28.4,55669,389.2937,1243.9912,17.0,1,9200,42.9308,168.1873,0.0225,1718.56,1.8826,27.3141,102.7874,0.92,74,115,1/6/2022,1/25/2024,143,22159.82,12468.2,9691.62,0.437351025,299.457027,752.2837838,3.917637221,3.195508173,749,10.12162162,36.01333333,115,1.554054054,592,74,22159.82,2,4,4,244,22159.82,2765.306374,192,1.1967,2,41.266,197.2274,0.0225,2272.7632,108110.5317,452.3453,1348.6252,0.5983,182,0.947916667,0.5983,1.1967,4.779416469,Platinum,5
CUST257,7027.23,702.723,231.6526,10,741.53,281.78,1201.27,4252.15,425.215,130.3087,433.75,500,50.0,14.6135,50.0,19,81,14.0545,1.6362,10.95,14.8306,14.8306,8.495,0.4246,8.675,2,1,1/11/2022,2/15/2023,10,7027.23,4252.15,2775.08,0.394903824,3513.615,250.0,0.116418229,0.29227,400,200.0,1.820448878,1,0.5,936,2,7027.23,1,1,3,113,7027.23,14.99942369,16,1.2727,2,14.7948,1.9117,10.95,17.2446,985.2548,44.7843,13.6327,0.4545,13,0.8125,0.4545,1.2727,0.129214319,Diamond,4
CUST258,458135.04,3418.9182,2794.4241,134,2024.06,220.96,9497.64,364247.29,2718.2634,2419.9263,1429.58,49116,366.5373,184.6527,375.0,42,908,12.059,14.8366,1.36,72.4313,7.446,8.7598,8.3933,5.9301,63,10,1/3/2022,9/4/2025,134,458135.04,364247.29,93887.75,0.204934663,7271.984762,779.6190476,1.23033419,0.503776014,1340,21.26984127,17.14765101,10,0.158730159,4,63,458135.04,5,4,5,545,458135.04,5772501.504,191,1.214,2,12.3353,14.5835,1.36,79.9561,88001.4291,362.1458,184.783,0.5514,168,0.879581152,0.5514,1.214,1.182257424,Platinum,5
CUST259,3502.97,583.8283,285.4884,6,479.635,411.6,1147.0,2505.8,417.6333,230.9358,336.5,370,61.6667,19.4079,55.0,50,100,9.3076,2.2441,6.86,11.47,9.5927,6.5918,1.9562,6.3845,3,2,1/6/2022,1/3/2025,6,3502.97,2505.8,997.17,0.284664156,1167.656667,123.3333333,0.241104044,0.314722533,1093,364.3333333,1.000914077,2,0.666666667,248,3,3502.97,3,1,3,313,3502.97,42.20445783,9,1.3077,2,10.3227,2.7809,6.86,16.3517,765.7389,58.903,18.5954,0.4615,9,1.0,0.4615,1.3077,0.269396573,Platinum,5
CUST26,71909.8,104.5201,105.8789,688,76.89,0.45,603.0,41381.28,60.1472,62.9469,46.49,16859,24.5044,25.4707,24.0,1,150,27.4079,48.9067,0.3433,486.64,3.6137,15.8093,29.1071,2.15,156,72,1/4/2022,8/27/2025,688,71909.8,41381.28,30528.52,0.424539075,460.9602564,108.0705128,1.784401578,1.039433734,1331,8.532051282,42.74774775,72,0.461538462,12,156,71909.8,5,5,5,555,71909.8,862917.6,1008,1.215,2,27.9105,50.0831,0.3433,555.2487,30705.3836,23.9139,24.5591,0.5358,878,0.871031746,0.5358,1.215,1.794417871,Platinum,5
CUST260,179718.22,96.9877,150.0119,1853,52.73,1.85,2809.66,113321.69,61.1558,73.3162,35.69,856061,461.9865,1525.6808,3.0,1,12000,62.2282,63.5225,0.0448,321.74,40.73,41.6845,42.324,27.04,402,93,1/4/2022,9/4/2025,1853,179718.22,113321.69,66396.53,0.369447961,447.0602488,2129.504975,1.020799252,3.302435894,1339,3.330845771,109.5,93,0.231343284,4,402,179718.22,5,5,5,555,179718.22,14449344.89,2643,1.2217,2,68.6741,71.0549,0.0448,467.8082,1524413.577,448.885,1481.7402,0.5456,2409,0.911464245,0.5456,1.2217,1.034668092,Platinum,5
CUST261,871.99,145.3317,219.7989,6,69.105,29.74,591.91,560.85,93.475,143.5541,44.765,179,29.8333,50.5744,1.0,1,125,48.653,27.8044,11.8382,80.27,48.415,30.5917,18.3498,29.73,6,6,1/5/2022,12/12/2022,6,871.99,560.85,311.14,0.356816019,145.3316667,29.83333333,0.571483773,1.695233179,341,56.83333333,6.403508772,6,1.0,1001,6,871.99,1,2,2,122,871.99,5.221497006,6,1.1429,2,46.9404,25.7832,11.8382,80.27,180.0,25.7143,47.4367,0.8571,7,1.166666667,0.8571,1.1429,0.549275251,Diamond,4
CUST262,5977.06,112.7747,103.1181,53,99.25,39.88,591.91,3740.22,70.5702,68.8559,63.84,732,13.8113,7.857,12.0,2,50,8.5879,8.2832,3.3233,65.505,8.2708,5.4539,6.2239,5.32,16,9,1/13/2022,1/10/2023,53,5977.06,3740.22,2236.84,0.374237501,373.56625,45.75,0.964519848,0.568882002,362,22.625,16.08815427,9,0.5625,972,16,5977.06,1,3,3,133,5977.06,98.28670092,80,1.2,2,8.4051,6.2684,3.3233,65.505,1352.8234,13.5282,7.0353,0.53,68,0.85,0.53,1.2,0.745785297,Diamond,4
CUST263,4682.15,53.2062,55.032,88,46.2,1.46,442.76,3420.86,38.8734,45.7159,29.595,2611,29.6705,193.6387,2.0,1,1799,31.6915,17.713,1.46,73.8344,32.27,22.7281,13.7667,21.05,19,20,1/11/2022,5/13/2025,88,4682.15,3420.86,1261.29,0.269382655,246.4289474,137.4210526,0.558919584,6.526303905,1218,64.10526316,5.689089418,20,1.052631579,118,19,4682.15,3,3,3,333,4682.15,747.5701681,119,1.2067,2,33.3322,18.2168,1.46,82.3821,4472.0929,29.814,195.1496,0.5867,109,0.915966387,0.5867,1.2067,0.546522582,Platinum,5
CUST264,1854.72,463.68,424.4005,4,433.99,38.62,948.12,1041.24,260.31,219.7708,279.125,116,29.0,24.9132,32.5,1,50,20.9028,12.1506,12.3847,38.62,16.3033,12.86,8.4323,8.95,4,2,2/17/2022,1/8/2024,4,1854.72,1041.24,813.48,0.438599896,463.68,29.0,0.581290545,0.859075862,690,172.5,2.112879884,2,0.5,609,4,1854.72,2,2,2,222,1854.72,12.16209836,6,1.25,2,19.5192,8.7533,12.3847,38.62,246.6488,30.8311,21.1045,0.5,5,0.833333333,0.5,1.25,0.448445633,Diamond,4
CUST265,2448.5,612.125,25.75,4,625.0,573.5,625.0,1715.0,428.75,17.5,437.5,200,50.0,0.0,50.0,50,50,12.2425,0.515,11.47,12.5,12.5,8.575,0.35,8.75,4,1,11/3/2022,1/6/2023,4,2448.5,1715.0,733.5,0.299571166,612.125,50.0,0.042066571,0.0,64,16.0,22.46153846,1,0.25,976,4,2448.5,1,2,2,122,2448.5,10.02456499,5,1.2857,2,13.0203,1.8882,11.47,17.2127,361.2258,51.6037,2.7388,0.5714,5,1.0,0.5714,1.2857,0.1450197,Diamond,4
CUST266,5401.5,1080.3,407.9271,5,1147.0,401.45,1483.05,3701.75,740.35,261.7931,860.0,435,87.0,29.0689,100.0,35,100,12.2941,1.5657,10.95,14.8305,11.47,8.45,0.5755,8.6,4,1,1/4/2022,11/14/2024,5,5401.5,3701.75,1699.75,0.314681107,1350.375,108.75,0.127353771,0.334125287,1045,261.25,1.395793499,1,0.25,298,4,5401.5,3,2,3,323,5401.5,72.26086957,7,1.125,2,14.0118,3.4097,10.95,20.7986,730.2504,91.2813,22.8677,0.625,6,0.857142857,0.625,1.125,0.243344895,Platinum,5
CUST267,4475.62,745.9367,941.8072,6,405.305,28.24,2613.12,2869.18,478.1967,467.2879,377.94,169,28.1667,36.9887,15.5,2,100,35.2638,27.1666,12.65,82.16,24.8556,29.5669,28.4066,15.3356,5,6,2/9/2022,2/13/2024,6,4475.62,2869.18,1606.44,0.358931277,895.124,33.8,0.770382092,1.31320673,734,146.8,2.482993197,6,1.2,573,5,4475.62,2,2,3,223,4475.62,38.98623693,11,1.2667,2,35.2354,28.2002,12.65,115.2149,827.7053,55.1804,50.9759,0.4,7,0.636363636,0.4,1.2667,0.800337161,Diamond,4
CUST268,252391.05,444.3504,890.816,568,70.595,0.35,12712.0,153634.72,270.4837,501.4368,36.39,444385,782.368,1684.5188,150.0,1,16558,6.5822,25.4649,0.0044,263.64,0.3009,4.5441,17.9632,0.1336,179,124,1/4/2022,9/8/2025,568,252391.05,153634.72,98756.33,0.391283011,1410.005866,2482.597765,3.868752089,2.153102888,1343,7.502793296,48.61235119,124,0.69273743,0,179,252391.05,5,5,5,555,252391.05,45177997.95,812,1.2078,2,8.2553,30.5483,0.0044,279.9578,913795.7201,891.508,1855.3973,0.5541,721,0.887931034,0.5541,1.2078,3.700446986,Platinum,5
CUST269,5840706.3,1914.9857,6359.071,3050,525.82,1.14,181287.5,4424483.18,1450.6502,4928.7462,371.51,232359,76.1833,262.5779,25.0,1,8856,62.6247,155.9497,0.0162,5101.72,13.9233,47.7413,113.0755,9.68,698,382,1/3/2022,9/8/2025,3050,5840706.3,4424483.18,1416223.12,0.242474634,8367.774069,332.8925501,2.4902267,3.44665957,1344,1.925501433,189.4200743,382,0.547277937,0,698,5840706.3,5,5,5,555,5840706.3,4076812997.0,4434,1.2149,2,67.3189,172.4262,0.0162,6264.306,395281.5732,69.9861,206.3382,0.54,3912,0.882273342,0.54,1.2149,2.561334187,Gold,3
CUST27,1377519.04,142.6446,253.9425,9657,93.93,0.38,7689.6,1077974.9,111.6263,195.6979,71.8,50179584,5196.1876,37558.7565,9.0,1,480000,21.1886,45.7484,0.0007,1179.41,5.89,17.2864,38.273,5.82,1159,329,1/4/2022,9/8/2025,9657,1377519.04,1077974.9,299544.14,0.217451905,1188.541018,43295.58585,2.159104424,7.228137125,1343,1.15875755,314.7581845,329,0.283865401,0,1159,1377519.04,5,5,5,555,1377519.04,1596544567.0,13984,1.2199,2,22.768,48.9318,0.0007,1217.4591,96192398.78,5366.0827,38331.0844,0.5387,12382,0.885440503,0.5387,1.2199,2.149147927,Gold,3
CUST270,93456.37,479.2634,754.4355,195,250.65,0.04,6589.95,75250.32,385.8991,597.2063,193.3,30290,155.3333,335.4575,48.0,1,2000,41.538,94.5768,0.007,334.0,5.4526,35.1417,81.8263,4.49,99,51,1/11/2022,6/19/2025,195,93456.37,75250.32,18206.05,0.194808016,944.0037374,305.959596,2.276874187,2.159598103,1255,12.67676768,28.76990446,51,0.515151515,81,99,93456.37,4,5,5,455,93456.37,112831.4711,282,1.2034,2,43.9085,103.2521,0.007,494.8071,66408.6152,187.595,403.4813,0.5508,239,0.84751773,0.5508,1.2034,2.351528747,Platinum,5
CUST271,82966.1,485.1819,815.806,171,201.6,0.16,6167.77,87237.69,510.1619,856.6772,188.19,135131,790.2398,1811.6524,200.0,1,11900,10.1279,35.3972,0.0048,321.9,1.8326,10.3871,33.9538,1.9208,94,56,2/8/2022,8/28/2025,171,82966.1,87237.69,-4271.59,-0.051485968,882.6180851,1437.56383,3.495018711,2.292535,1297,13.79787234,26.43297381,56,0.595744681,11,94,82966.1,5,5,5,555,82966.1,649901.1167,245,1.2271,2,9.4485,33.3437,0.0048,321.9,245465.4567,774.339,1797.1686,0.5394,219,0.893877551,0.5394,1.2271,3.52899402,Platinum,5
CUST272,42.14,21.07,15.4149,2,21.07,10.17,31.97,37.95,18.975,13.8946,18.975,33,16.5,21.9203,16.5,1,32,5.5845,6.4848,0.9991,10.17,5.5845,5.025,5.8336,5.025,2,2,12/15/2023,1/15/2024,2,42.14,37.95,4.19,0.09943047,21.07,16.5,1.161214075,1.32850303,31,15.5,22.8125,2,1.0,602,2,42.14,2,1,1,211,42.14,0.139767828,2,1.0,1,5.5845,6.4848,0.9991,10.17,33.0,16.5,21.9203,1.0,2,1.0,1.0,1.0,1.161214075,Diamond,4
CUST273,35959.32,114.1566,239.4051,315,31.0,0.2,1980.9,18227.93,57.8664,132.0778,11.57,36302,115.2444,376.1112,50.0,1,4000,12.4206,38.3113,0.02,349.0,0.79,7.5184,26.4842,0.2764,171,122,1/5/2022,8/13/2025,315,35959.32,18227.93,17731.39,0.493095809,210.2884211,212.2923977,3.084496723,3.263596322,1316,7.695906433,47.39179954,122,0.713450292,26,171,35959.32,4,5,4,454,35959.32,227742.36,462,1.1951,2,13.7717,42.3005,0.02,433.8639,64396.2932,112.1887,349.9215,0.5488,396,0.857142857,0.5488,1.1951,3.071552532,Platinum,5
CUST274,21.67,10.835,0.2333,2,10.835,10.67,11.0,18.75,9.375,0.3182,9.375,3,1.5,0.7071,1.5,1,2,8.1675,4.0058,5.335,11.0,8.1675,6.975,3.0759,6.975,2,2,1/31/2023,1/17/2024,2,21.67,18.75,2.92,0.1347485,10.835,1.5,0.490456076,0.4714,351,175.5,2.073863636,2,1.0,600,2,21.67,2,1,1,211,21.67,0.072113145,3,1.25,2,10.4346,3.4937,5.335,12.7863,4.8629,1.2157,0.5238,0.5,2,0.666666667,0.5,1.25,0.334818776,Diamond,4
CUST275,53973.26,66.8814,52.0842,807,52.25,2.68,544.51,37157.97,46.0446,36.951,33.49,3364,4.1685,11.3288,1.0,1,200,53.0599,35.8964,0.0336,148.27,50.45,36.2994,24.6511,26.7,212,52,11/15/2023,9/8/2025,807,53973.26,37157.97,16815.29,0.311548533,254.5908491,15.86792453,0.676525964,2.717716205,663,3.127358491,116.5361446,52,0.245283019,0,212,53973.26,5,5,4,554,53973.26,11442331.12,1186,1.2166,2,56.3518,38.4079,0.0336,220.026,6332.2531,4.1825,11.6759,0.533,1030,0.86846543,0.533,1.2166,0.681573614,Platinum,5
CUST276,10.17,10.17,0.0,1,10.17,10.17,10.17,9.15,9.15,0.0,9.15,1,1.0,0.0,1.0,1,1,10.17,0.0,10.17,10.17,10.17,9.15,0.0,9.15,1,1,1/24/2024,1/24/2024,1,10.17,9.15,1.02,0.100294985,10.17,1.0,0.0,0.0,0,0.0,365.0,1,1.0,593,1,10.17,2,1,1,211,10.17,0.017121212,1,1.0,1,10.17,0.0,10.17,10.17,1.0,1.0,0.0,1.0,1,1.0,1.0,1.0,0.0,Diamond,4
CUST277,6093.44,190.42,161.8158,32,141.0,6.93,637.5,1545.81,48.3066,78.9431,29.115,63350,1979.6875,2049.6994,1000.0,50,6100,0.5762,2.2481,0.06,12.75,0.08,0.3649,1.6206,0.0223,19,4,4/7/2022,5/27/2025,32,6093.44,1545.81,4547.63,0.74631571,320.7073684,3334.210526,3.901596668,1.035365127,1146,60.31578947,6.046207498,4,0.210526316,104,19,6093.44,3,3,3,333,6093.44,1102.622476,41,1.2545,2,0.8962,3.0275,0.06,13.6753,114599.1679,2083.6212,2080.2714,0.5818,44,1.073170732,0.5818,1.2545,3.378152198,Platinum,5
CUST278,10.32,10.32,0.0,1,10.32,10.32,10.32,9.15,9.15,0.0,9.15,1,1.0,0.0,1.0,1,1,10.32,0.0,10.32,10.32,10.32,9.15,0.0,9.15,1,1,2/11/2025,2/11/2025,1,10.32,9.15,1.17,0.113372093,10.32,1.0,0.0,0.0,0,0.0,365.0,1,1.0,209,1,10.32,3,1,1,311,10.32,0.049142857,1,1.0,1,10.32,0.0,10.32,10.32,1.0,1.0,0.0,1.0,1,1.0,1.0,1.0,0.0,Diamond,4
CUST279,137684.33,121.7368,134.89,1131,69.86,5.86,1117.78,95405.16,84.3547,91.2765,49.02,6214,5.4943,28.4174,2.0,1,500,54.5491,49.6186,0.7321,240.0,41.3475,37.6595,29.8657,31.28,294,106,1/28/2025,9/5/2025,1131,137684.33,95405.16,42279.17,0.307073216,468.3140476,21.13605442,0.909613541,5.172160239,220,0.74829932,485.5656109,106,0.360544218,3,294,137684.33,5,5,5,555,137684.33,10119798.25,1629,1.2247,2,59.7613,54.7066,0.7321,354.2665,10915.4456,5.1954,25.9162,0.5383,1464,0.898710866,0.5383,1.2247,0.915418507,Diamond,4
CUST28,363097.75,838.5629,1876.0635,433,317.92,1.67,19631.66,239358.76,552.7916,1198.8216,221.72,1381651,3190.8799,5548.6008,750.0,1,33000,64.4281,98.2061,0.0246,431.78,11.75,46.4368,73.2109,7.1,111,72,1/3/2022,3/11/2024,433,363097.75,239358.76,123738.99,0.340786992,3271.150901,12447.30631,1.524274346,1.738893651,798,7.189189189,50.70713392,72,0.648648649,546,111,363097.75,2,5,5,255,363097.75,73681.62751,610,1.1984,2,68.6036,105.6618,0.0246,608.3102,2428227.025,3190.8371,5597.4522,0.569,537,0.880327869,0.569,1.1984,1.54017865,Platinum,5
CUST280,21627.21,675.8503,723.9972,32,570.92,61.07,3728.75,12712.55,397.2672,489.7279,391.09,289,9.0312,5.5735,10.0,1,24,203.0081,647.7098,3.69,3728.75,66.39,131.9721,487.2852,39.46,22,9,1/13/2022,9/4/2025,32,21627.21,12712.55,8914.66,0.412196488,983.055,13.13636364,3.190561362,0.617138365,1330,60.45454545,6.033057851,9,0.409090909,4,22,21627.21,5,4,4,544,21627.21,95159.724,44,1.2414,2,229.8307,720.9513,3.69,4237.418,488.5703,8.4236,5.0328,0.5517,42,0.954545455,0.5517,1.2414,3.136879886,Platinum,5
CUST281,63144.45,187.3723,142.8155,337,142.71,6.9,819.64,34651.74,102.8242,80.5785,73.65,981,2.911,1.7722,2.0,1,12,64.9457,32.5124,5.0,151.16,58.7217,35.043,17.1784,32.44,57,22,1/4/2022,3/27/2025,337,63144.45,34651.74,28492.71,0.451230631,1107.797368,17.21052632,0.50060897,0.608794229,1178,20.66666667,17.64631043,22,0.385964912,165,57,63144.45,3,4,5,345,63144.45,21682.13042,492,1.2103,2,69.1352,34.9594,5.0,201.944,1882.9178,3.0223,1.8522,0.5409,424,0.861788618,0.5409,1.2103,0.505667157,Platinum,5
CUST282,968.21,484.105,513.4939,2,484.105,121.01,847.2,659.5,329.75,348.2501,329.75,121,60.5,84.1457,60.5,1,120,64.035,80.5748,7.06,121.01,64.035,44.15,55.6493,44.15,2,2,11/17/2022,3/13/2023,2,968.21,659.5,308.71,0.318846118,484.105,60.5,1.258293121,1.390838017,116,58.0,6.239316239,2,1.0,910,2,968.21,1,1,2,112,968.21,2.125598244,2,1.3333,2,92.037,74.823,7.06,148.041,122.0,40.6667,68.7047,0.6667,3,1.5,0.6667,1.3333,0.812966524,Diamond,4
CUST283,9472.47,220.29,214.0137,43,168.38,38.4,1200.0,5820.92,135.3702,188.7127,87.54,3112,72.3721,96.7897,4.0,1,336,43.9985,43.5736,0.8,117.53,48.6933,22.6042,21.7087,31.44,34,7,1/10/2022,5/19/2025,43,9472.47,5820.92,3651.55,0.385490796,278.6020588,91.52941176,0.990342853,1.337389685,1225,36.02941176,10.1223491,7,0.205882353,112,34,9472.47,3,4,3,343,9472.47,2850.123717,60,1.2593,2,49.9051,48.9232,0.8,141.7637,6249.9899,77.1604,103.4585,0.5309,58,0.966666667,0.5309,1.2593,0.980324656,Platinum,5
CUST284,8192.36,92.049,106.4938,89,52.5,2.72,629.0,4849.34,54.487,74.3826,28.07,3264,36.6742,108.4559,10.0,1,1000,22.416,67.6275,0.0525,629.0,4.4912,14.6717,56.8075,2.56,37,50,1/3/2022,5/24/2024,89,8192.36,4849.34,3343.02,0.408065564,221.4151351,88.21621622,3.016929872,2.957280595,872,23.56756757,15.4696449,50,1.351351351,472,37,8192.36,2,4,3,243,8192.36,640.84,135,1.1867,2,26.0763,73.6426,0.0525,702.7847,6824.2191,41.1098,146.8823,0.5361,105,0.777777778,0.5361,1.1867,2.824119986,Platinum,5
CUST285,10450.89,248.8307,279.7998,42,144.045,16.93,1310.16,6199.21,147.6002,153.516,85.895,2085,49.6429,197.0045,3.0,1,1250,53.4882,56.8317,0.0417,175.6667,25.3128,33.3554,35.6487,16.66,20,17,3/31/2022,9/20/2024,42,10450.89,6199.21,4251.68,0.406824682,522.5445,104.25,1.062509114,3.968432545,904,45.2,8.066298343,17,0.85,353,20,10450.89,3,3,3,333,10450.89,590.4457627,60,1.2308,2,50.6694,56.4655,0.0417,223.451,4012.0836,51.437,201.4523,0.5385,54,0.9,0.5385,1.2308,1.114390539,Platinum,5
CUST286,11559.84,76.0516,131.3265,152,30.01,0.16,1238.89,8080.62,53.162,112.6238,18.78,4574,30.0921,83.9461,2.0,1,500,54.8015,128.7127,0.0058,1238.89,8.7025,42.1666,112.5744,4.725,80,124,1/5/2022,6/11/2025,152,11559.84,8080.62,3479.22,0.300974754,144.498,57.175,2.348707608,2.789639141,1253,15.6625,23.28548644,124,1.55,89,80,11559.84,4,5,4,454,11559.84,10275.41333,224,1.1884,2,69.8943,186.7009,0.0058,1405.6286,8164.322,29.5809,78.1956,0.5507,180,0.803571429,0.5507,1.1884,2.67118921,Platinum,5
CUST287,23447.99,173.6888,215.6461,135,74.7,2.49,810.14,18183.16,134.6901,174.7549,53.28,1084,8.0296,9.3233,6.0,1,60,33.3637,28.2898,1.242,135.0,12.4514,25.6081,22.6746,8.88,39,22,1/10/2022,11/11/2024,135,23447.99,18183.16,5264.83,0.224532252,601.2305128,27.79487179,0.847921543,1.161116369,1036,26.56410256,13.7270974,22,0.564102564,301,39,23447.99,3,4,4,344,23447.99,3028.051689,195,1.2383,2,37.5532,30.5779,1.242,196.231,2157.8377,8.4291,9.5456,0.5273,177,0.907692308,0.5273,1.2383,0.81425551,Platinum,5
CUST288,47867.71,220.5885,231.8258,217,89.34,3.8,879.34,22456.77,103.4874,109.4283,43.4,1794447,8269.341,15159.3253,2.0,1,49000,59.6226,53.6281,0.1505,282.06,54.3136,28.97,25.9114,25.44,83,17,2/4/2022,9/5/2025,217,47867.71,22456.77,25410.94,0.530857649,576.7193976,21619.84337,0.899459265,1.833196297,1309,15.77108434,23.1259542,17,0.204819277,3,83,47867.71,5,5,4,554,47867.71,993254.9825,313,1.2291,2,65.5443,58.0799,0.1505,375.2163,3789527.487,9333.8115,15657.7457,0.5345,280,0.89456869,0.5345,1.2291,0.886116718,Platinum,5
CUST289,22741.5,186.4057,161.8436,122,137.295,3.71,763.33,10615.0,87.0082,77.8497,59.66,118375,970.2869,2201.8979,12.0,1,8640,86.4384,109.1058,0.0347,381.665,62.245,41.3755,52.5844,29.65,63,17,1/10/2022,9/3/2025,122,22741.5,10615.0,12126.5,0.533232197,360.9761905,1878.968254,1.262237617,2.269326629,1332,21.14285714,17.25056264,17,0.26984127,5,63,22741.5,5,4,4,544,22741.5,238785.75,170,1.213,2,93.0572,117.5108,0.0347,483.4814,239219.3629,1107.4971,2265.3844,0.5648,159,0.935294118,0.5648,1.213,1.262780311,Platinum,5
CUST29,190349.19,137.3371,184.3171,1386,80.47,0.4,2148.02,126767.4098,91.4628,110.1144,59.88,23903275,17246.2302,59416.8239,6.0,1,500000,28.9027,55.4034,0.0004,389.26,7.9781,21.285,39.1244,4.83,530,206,1/7/2022,2/19/2025,1386,190349.19,126767.4098,63581.7802,0.334027059,359.1494151,45100.51887,1.916893577,3.445206472,1139,2.149056604,169.6929825,206,0.388679245,201,530,190349.19,3,5,5,355,190349.19,499431.0431,2042,1.2218,2,31.9474,61.4548,0.0004,569.2592,43446120.34,16557.2105,55674.4442,0.5282,1764,0.863858962,0.5282,1.2218,1.923624458,Gold,3
CUST290,108427.41,1355.3426,1243.3681,80,395.0,39.5,3261.13,49004.66,612.5582,560.3812,199.99,234779,2934.7375,2295.3457,1280.5,11,10000,4.342,28.8329,0.0336,258.82,1.0129,2.0367,13.8058,0.3129,39,3,1/17/2022,9/3/2025,80,108427.41,49004.66,59422.75,0.548041773,2780.19,6019.974359,6.640465223,0.782129816,1325,33.97435897,10.73529412,3,0.076923077,5,39,108427.41,5,4,5,545,108427.41,704778.165,114,1.2245,2,2.9233,21.2836,0.0336,258.82,438310.7455,2981.7058,2266.676,0.5442,105,0.921052632,0.5442,1.2245,7.280675948,Platinum,5
CUST291,364877.9,25.5517,96.892,14280,11.84,0.1,3683.38,183350.86,12.8397,27.1712,6.5,118644,8.3084,50.4121,5.0,1,2400,4.5909,12.9383,0.0056,185.925,3.6067,2.4647,6.3203,2.15,1554,83,1/3/2022,4/18/2023,14280,364877.9,183350.86,181527.04,0.49750078,234.7991634,76.34749035,2.818249145,6.067606278,470,0.302445302,1204.267516,83,0.053410553,874,1554,364877.9,1,5,5,155,364877.9,648023.1504,20674,1.218,2,4.9438,14.0719,0.0056,252.1651,222290.7141,8.408,49.8278,0.5401,18219,0.881251814,0.5401,1.218,2.846373235,Silver,2
CUST292,375189.6,338.6188,469.8798,1108,199.0,0.45,4833.74,272711.4,246.1294,362.4439,138.025,152728,137.8412,1149.4405,5.0,1,30000,112.0298,151.3623,0.009,1012.825,26.75,87.3268,122.3424,17.5635,424,478,1/3/2022,9/8/2025,1108,375189.6,272711.4,102478.2,0.273137102,884.8811321,360.2075472,1.351089621,8.338874734,1344,3.169811321,115.063197,478,1.127358491,0,424,375189.6,5,5,5,555,375189.6,159080390.4,1613,1.2143,2,122.1729,167.0392,0.009,1169.1815,332952.0801,162.1783,1482.3923,0.5397,1410,0.874147551,0.5397,1.2143,1.367236106,Gold,3
CUST293,4489.45,73.5975,84.1322,61,41.26,0.11,429.0,2864.65,46.9615,63.4865,23.52,852,13.9672,26.6589,1.0,1,100,63.0733,87.3392,0.0183,429.0,27.69,41.4231,65.1523,15.9,38,49,1/11/2022,8/28/2024,61,4489.45,2864.65,1624.8,0.361915157,118.1434211,22.42105263,1.384725391,1.908678905,960,25.26315789,14.43288241,49,1.289473684,376,38,4489.45,2,4,3,243,4489.45,452.5175066,84,1.2941,2,68.5001,101.3529,0.0183,492.5415,2071.4525,17.4072,30.11,0.5126,87,1.035714286,0.5126,1.2941,1.47960222,Platinum,5
CUST294,11427.38,75.1801,47.9906,152,63.79,17.07,264.2,6084.69,40.0309,23.5026,33.35,6660,43.8158,28.297,50.0,1,150,7.9467,19.0353,0.6828,95.54,1.275,4.0289,9.317,0.6843,50,20,1/27/2022,5/5/2025,152,11427.38,6084.69,5342.69,0.467534115,228.5476,133.2,2.395371664,0.645817262,1194,23.88,15.27196653,20,0.4,126,50,11427.38,3,4,4,344,11427.38,4498.968504,233,1.2048,2,9.1576,21.632,0.6828,121.9168,12672.9504,43.2524,28.269,0.5188,190,0.815450644,0.5188,1.2048,2.362190967,Platinum,5
CUST295,31146.5,197.1297,176.9203,158,200.945,20.51,720.54,17612.79,111.4734,99.9669,112.375,7869,49.8038,41.2816,50.0,1,300,14.8722,28.7105,0.4947,133.37,2.4018,7.9753,15.2053,1.2785,98,17,1/10/2022,6/3/2025,158,31146.5,17612.79,13533.71,0.434517843,317.8214286,80.29591837,1.930481032,0.828884543,1240,12.65306122,28.82352941,17,0.173469388,97,98,31146.5,3,5,4,354,31146.5,31146.5,228,1.2297,2,14.1793,28.4806,0.4947,184.0242,14690.8232,49.6312,38.5258,0.5338,203,0.890350877,0.5338,1.2297,2.008604092,Platinum,5
CUST296,829.66,103.7075,38.5637,8,85.82,69.24,160.36,427.42,53.4275,23.9796,39.84,157,19.625,19.7263,14.0,2,48,42.9698,21.7186,3.9279,71.18,38.135,21.584,9.7126,19.92,8,3,7/8/2022,7/11/2025,8,829.66,427.42,402.24,0.484825109,103.7075,19.625,0.505438703,1.005161783,1099,137.375,2.654545455,3,0.375,59,8,829.66,4,2,2,422,829.66,110.6213333,8,1.3846,2,53.6881,26.8721,3.9279,98.4158,264.0,20.3077,20.6009,0.6154,13,1.625,0.6154,1.3846,0.500522462,Platinum,5
CUST297,1055.22,175.87,98.3974,6,191.465,47.91,280.25,513.23,85.5383,45.0532,90.75,1009,168.1667,205.1111,102.0,1,500,46.5875,24.6675,0.4125,70.0625,47.8883,22.3442,11.5262,24.9,5,4,9/7/2022,4/30/2024,6,1055.22,513.23,541.99,0.51362749,211.044,201.8,0.529487523,1.219689154,601,120.2,3.031561462,4,0.8,496,5,1055.22,2,2,2,222,1055.22,10.61589537,9,1.4,2,47.7123,31.4229,0.4125,88.7531,2066.3652,137.7577,177.8737,0.4,10,1.111111111,0.4,1.4,0.658591181,Diamond,4
CUST298,6311.14,210.3713,110.3847,30,225.625,28.84,422.39,3281.13,109.371,56.2005,114.9,1389,46.3,113.5703,6.0,1,500,49.7325,13.8181,24.265,73.09,45.875,26.2857,8.1982,21.91,13,5,1/20/2022,6/26/2025,30,6311.14,3281.13,3030.01,0.480105021,485.4723077,106.8461538,0.277848489,2.452922246,1253,96.38461538,3.783891547,5,0.384615385,74,13,6311.14,4,3,3,433,6311.14,1093.930933,44,1.1698,2,51.1436,15.9711,24.265,77.3461,2504.03,47.2458,104.8027,0.566,35,0.795454545,0.566,1.1698,0.312279542,Platinum,5
CUST299,2354.78,294.3475,200.1101,8,298.13,17.21,596.26,1229.26,153.6575,103.1317,136.985,34,4.25,7.9955,1.5,1,24,195.2182,122.1456,2.5254,298.13,232.3825,99.6588,58.615,130.135,6,3,3/2/2022,12/6/2023,8,2354.78,1229.26,1125.52,0.477972465,392.4633333,5.666666667,0.625687564,1.881294118,644,107.3333333,3.395348837,3,0.5,642,6,2354.78,2,2,2,222,2354.78,21.97306376,11,1.2143,2,195.1348,126.8815,2.5254,325.7612,66.2613,4.733,8.1767,0.5714,10,0.909090909,0.5714,1.2143,0.65022487,Diamond,4
CUST3,59569.55,204.7064,259.7942,291,98.72,1.49,1919.76,38785.02,133.2819,175.4567,52.8,14884,51.1478,138.6407,12.0,1,1000,30.8818,37.708,0.0938,183.0267,8.3017,18.7287,21.8054,5.18,145,18,1/4/2022,8/28/2025,291,59569.55,38785.02,20784.53,0.348911986,410.8244828,102.6482759,1.221042815,2.710589703,1332,9.186206897,39.70367592,18,0.124137931,11,145,59569.55,5,5,5,555,59569.55,719798.7292,427,1.2222,2,34.3188,41.6751,0.0938,192.6535,27538.594,50.1614,137.5943,0.5301,369,0.864168618,0.5301,1.2222,1.2143519,Platinum,5
CUST30,402858.2,246.5472,399.4522,1634,153.2,0.07,3650.12,295730.3902,180.9856,324.0791,101.92,25505411,15609.1867,57881.3762,12.0,1,540000,47.8377,73.1366,0.0005,275.76,8.0,37.85,57.0241,5.89,770,170,1/6/2022,8/18/2025,1634,402858.2,295730.3902,107127.8098,0.265919397,523.1924675,33123.91039,1.528848586,3.708160926,1320,1.714285714,212.7554883,170,0.220779221,21,770,402858.2,4,5,5,455,402858.2,14100037.0,2365,1.2254,2,50.8695,80.232,0.0005,408.1487,47084571.2,15422.3948,57617.5241,0.5352,2088,0.882875264,0.5352,1.2254,1.577212278,Gold,3
CUST300,399642.17,164.3266,178.813,2432,103.0,1.1,3316.19,303030.68,124.6014,136.8348,73.0,2495253,1026.0086,2583.9748,30.0,1,20000,81.9142,161.4328,0.0055,873.47,1.3442,58.7814,118.1232,1.684,516,131,1/26/2022,9/3/2025,2432,399642.17,303030.68,96611.49,0.241744984,774.5003295,4835.761628,1.970754765,2.518472847,1316,2.550387597,143.0068337,131,0.253875969,5,516,399642.17,5,5,5,555,399642.17,34369226.62,3531,1.2176,2,91.1525,177.8042,0.0055,1078.7905,4606955.733,1020.8189,2572.6309,0.5389,3098,0.877371849,0.5389,1.2176,1.950623406,Gold,3
CUST301,712.73,237.5767,111.3247,3,182.43,164.59,365.71,534.55,178.1833,83.491,136.83,4,1.3333,0.5774,1.0,1,2,176.625,10.4248,164.59,182.855,182.43,132.47,7.8217,136.83,3,1,7/27/2022,5/10/2023,3,712.73,534.55,178.18,0.249996492,237.5766667,1.333333333,0.059022222,0.433060827,287,95.66666667,3.802083333,1,0.333333333,852,3,712.73,2,1,1,211,712.73,2.506670574,4,1.2,2,194.81,28.6405,164.59,239.1689,7.077,1.4154,0.5694,0.6,4,1.0,0.6,1.2,0.147017607,Diamond,4
CUST302,522.09,261.045,75.3139,2,261.045,207.79,314.3,285.54,142.77,7.962,142.77,2,1.0,0.0,1.0,1,1,261.045,75.3139,207.79,314.3,261.045,142.77,7.962,142.77,2,1,1/25/2023,2/8/2024,2,522.09,285.54,236.55,0.453082802,261.045,1.0,0.288509261,0.0,379,189.5,1.921052632,1,0.5,578,2,522.09,2,1,1,211,522.09,1.803419689,4,1.2,2,296.9066,72.3583,207.79,382.6159,4.9897,0.9979,0.0096,0.4,3,0.75,0.4,1.2,0.24370728,Diamond,4
CUST303,2021.34,224.5933,122.6357,9,225.32,63.89,425.33,996.31,110.7011,56.1892,96.76,3325,369.4444,402.8759,100.0,25,1000,76.3967,100.8436,0.4506,225.32,2.5556,35.9501,45.5631,1.484,6,2,6/20/2022,6/24/2025,9,2021.34,996.31,1025.03,0.507104198,336.89,554.1666667,1.319999424,1.090491289,1100,183.3333333,1.989100817,2,0.333333333,76,6,2021.34,4,2,2,422,2021.34,157.507013,13,1.1875,2,50.5228,81.3252,0.4506,225.32,4556.1001,284.7563,333.0756,0.5625,10,0.769230769,0.5625,1.1875,1.609673256,Platinum,5
CUST304,189041.77,818.3626,457.323,231,920.78,22.34,2125.48,95104.59,411.7082,225.0765,443.04,13389,57.961,91.1002,20.0,3,400,138.208,101.4445,1.8617,253.345,176.17,69.7645,50.6263,100.44,138,12,1/10/2022,9/3/2025,231,189041.77,95104.59,93937.18,0.496912296,1369.867899,97.02173913,0.733998755,1.57174997,1332,9.652173913,37.78694674,12,0.086956522,5,138,189041.77,5,5,5,555,189041.77,4347960.71,338,1.2353,2,149.0559,110.0668,1.8617,359.3317,26121.5226,59.0985,91.13,0.5226,299,0.884615385,0.5226,1.2353,0.738426322,Platinum,5
CUST305,22176.48,181.7744,154.3591,122,142.16,7.54,1014.05,10961.1,89.8451,83.8061,68.15,990,8.1148,10.5816,5.0,1,50,48.8863,50.9469,2.9333,293.43,47.322,24.6937,31.3968,22.5665,67,14,1/5/2022,8/26/2025,122,22176.48,10961.1,11215.38,0.505733101,330.9922388,14.7761194,1.042150868,1.303987775,1329,19.8358209,18.38721805,14,0.208955224,13,67,22176.48,5,4,4,544,22176.48,106130.2971,167,1.2196,2,48.0967,47.1637,2.9333,293.43,1701.7637,7.9522,10.7376,0.5701,154,0.922155689,0.5701,1.2196,0.98060158,Platinum,5
CUST306,5188.05,399.0808,219.6593,13,466.25,102.35,746.61,3264.5,251.1154,136.083,282.95,6600,507.6923,170.5947,500.0,200,800,97.3892,44.5638,34.1167,149.322,115.846,61.3774,27.7712,70.738,5,3,1/7/2022,1/27/2023,13,5188.05,3264.5,1923.55,0.370765509,1037.61,1320.0,0.457584619,0.336019869,385,77.0,4.727979275,3,0.6,955,5,5188.05,1,2,3,123,5188.05,27.13415272,24,1.1429,2,103.3604,44.3413,34.1167,157.1658,14238.9148,508.5327,176.2225,0.4643,15,0.625,0.4643,1.1429,0.428996985,Diamond,4
CUST307,418846.4,165.3559,372.1838,2533,44.4,1.15,6195.2,357036.42,140.954,335.9216,28.63,22116,8.7311,27.9628,2.0,1,1000,44.942,94.5299,0.0345,713.07,24.48,41.8646,102.6366,18.95,1944,43,1/4/2022,9/8/2025,2533,418846.4,357036.42,61809.98,0.14757195,215.4559671,11.37654321,2.103375462,3.202666331,1343,0.690843621,527.9464286,43,0.022119342,0,1944,418846.4,5,5,5,555,418846.4,814237401.6,3654,1.2217,2,47.4692,100.5958,0.0345,963.0561,41357.8245,8.8089,30.7259,0.5395,3256,0.89107827,0.5395,1.2217,2.119180437,Silver,2
CUST308,167369.6,661.5399,299.2783,253,681.75,36.6,2236.85,98862.93,390.7626,171.8349,443.25,60351,238.5415,865.6063,45.0,1,10000,35.0054,52.7224,0.03,299.65,19.3138,20.601,30.3452,9.85,178,27,1/4/2022,9/8/2025,253,167369.6,98862.93,68506.67,0.409313699,940.2786517,339.0505618,1.506121913,3.628745103,1343,7.54494382,48.34077381,27,0.151685393,0,178,167369.6,5,5,5,555,167369.6,29791788.8,385,1.2206,2,40.392,62.0533,0.03,446.1322,114857.8169,232.5057,783.0015,0.5121,316,0.820779221,0.5121,1.2206,1.536276986,Platinum,5
CUST309,1874.37,104.1317,83.1344,18,84.785,4.06,297.15,1053.28,58.5156,52.8367,46.655,2764,153.5556,328.5109,14.0,1,1000,29.3481,47.8526,0.0381,125.49,5.9333,16.3023,26.5144,3.3567,12,11,4/12/2022,5/20/2024,18,1874.37,1053.28,821.09,0.438061855,156.1975,230.3333333,1.630517819,2.139361248,769,64.08333333,5.688311688,11,0.916666667,476,12,1874.37,2,3,2,232,1874.37,47.15396226,24,1.2727,2,29.7648,49.1407,0.0381,137.6318,5250.9089,159.1185,320.1744,0.5455,25,1.041666667,0.5455,1.2727,1.650966914,Platinum,5
CUST31,14956.72,66.4743,60.2907,225,50.45,0.12,417.6,11686.85,51.9416,47.9678,37.89,199612,887.1644,1570.3336,2.0,1,7240,22.5507,26.7529,0.0274,136.8,13.25,16.5973,20.0215,9.48,138,48,1/12/2022,9/5/2025,225,14956.72,11686.85,3269.87,0.218622131,108.382029,1446.463768,1.186344548,1.770059304,1332,9.652173913,37.78694674,48,0.347826087,3,138,14956.72,5,5,4,554,14956.72,516006.84,319,1.2423,2,22.9265,27.3147,0.0274,149.8418,361900.9967,859.6223,1492.2123,0.5344,297,0.931034483,0.5344,1.2423,1.191402962,Platinum,5
CUST310,84937.72,1061.7215,1485.1967,80,810.03,0.45,7039.77,43204.2401,540.053,729.8818,402.37,328261,4103.2625,18213.0492,32.0,1,150400,40.5903,34.2229,0.0115,156.9442,33.28,20.4204,16.7522,16.14,64,12,1/3/2022,9/2/2025,80,84937.72,43204.2401,41733.4799,0.491342126,1327.151875,5129.078125,0.843130009,4.438675127,1338,20.90625,17.44585512,12,0.1875,6,64,84937.72,5,4,5,545,84937.72,776573.44,111,1.2071,2,42.3197,37.3891,0.0115,186.0135,549660.6698,3926.1476,15090.5834,0.5714,99,0.891891892,0.5714,1.2071,0.883491613,Platinum,5
CUST311,160874.7,164.4936,146.2513,978,116.22,1.83,2180.85,108290.67,110.7267,100.0647,78.22,87264,89.227,365.6058,15.5,1,4000,37.6282,51.8987,0.0411,726.95,29.5383,24.9832,34.6028,19.2,220,45,6/10/2022,9/3/2025,978,160874.7,108290.67,52584.03,0.326863267,731.2486364,396.6545455,1.379250137,4.097479462,1181,5.368181818,67.9357022,45,0.204545455,5,220,160874.7,5,5,5,555,160874.7,5898739.0,1386,1.2112,2,40.8139,62.2013,0.0411,1040.5662,149782.5957,85.2491,345.1947,0.5566,1231,0.888167388,0.5566,1.2112,1.524022453,Platinum,5
CUST312,10037.7,295.2265,376.6775,34,151.0,19.11,1879.2,7466.96,219.6165,308.6413,111.225,811729,23874.3824,26550.5928,15000.0,273,108000,0.0187,0.0212,0.0032,0.07,0.0103,0.0199,0.0419,0.0057,19,11,2/10/2022,7/24/2025,34,10037.7,7466.96,2570.74,0.256108471,528.3,42722.57895,1.13368984,1.112095482,1260,66.31578947,5.499603489,11,0.578947368,46,19,10037.7,4,3,3,433,10037.7,4057.793617,50,1.2308,2,0.0185,0.0216,0.0032,0.0976,1647347.588,25343.809,27347.4417,0.5231,44,0.88,0.5231,1.2308,1.167567568,Platinum,5
CUST313,24176.19,55.071,42.7475,439,50.45,3.8,420.63,18281.96,41.6446,77.6524,27.77,18380,41.8679,254.4792,1.0,1,3000,45.9678,32.2958,0.0052,148.2706,44.65,31.4673,21.8602,26.7,168,53,1/5/2022,9/8/2025,439,24176.19,18281.96,5894.23,0.243803097,143.9058929,109.4047619,0.702574411,6.078145787,1342,7.988095238,45.65897245,53,0.31547619,0,168,24176.19,5,5,4,554,24176.19,4061599.92,630,1.2382,2,49.4198,35.0951,0.0052,213.5598,31543.3923,38.1419,237.5009,0.5308,577,0.915873016,0.5308,1.2382,0.710142493,Platinum,5
CUST314,1274.2,67.0632,82.5257,19,32.27,26.32,378.95,825.47,43.4458,68.1184,19.36,40,2.1053,2.6012,1.0,1,12,31.6796,2.6317,26.32,35.85,32.2167,18.3442,2.7858,19.33,5,4,4/22/2022,9/5/2023,19,1274.2,825.47,448.73,0.352166065,254.84,8.0,0.083072387,1.235548378,501,100.2,3.635458167,4,0.8,734,5,1274.2,2,2,2,222,1274.2,8.668027211,26,1.1034,2,33.6974,4.2311,26.32,44.8284,55.109,1.9003,2.1532,0.6552,22,0.846153846,0.6552,1.1034,0.125561616,Diamond,4
CUST315,122120.9,41.5095,37.963,2942,31.98,0.89,754.84,91172.27,30.9899,26.5462,23.96,20828,7.0795,6.6014,6.0,1,90,7.1607,4.6522,0.885,86.4843,7.495,5.3486,3.3203,5.81,374,58,1/7/2022,9/2/2025,2942,122120.9,91172.27,30948.63,0.253426154,326.5264706,55.68983957,0.649685087,0.932466982,1334,3.56684492,102.2546816,58,0.155080214,6,374,122120.9,5,5,5,555,122120.9,6524745.229,4271,1.2165,2,7.6112,5.1344,0.885,94.6484,38927.4617,7.1413,6.5624,0.5397,3744,0.876609693,0.5397,1.2165,0.674584822,Platinum,5
CUST316,10453.88,209.0776,156.2475,50,178.24,2.86,720.0,5295.75,105.915,90.7842,95.21,236,4.72,7.1172,3.0,1,48,65.8737,55.9939,1.43,319.0,56.4138,34.9712,42.6559,26.19,25,26,3/2/2022,5/15/2025,50,10453.88,5295.75,5158.13,0.493417755,418.1552,9.44,0.850019052,1.507881356,1170,46.8,7.792485056,26,1.04,116,25,10453.88,3,4,3,343,10453.88,2233.735043,65,1.2529,2,75.414,63.3316,1.43,373.689,412.6789,4.7434,7.2267,0.5747,70,1.076923077,0.5747,1.2529,0.839785716,Platinum,5
CUST317,3787.52,99.6716,90.962,38,53.945,7.98,349.0,2676.13,70.4245,69.3864,35.97,277,7.2895,12.1163,2.0,1,36,62.4845,84.7732,1.19,349.0,24.94,46.3494,67.0585,15.9575,15,34,4/5/2022,6/9/2025,38,3787.52,2676.13,1111.39,0.293434754,252.5013333,18.46666667,1.356707664,1.662157898,1161,77.4,4.711703959,34,2.266666667,91,15,3787.52,4,3,3,433,3787.52,617.5304348,66,1.2326,2,84.0452,106.5927,1.19,403.7254,544.6229,6.3328,11.8359,0.4419,45,0.681818182,0.4419,1.2326,1.26827826,Platinum,5
CUST318,5648.89,171.1785,217.5038,33,92.12,2.97,738.0,4153.66,125.8685,175.8091,51.6,2030,61.5152,78.0401,24.0,1,200,99.5938,150.7922,0.0256,500.91,3.8383,76.4378,120.2628,2.15,11,29,10/27/2022,8/22/2025,33,5648.89,4153.66,1495.23,0.26469448,513.5354545,184.5454545,1.514072161,1.268631168,1030,93.63636364,3.894277401,29,2.636363636,17,11,5648.89,4,3,3,433,5648.89,3452.099444,51,1.25,2,85.5337,150.7429,0.0256,565.3365,4298.2917,63.2102,76.809,0.4853,43,0.843137255,0.4853,1.25,1.762380208,Platinum,5
CUST319,20228.56,114.935,121.5476,176,72.685,2.59,699.0,14677.56,83.3952,98.827,45.56,2691,15.2898,24.7024,1.5,1,100,74.2707,124.2859,0.1214,699.0,13.56,57.3064,102.2644,8.88,77,121,1/6/2022,8/5/2025,176,20228.56,14677.56,5551.0,0.274413997,262.7085714,34.94805195,1.673417647,1.615613023,1307,16.97402597,21.48700306,121,1.571428571,34,77,20228.56,4,5,4,454,20228.56,44502.832,246,1.2065,2,72.0987,122.9338,0.1214,699.0,5013.0557,16.1711,26.0969,0.5677,217,0.882113821,0.5677,1.2065,1.705076513,Platinum,5
CUST32,2627209.85,186.0235,380.4532,14123,91.2,0.12,6448.48,2044934.072,144.7946,313.9614,74.46,21712357,1537.3757,13067.1778,5.0,1,257400,35.6698,51.3676,0.0034,928.43,22.59,28.1062,39.362,16.73,4821,465,1/4/2022,9/8/2025,14123,2627209.85,2044934.072,582275.7785,0.221632763,544.9512238,4503.704003,1.440086572,8.499664591,1343,0.27857291,1309.274554,465,0.096453018,0,4821,2627209.85,5,5,5,555,2627209.85,12665778687.0,20412,1.2186,2,38.9985,57.2711,0.0034,1063.4199,39731091.78,1520.8656,12975.4424,0.5406,18064,0.884969626,0.5406,1.2186,1.468546226,Silver,2
CUST320,48307.34,337.8136,528.5438,143,108.16,3.7,1990.0,39010.43,272.8002,452.7015,67.6,5682,39.7343,251.3659,7.0,1,3000,73.7845,98.0641,0.0193,499.99,17.2,59.372,82.5047,11.95,78,86,1/26/2022,9/8/2025,143,48307.34,39010.43,9296.91,0.192453362,619.3248718,72.84615385,1.329060982,6.326169078,1321,16.93589744,21.53555219,86,1.102564103,0,78,48307.34,5,5,4,554,48307.34,3767972.52,213,1.2169,2,69.7576,101.4134,0.0193,570.7726,12138.2269,44.6258,282.9359,0.5257,185,0.868544601,0.5257,1.2169,1.453797149,Platinum,5
CUST321,59976.78,199.2584,353.9988,301,81.36,0.06,2478.01,34149.4,113.4532,194.4451,53.28,150624,500.412,1247.0994,36.0,1,12880,17.221,52.754,0.0151,389.7,2.5088,9.7741,29.1124,1.3837,44,125,1/4/2022,6/22/2022,301,59976.78,34149.4,25827.38,0.430622984,1363.108636,3423.272727,3.063352883,2.492145272,169,3.840909091,94.47058824,125,2.840909091,1174,44,59976.78,1,4,5,145,59976.78,2245.938996,440,1.2185,2,20.9906,67.2643,0.0151,524.9414,252986.8592,449.355,1110.7803,0.5346,383,0.870454545,0.5346,1.2185,3.204496298,Diamond,4
CUST322,1873.25,55.0956,28.7268,34,40.68,0.33,122.03,1188.58,34.9582,17.7181,28.5,11005,323.6765,199.465,250.0,1,750,26.8281,18.8783,0.1444,40.68,40.675,15.6737,11.5227,22.3267,34,2,1/3/2022,7/25/2025,34,1873.25,1188.58,684.67,0.365498465,55.09558824,323.6764706,0.703676369,0.616248013,1299,38.20588235,9.546153846,2,0.058823529,45,34,1873.25,4,4,2,442,1873.25,1384.576087,48,1.2615,2,28.5871,21.1746,0.1444,60.3528,20612.6389,317.1175,211.2226,0.5231,46,0.958333333,0.5231,1.2615,0.740704723,Platinum,5
CUST323,2662.33,266.233,258.0871,10,263.0,7.26,828.77,1314.1,131.41,127.2784,134.94,12224,1222.4,3449.1073,33.0,1,11000,15.6108,15.2682,7.2564,58.6333,12.0789,7.8869,8.4111,5.7907,6,3,1/19/2022,2/7/2024,10,2662.33,1314.1,1348.23,0.506409799,443.7216667,2037.333333,0.978053655,2.821586469,749,124.8333333,2.92,3,0.5,579,6,2662.33,2,2,2,222,2662.33,27.54134483,14,1.3,2,13.904,10.8683,7.2564,58.6333,38190.5938,1909.5297,4330.4036,0.5,14,1.0,0.5,1.3,0.781667146,Diamond,4
CUST324,11039.94,290.5247,668.6771,38,57.91,32.0,2497.44,8616.05,226.7382,555.6749,38.63,7744,203.7895,1048.0493,12.0,1,6480,52.6329,19.6224,1.0,108.0,56.82,34.516,12.281,36.93,30,5,1/4/2022,8/12/2024,38,11039.94,8616.05,2423.89,0.219556447,367.998,258.1333333,0.372816242,5.142803236,951,31.7,11.50210084,5,0.166666667,392,30,11039.94,2,4,4,244,11039.94,842.7435115,46,1.193,2,56.5283,20.4369,1.0,108.0,8441.1282,148.09,857.0963,0.6667,47,1.02173913,0.6667,1.193,0.361533957,Platinum,5
CUST325,19529.86,361.6641,173.5012,54,351.68,55.63,838.91,12656.79,234.385,132.1262,212.88,3314,61.3704,125.777,2.0,1,452,122.3172,90.3355,1.664,281.91,87.92,86.1858,83.1109,53.22,27,4,1/19/2022,5/4/2023,54,19529.86,12656.79,6873.07,0.35192623,723.3281481,122.7407407,0.738534728,2.049473362,470,17.40740741,20.92356688,4,0.148148148,858,27,19529.86,2,4,4,244,19529.86,613.8605588,71,1.2198,2,144.5008,102.2906,1.664,323.6515,5515.2427,60.6071,129.5372,0.5934,68,0.957746479,0.5934,1.2198,0.707889506,Diamond,4
CUST326,5240.69,327.5431,185.2627,16,393.49,68.45,590.24,2869.96,179.3725,106.4223,200.68,479,29.9375,36.1487,6.0,1,108,85.2617,11.2908,67.8,98.3733,88.0183,45.9948,6.8343,50.17,9,3,2/8/2022,1/6/2023,16,5240.69,2869.96,2370.73,0.452369822,582.2988889,53.22222222,0.132425227,1.207472234,332,36.88888889,9.864864865,3,0.333333333,976,9,5240.69,1,3,3,133,5240.69,48.27657114,25,1.2647,2,94.6024,13.5289,67.8,123.347,742.8652,21.849,32.5738,0.4706,20,0.8,0.4706,1.2647,0.143008,Diamond,4
CUST327,167.6,41.9,6.4976,4,44.22,32.33,46.83,93.3,23.325,1.11,23.88,4,1.0,0.0,1.0,1,1,41.9,6.4976,32.33,46.83,44.22,23.325,1.11,23.88,4,1,8/18/2022,10/25/2024,4,167.6,93.3,74.3,0.443317422,41.9,1.0,0.155073986,0.0,799,199.75,1.825,1,0.25,318,4,167.6,3,2,1,321,167.6,2.101567398,7,1.125,2,44.137,6.7883,32.33,50.451,8.326,1.0408,0.1266,0.5,4,0.571428571,0.5,1.125,0.153800666,Diamond,4
CUST328,7290.0,1041.4286,62.3641,7,1065.0,900.0,1065.0,3364.76,480.68,10.3575,484.76,210000,30000.0,0.0,30000.0,30000,30000,0.0347,0.0021,0.03,0.0355,0.0355,0.016,0.0003,0.0162,7,1,1/5/2022,11/8/2023,7,7290.0,3364.76,3925.24,0.538441701,1041.428571,30000.0,0.060518732,0.0,672,96.0,3.796433878,1,0.142857143,670,7,7290.0,2,2,3,223,7290.0,76.05067064,9,1.1818,2,0.0359,0.0026,0.03,0.0399,330510.3748,30046.3977,594.1656,0.6364,8,0.888888889,0.6364,1.1818,0.072423398,Diamond,4
CUST329,14834.77,157.8167,244.399,94,67.985,4.11,1865.6,10673.43,113.5471,194.6432,43.775,898,9.5532,23.2964,1.0,1,144,99.6975,143.9002,0.4433,577.54,25.99,75.1081,113.3798,15.18,26,74,2/11/2022,8/28/2024,94,14834.77,10673.43,4161.34,0.280512607,570.5680769,34.53846154,1.443368189,2.438596491,929,35.73076923,10.20430108,74,2.846153846,376,26,14834.77,2,4,4,244,14834.77,1023.087586,144,1.1955,2,117.0266,150.8537,0.4433,773.8341,1586.0627,8.8607,22.932,0.5251,116,0.805555556,0.5251,1.1955,1.289054796,Platinum,5
CUST33,941544.81,176.0555,762.1941,5348,73.18,0.03,48659.7,680162.3324,127.1807,280.1637,60.48,17602812,3291.4757,12467.3211,24.0,1,140000,13.5214,24.8618,0.0101,130.6933,2.5714,9.9478,18.1334,2.0599,2188,183,10/15/2021,9/8/2025,5348,941544.81,680162.3324,261382.4776,0.277610237,430.3221252,8045.160878,1.838700135,3.787760335,1424,0.650822669,560.4350877,183,0.083638026,0,2188,941544.81,5,5,5,555,941544.81,2060100044.0,7720,1.2197,2,14.6703,27.2467,0.0101,194.2388,32137405.0,3248.1711,12328.9638,0.5405,6872,0.89015544,0.5405,1.2197,1.857269449,Silver,2
CUST330,8491.13,92.2949,113.172,92,43.105,2.0,559.0,5504.21,59.8284,84.8893,23.505,12950,140.7609,347.0718,3.0,1,2000,44.2115,95.7349,0.0771,559.0,4.045,33.2728,77.6148,2.09,34,68,1/10/2022,9/9/2024,92,8491.13,5504.21,2986.92,0.351769435,249.7391176,380.8823529,2.165384572,2.465683297,973,28.61764706,12.7412731,68,2.0,364,34,8491.13,3,4,3,343,8491.13,790.9545753,134,1.2597,2,38.6031,88.2626,0.0771,559.0,25893.7278,143.0593,334.4556,0.5083,126,0.940298507,0.5083,1.2597,2.286412231,Platinum,5
CUST331,19846.09,86.6641,127.9811,229,38.29,1.16,1123.0,14891.35,65.0277,115.222,21.96,12350,53.9301,252.58,2.0,1,3220,57.2643,118.3663,0.0192,1123.0,12.0,43.9618,103.6573,7.41,73,154,1/6/2022,8/18/2025,229,19846.09,14891.35,4954.74,0.249658245,271.8642466,169.1780822,2.067017321,4.683469899,1320,18.08219178,20.17032551,154,2.109589041,21,73,19846.09,4,4,4,444,19846.09,65852.935,321,1.2209,2,66.8904,158.3596,0.0192,1540.4696,23533.113,57.1192,282.3755,0.5558,297,0.925233645,0.5558,1.2209,2.367448842,Platinum,5
CUST332,995.53,35.5546,74.8898,28,4.155,0.31,368.7,527.09,18.8246,40.2593,1.81,448,16.0,6.6889,16.0,2,24,4.0371,12.5291,0.0194,65.335,0.3802,2.2896,7.5254,0.1725,8,26,1/31/2022,8/22/2022,28,995.53,527.09,468.44,0.470543329,124.44125,56.0,3.103490129,0.41805625,203,25.375,14.31372549,26,3.25,1113,8,995.53,1,2,2,122,995.53,7.149228007,37,1.1778,2,5.0139,14.7511,0.0194,73.6767,732.719,16.2826,6.6933,0.6222,35,0.945945946,0.6222,1.1778,2.942041126,Diamond,4
CUST333,1519.81,217.1157,311.3303,7,54.1,40.68,898.82,1172.06,167.4371,270.5565,32.76,78,11.1429,8.9149,12.0,1,24,137.3838,335.8224,1.695,898.82,11.4252,114.6129,286.38,9.14,4,6,6/3/2022,4/18/2023,7,1519.81,1172.06,347.75,0.228811496,379.9525,19.5,2.444410476,0.800052051,319,79.75,4.5625,6,1.5,874,4,1519.81,1,2,2,122,1519.81,6.947702857,13,1.2353,2,177.7178,375.4887,1.695,998.8037,201.6564,11.8621,9.6608,0.4118,10,0.769230769,0.4118,1.2353,2.112836756,Diamond,4
CUST334,18099.81,58.957,89.0584,307,29.36,0.89,756.0,11917.55,38.8194,67.2952,17.25,13933,45.3844,102.5839,6.0,1,982,29.0797,69.85,0.0193,599.0,4.12,20.7529,54.2373,2.38,103,156,1/5/2022,3/13/2025,307,18099.81,11917.55,6182.26,0.341564911,175.7263107,135.2718447,2.402019278,2.260333947,1163,11.29126214,32.29810997,156,1.514563107,179,103,18099.81,3,5,4,354,18099.81,10357.1135,453,1.2053,2,31.6305,75.2537,0.0193,599.0,25453.5909,44.6554,95.3423,0.5386,379,0.836644592,0.5386,1.2053,2.379149871,Platinum,5
CUST335,37827.54,69.7925,129.677,542,22.68,0.73,1395.0,24931.96,45.9999,97.542,12.025,16056,29.6236,60.7571,2.0,1,500,47.4286,118.3173,0.0293,1395.0,6.4,33.8347,92.1291,3.625,272,331,1/5/2022,8/8/2025,542,37827.54,24931.96,12895.58,0.340904537,139.0718382,59.02941176,2.494640365,2.050969497,1311,4.819852941,75.67073171,331,1.216911765,31,272,37827.54,4,5,4,454,37827.54,321534.09,781,1.199,2,50.8991,141.199,0.0293,1540.3058,29604.3122,30.3634,63.9365,0.5559,673,0.861715749,0.5559,1.199,2.774096202,Gold,3
CUST336,136.9,68.45,34.0967,2,68.45,44.34,92.56,73.48,36.74,18.7242,36.74,26,13.0,15.5563,13.0,2,24,34.225,17.0483,22.17,46.28,34.225,18.37,9.3621,18.37,1,2,9/14/2022,9/14/2022,2,136.9,73.48,63.42,0.463257852,136.9,26.0,0.498124178,1.196638462,0,0.0,365.0,2,2.0,1090,1,136.9,1,1,1,111,136.9,0.12548121,4,1.2,2,39.7425,15.3835,22.17,53.3855,55.4101,11.082,12.1755,0.4,2,0.5,0.4,1.2,0.387079323,Diamond,4
CUST337,4466.65,32.6033,56.4565,137,9.49,0.17,305.65,2322.91,16.9555,32.7859,4.18,979,7.146,10.21,3.0,1,50,17.8351,48.4478,0.0213,305.65,2.805,9.8496,29.3965,1.2,60,110,1/20/2022,10/4/2024,137,4466.65,2322.91,2143.74,0.479943582,74.44416667,16.31666667,2.716429961,1.428771341,988,16.46666667,22.14357937,110,1.833333333,339,60,4466.65,3,4,3,343,4466.65,788.2323529,202,1.2109,2,21.2356,56.6216,0.0213,337.5602,1709.7347,6.6787,9.333,0.5352,175,0.866336634,0.5352,1.2109,2.666352728,Platinum,5
CUST338,7830.11,101.6897,122.2682,77,39.98,1.32,663.96,5739.43,74.5381,96.0311,28.0,288,3.7403,7.2282,1.0,1,32,78.6061,96.1912,0.0412,399.0,24.48,58.0634,76.8202,17.52,28,59,2/4/2022,9/4/2025,77,7830.11,5739.43,2090.68,0.267005189,279.6467857,10.28571429,1.223711646,1.932518782,1308,46.71428571,7.807486631,59,2.107142857,4,28,7830.11,5,4,3,543,7830.11,43848.616,114,1.2138,2,81.7577,99.7935,0.0412,399.0,547.9683,3.7791,7.6505,0.531,97,0.850877193,0.531,1.2138,1.220600628,Platinum,5
CUST339,61336.79,151.0758,164.4592,406,97.16,1.36,972.25,32378.11,79.749,83.4343,51.23,1106535,2725.4557,3341.6971,1950.0,1,25000,23.2766,35.3529,0.0111,119.28,0.0717,12.3974,18.9939,0.0363,111,45,1/5/2022,11/6/2024,406,61336.79,32378.11,28958.68,0.472125783,552.5836937,9968.783784,1.518817181,1.226105821,1036,9.333333333,39.06943105,45,0.405405405,306,111,61336.79,3,5,5,355,61336.79,22177.14557,616,1.1979,2,23.6408,37.5812,0.0111,155.0773,2152712.653,2803.0113,3313.5894,0.5286,516,0.837662338,0.5286,1.1979,1.589675476,Platinum,5
CUST34,74928.26,109.3843,161.6198,685,81.85,0.09,3245.0,62285.05,90.9271,102.978,68.47,235748,344.1577,4309.9185,21.0,1,110000,11.3392,17.5265,0.0093,118.154,4.12,9.2551,13.7185,3.07,353,51,1/6/2022,9/3/2025,685,74928.26,62285.05,12643.21,0.168737536,212.2613598,667.8413598,1.545655778,12.52309188,1336,3.78470255,96.36873598,51,0.144475921,5,353,74928.26,5,5,5,555,74928.26,4408279.297,988,1.2184,2,12.7043,20.0986,0.0093,163.0981,639400.4701,505.8548,5769.1429,0.5419,876,0.886639676,0.5419,1.2184,1.582031281,Platinum,5
CUST340,16419.79,115.6323,139.5443,142,40.0,1.5,629.0,11614.04,81.789,116.737,17.505,81904,576.7887,1538.5145,100.0,1,10000,62.609,118.6067,0.0089,629.0,0.178,48.9481,97.872,0.0627,62,92,1/31/2022,3/27/2025,142,16419.79,11614.04,4805.75,0.292680357,264.8353226,1321.032258,1.894403361,2.667379753,1151,18.56451613,19.64409722,92,1.483870968,165,62,16419.79,3,4,4,344,16419.79,6132.692651,210,1.2135,2,59.5184,113.5186,0.0089,629.0,135583.0224,507.8016,1405.3982,0.5318,176,0.838095238,0.5318,1.2135,1.907285814,Platinum,5
CUST341,793.68,113.3829,144.8703,7,53.64,35.76,429.0,561.78,80.2543,119.4567,27.36,146,20.8571,14.588,24.0,1,36,83.6424,161.9058,1.49,429.0,1.4904,63.8643,128.5095,0.79,5,4,9/23/2022,4/17/2025,7,793.68,561.78,231.9,0.292183248,158.736,29.2,1.935690511,0.699426095,937,187.4,1.945628998,4,0.8,144,5,793.68,3,2,2,322,793.68,27.36827586,9,1.25,2,62.5292,129.4364,1.49,429.0,244.3147,20.3596,12.4923,0.5833,9,1.0,0.5833,1.25,2.070015289,Platinum,5
CUST342,195.25,39.05,10.1112,5,38.61,24.52,52.36,109.74,21.948,4.6724,23.03,5,1.0,0.0,1.0,1,1,39.05,10.1112,24.52,52.36,38.61,21.948,4.6724,23.03,2,5,10/28/2022,10/24/2024,5,195.25,109.74,85.51,0.437951344,97.625,2.5,0.258929577,0.0,727,363.5,1.002747253,5,2.5,319,2,195.25,3,1,1,311,195.25,1.2203125,5,1.1667,2,44.6714,16.474,24.52,72.7785,6.0,1.0,0.0,0.8333,6,1.2,0.8333,1.1667,0.368781816,Diamond,4
CUST343,7605.11,115.2289,465.33,66,22.74,3.22,3591.0,6017.84,91.1794,407.197,13.195,501,7.5909,21.9201,1.0,1,100,56.749,170.5172,0.0322,1325.0,19.3225,42.1336,140.2839,11.595,37,60,1/26/2022,9/23/2024,66,7605.11,6017.84,1587.27,0.208710985,205.5435135,13.54054054,3.004761317,2.887681303,971,26.24324324,13.89403292,60,1.621621622,350,37,7605.11,3,4,3,343,7605.11,801.6782621,95,1.2149,2,94.0435,278.9832,0.0322,1743.8754,1060.756,8.7666,23.6232,0.5455,87,0.915789474,0.5455,1.2149,2.966533572,Platinum,5
CUST344,427.04,53.38,18.3016,8,52.88,27.28,86.33,233.13,29.1412,5.9255,31.47,11,1.375,0.5175,1.0,1,2,40.2881,10.7548,27.28,53.4,39.1275,23.1538,8.0623,21.565,4,5,2/16/2022,11/26/2024,8,427.04,233.13,193.91,0.454079243,106.76,2.75,0.266947312,0.376363636,1014,253.5,1.438423645,5,1.25,286,4,427.04,3,2,1,321,427.04,5.951777003,8,1.3846,2,45.0783,13.7936,27.28,75.5857,17.0,1.3077,0.4804,0.6154,13,1.625,0.6154,1.3846,0.305992018,Platinum,5
CUST345,2043.02,170.2517,137.9974,12,103.91,26.14,474.07,1171.36,97.6133,82.8056,55.35,182,15.1667,16.2415,5.0,1,48,37.1589,14.8496,3.2975,59.2588,34.6367,21.3333,9.0025,18.45,10,4,1/10/2022,6/23/2025,12,2043.02,1171.36,871.66,0.4266527,204.302,18.2,0.399624316,1.070865778,1260,126.0,2.894528152,4,0.4,77,10,2043.02,4,3,2,432,2043.02,261.925641,16,1.2,2,38.4906,20.3934,3.2975,84.6268,343.6482,17.1824,16.0775,0.6,15,0.9375,0.6,1.2,0.529828062,Platinum,5
CUST346,12359.75,174.081,228.9106,71,104.99,1.19,1596.0,9318.94,131.2527,192.964,67.6,463,6.5211,12.1982,1.0,1,50,125.9053,144.3878,0.3423,449.0,44.55,100.0178,120.1296,28.77,27,62,10/7/2022,4/9/2025,71,12359.75,9318.94,3040.81,0.246025203,457.7685185,17.14814815,1.146796839,1.870573983,915,33.88888889,10.75873362,62,2.296296296,152,27,12359.75,3,4,4,344,12359.75,2181.132353,99,1.2266,2,138.3656,155.7943,0.3423,559.7179,848.7968,6.6312,12.852,0.5547,93,0.939393939,0.5547,1.2266,1.125961222,Platinum,5
CUST347,560.29,186.7633,201.135,3,137.35,14.94,408.0,392.64,130.88,149.2498,85.32,192,64.0,48.4974,36.0,36,120,30.5211,22.2591,4.98,45.7833,40.8,20.48,14.9449,28.44,1,3,4/18/2022,4/18/2022,3,560.29,392.64,167.65,0.299220047,560.29,192.0,0.729302024,0.757771875,0,0.0,365.0,3,3.0,1239,1,560.29,1,1,1,111,560.29,0.451846774,4,1.3333,2,43.1604,19.9169,4.98,60.1291,380.4265,63.4044,43.8606,0.5,5,1.25,0.5,1.3333,0.461462359,Diamond,4
CUST348,39927.35,73.531,120.737,543,28.72,0.09,837.0,23460.02,43.2045,86.3639,12.16,18897,34.8011,48.9771,20.0,1,400,20.2758,68.3148,0.0045,799.0,1.6148,14.6652,54.4693,0.709,110,297,1/10/2022,7/16/2025,543,39927.35,23460.02,16467.33,0.41243233,362.9759091,171.7909091,3.369277661,1.407343446,1283,11.66363636,31.2694704,297,2.7,54,110,39927.35,4,5,4,454,39927.35,79854.7,764,1.2204,2,22.1595,78.5428,0.0045,1103.4161,36606.8617,37.3539,51.711,0.5541,684,0.895287958,0.5541,1.2204,3.544430154,Gold,3
CUST349,7433.75,112.6326,66.4048,66,91.465,23.85,304.49,3993.48,60.5073,33.9571,49.355,347,5.2576,12.4163,1.0,1,60,99.4244,61.406,1.8123,232.1,80.625,53.2356,30.7241,44.37,34,9,1/6/2022,6/19/2025,66,7433.75,3993.48,3440.27,0.462790651,218.6397059,10.20588235,0.617614992,2.36159084,1260,37.05882353,9.841395718,9,0.264705882,81,34,7433.75,4,4,3,443,7433.75,3082.286585,93,1.25,2,110.6228,65.9362,1.8123,337.6058,604.8208,4.8776,10.9233,0.5323,87,0.935483871,0.5323,1.25,0.5960453,Platinum,5
CUST35,30447.53,251.6325,814.6077,121,2.76,0.06,5781.86,19661.16,162.4889,541.6346,1.86,43966,363.3554,1231.1335,5.0,1,10000,5.7716,23.4111,0.0095,166.67,0.214,4.1791,16.942,0.158,29,61,2/10/2022,9/5/2025,121,30447.53,19661.16,10786.37,0.35426092,1049.914828,1516.068966,4.05625823,3.388235045,1303,44.93103448,8.117331288,61,2.103448276,3,29,30447.53,5,4,4,544,30447.53,220744.5925,181,1.2265,2,8.4221,29.97,0.0095,198.1871,88269.5979,377.2205,1143.1382,0.5171,160,0.883977901,0.5171,1.2265,3.558494912,Platinum,5
CUST350,11653.31,106.9111,64.1088,109,95.98,10.31,285.65,6526.7,59.878,35.923,52.74,260,2.3853,1.8901,2.0,1,11,64.2321,47.0383,4.0744,171.86,56.59,35.9241,26.2619,30.85,38,20,2/7/2022,9/24/2024,109,11653.31,6526.7,5126.61,0.439927368,306.6660526,6.842105263,0.732317642,0.792395087,960,25.26315789,14.43288241,20,0.526315789,349,38,11653.31,3,4,4,344,11653.31,1265.216514,174,1.2232,2,61.846,47.6915,4.0744,246.1168,575.0453,2.5672,2.0302,0.4866,138,0.793103448,0.4866,1.2232,0.771133137,Platinum,5
CUST351,23988.05,363.4553,606.562,66,142.125,12.99,3473.67,17398.47,263.6132,472.1381,103.07,19393,293.8333,788.7326,7.0,1,4000,35.1777,31.8129,2.0872,166.64,19.1374,24.9688,22.512,15.745,21,23,11/17/2022,11/14/2023,66,23988.05,17398.47,6589.58,0.274702612,1142.288095,923.4761905,0.904348494,2.684285954,362,17.23809524,21.11570248,23,1.095238095,664,21,23988.05,2,3,4,234,23988.05,757.5173684,101,1.2628,2,33.6954,29.1929,2.0872,166.64,38509.0494,281.088,724.0737,0.4818,88,0.871287129,0.4818,1.2628,0.866376419,Diamond,4
CUST352,23482.42,587.0605,422.6833,40,340.0,103.78,1349.08,13163.2,329.08,224.8001,248.74,508,12.7,6.7869,12.0,2,25,42.814,10.1693,27.7592,65.2965,39.4615,24.2009,4.7214,21.99,8,4,3/17/2022,12/14/2023,40,23482.42,13163.2,10319.22,0.439444487,2935.3025,63.5,0.237522773,0.534401575,637,79.625,4.576802508,4,0.5,634,8,23482.42,2,2,4,224,23482.42,295.8415118,55,1.1912,2,42.4353,10.7713,27.7592,65.2965,845.8017,12.4383,6.5601,0.5882,50,0.909090909,0.5882,1.1912,0.25382877,Diamond,4
CUST353,4249.11,708.185,693.142,6,414.7,120.25,1853.37,2544.41,424.0683,482.0711,256.545,625,104.1667,140.5139,42.5,20,380,9.6786,6.2384,4.81,20.5017,7.8384,4.7882,3.5427,3.225,4,3,10/3/2022,2/21/2025,6,4249.11,2544.41,1704.7,0.401189896,1062.2775,156.25,0.644556031,1.348933008,872,218.0,1.672394044,3,0.75,199,4,4249.11,3,2,3,323,4249.11,84.9822,9,1.4,2,12.1407,7.4217,4.81,23.7011,1292.3866,86.1591,122.4855,0.4,10,1.111111111,0.4,1.4,0.61130742,Platinum,5
CUST354,1319.56,109.9633,82.9636,12,87.11,37.88,279.5,767.84,63.9867,49.1062,45.305,66,5.5,14.0292,1.0,1,50,92.9882,88.4137,31.23,279.5,61.3325,53.315,51.8681,36.205,9,5,2/8/2022,8/15/2024,12,1319.56,767.84,551.72,0.418109067,146.6177778,7.333333333,0.950805586,2.550763636,919,102.1111111,3.570652174,5,0.555555556,389,9,1319.56,2,3,2,232,1319.56,30.45138462,19,1.2083,2,102.9776,93.6379,31.23,324.3758,80.086,3.3369,9.9544,0.5,14,0.736842105,0.5,1.2083,0.909303577,Platinum,5
CUST355,113993.35,1085.651,1917.1416,105,345.6,19.87,10114.0,80601.23,767.6308,1411.9843,228.6,855318,8145.8857,12401.518,6000.0,1,51000,18.8309,52.6733,0.051,501.67,0.0576,13.3227,37.8981,0.0387,71,17,1/7/2022,8/30/2024,105,113993.35,80601.23,33392.12,0.292930421,1605.540141,12046.73239,2.797173794,1.522427205,966,13.6056338,26.79937952,17,0.23943662,374,71,113993.35,3,4,5,345,113993.35,21582.74093,166,1.2315,2,17.5748,54.2264,0.051,549.3943,1849827.999,8564.0185,12519.1532,0.4861,134,0.807228916,0.4861,1.2315,3.085463277,Platinum,5
CUST356,20275.26,311.9271,242.8809,65,250.29,9.15,861.32,12528.7,192.7492,140.1328,173.68,334,5.1385,3.5789,5.0,1,14,59.8341,19.683,1.83,104.0267,62.0283,37.3531,9.3899,35.21,28,8,3/2/2022,8/5/2025,65,20275.26,12528.7,7746.56,0.382069576,724.1164286,11.92857143,0.328959573,0.696487302,1252,44.71428571,8.156424581,8,0.285714286,34,28,20275.26,4,4,4,444,20275.26,16220.208,94,1.1826,2,62.0857,21.1215,1.83,131.707,582.7635,5.0675,3.4486,0.5652,81,0.861702128,0.5652,1.1826,0.340199112,Platinum,5
CUST357,10812.22,79.5016,81.5749,136,41.14,0.74,435.06,5945.36,43.7159,45.4433,22.44,1005,7.3897,14.0191,4.0,1,150,28.0029,27.9856,0.74,99.64,23.575,15.3226,14.3922,11.95,54,12,1/6/2022,8/7/2024,136,10812.22,5945.36,4866.86,0.450125876,200.2262963,18.61111111,0.999382207,1.89711355,944,17.48148148,20.85714286,12,0.222222222,397,54,10812.22,2,4,3,243,10812.22,1466.984623,198,1.2174,2,30.379,31.2202,0.74,127.5049,1846.4879,7.2984,11.6802,0.5375,176,0.888888889,0.5375,1.2174,1.027690181,Platinum,5
CUST358,124.3,124.3,0.0,1,124.3,124.3,124.3,85.77,85.77,0.0,85.77,3,3.0,0.0,3.0,3,3,41.4333,0.0,41.4333,41.4333,41.4333,28.59,0.0,28.59,1,1,1/3/2022,1/3/2022,1,124.3,85.77,38.53,0.309975865,124.3,3.0,0.0,0.0,0,0.0,365.0,1,1.0,1344,1,124.3,1,1,1,111,124.3,0.092416357,2,1.0,1,43.0539,2.2918,41.4333,44.6744,6.47,3.235,0.3323,0.5,1,0.5,0.5,1.0,0.05323095,Diamond,4
CUST359,25799.76,125.8525,95.7167,205,103.2,19.2,510.22,14460.97,70.5413,54.648,60.02,78499,382.922,785.7317,2.0,1,2000,58.8502,63.2278,1.6,510.22,48.47,33.527,36.8814,27.54,61,9,1/10/2022,8/7/2025,205,25799.76,14460.97,11338.79,0.439492073,422.9468852,1286.868852,1.074385474,2.051936687,1305,21.39344262,17.0482389,9,0.147540984,32,61,25799.76,4,4,4,444,25799.76,47690.46545,298,1.2199,2,62.1135,68.5722,1.6,602.5353,155896.9173,408.1071,802.5098,0.5366,258,0.865771812,0.5366,1.2199,1.103982226,Platinum,5
CUST36,2310.76,770.2533,752.9573,3,684.78,63.68,1562.3,1566.5,522.1667,523.4941,450.0,11003,3667.6667,6349.987,2.0,1,11000,509.87,389.4046,63.68,781.15,684.78,342.5,267.0061,450.0,3,3,8/8/2022,9/23/2022,3,2310.76,1566.5,744.26,0.322084509,770.2533333,3667.666667,0.763733108,1.731342436,46,15.33333333,23.29787234,3,1.0,1081,3,2310.76,1,1,2,112,2310.76,6.406913124,4,1.3333,2,558.6775,385.2284,63.68,966.5161,22005.1225,3667.5204,5679.7143,0.5,5,1.25,0.5,1.3333,0.689536271,Diamond,4
CUST360,2842.09,52.6313,30.7927,54,50.335,7.97,131.8,1739.58,32.2144,23.8815,27.475,121,2.2407,2.8012,1.0,1,10,44.3868,27.1061,7.97,109.67,37.71,27.4204,22.6792,20.71,12,10,1/4/2022,10/6/2022,54,2842.09,1739.58,1102.51,0.387922268,236.8408333,10.08333333,0.610679301,1.250145044,275,22.91666667,15.86956522,10,0.833333333,1068,12,2842.09,1,3,2,132,2842.09,31.90372311,85,1.1905,2,49.6868,32.7707,7.97,157.4415,226.7768,2.1598,2.6662,0.5143,65,0.764705882,0.5143,1.1905,0.659545392,Diamond,4
CUST361,2449.38,87.4779,45.9853,28,86.035,20.83,203.29,1312.29,46.8675,24.8429,43.57,45,1.6071,0.4973,2.0,1,2,57.9425,32.1076,16.205,107.91,46.105,30.8021,16.4384,30.29,12,7,1/24/2022,3/20/2024,28,2449.38,1312.29,1137.09,0.464235847,204.115,3.75,0.554128662,0.309439363,786,65.5,5.565438374,7,0.583333333,537,12,2449.38,2,3,2,232,2449.38,54.63301115,43,1.2951,2,63.356,32.5077,16.205,120.3054,95.5533,1.5664,0.5159,0.459,39,0.906976744,0.459,1.2951,0.513095839,Diamond,4
CUST362,231895.97,149.4175,402.6114,1552,25.72,0.01,7258.0,127970.18,82.455,290.1523,11.855,528010,340.2126,805.3853,62.0,1,10000,1.5233,13.934,0.008,455.0,0.3366,0.9417,9.4054,0.144,940,306,1/3/2022,9/8/2025,1552,231895.97,127970.18,103925.79,0.448156947,246.6978404,561.712766,9.14724611,2.367300035,1344,1.429787234,255.0929368,306,0.325531915,0,940,231895.97,5,5,5,555,231895.97,217982211.8,2242,1.2231,2,1.467,13.6198,0.008,455.0,972416.5303,336.9427,796.4996,0.5378,1992,0.888492417,0.5378,1.2231,9.284117246,Gold,3
CUST363,5134.01,155.5761,269.8787,33,91.25,3.82,1415.39,4475.44,135.6194,231.1653,73.0,1858,56.303,109.6781,4.0,1,475,40.6702,28.6704,3.82,86.47,40.85,35.3322,26.4279,29.15,6,28,1/11/2022,9/13/2022,33,5134.01,4475.44,658.57,0.128275948,855.6683333,309.6666667,0.704948586,1.947997442,245,40.83333333,8.902439024,28,4.666666667,1091,6,5134.01,1,2,3,123,5134.01,28.20884615,49,1.2687,2,46.0949,33.0419,3.82,110.5551,4604.9155,68.7301,120.4813,0.4925,48,0.979591837,0.4925,1.2687,0.716823336,Diamond,4
CUST364,8656.13,129.196,320.6315,67,82.06,33.0,2684.44,5254.44,78.4245,173.8926,44.32,20519,306.2537,621.3468,125.0,50,4000,2.7878,18.1513,0.014,149.1356,0.4895,1.5111,9.8006,0.33,36,7,1/7/2022,8/4/2025,67,8656.13,5254.44,3401.69,0.392980466,240.4480556,569.9722222,6.510976397,2.028862998,1305,36.25,10.06125574,7,0.194444444,35,36,8656.13,4,4,3,443,8656.13,8656.13,100,1.1935,2,5.8773,29.2165,0.014,178.7239,62272.162,502.1949,968.0343,0.5403,82,0.82,0.5403,1.1935,4.971075154,Platinum,5
CUST365,381.23,95.3075,34.8656,4,107.585,45.02,121.04,206.88,51.72,19.3864,59.28,7,1.75,0.5,2.0,1,2,53.2812,7.2975,45.02,60.52,53.7925,28.73,4.1049,29.64,4,1,2/16/2022,8/7/2024,4,381.23,206.88,174.35,0.457335467,95.3075,1.75,0.136962005,0.285714286,903,225.75,1.615044248,1,0.25,397,4,381.23,2,2,1,221,381.23,3.831457286,7,1.3,2,55.607,7.7222,45.02,65.8193,15.2808,1.5281,0.4974,0.4,5,0.714285714,0.4,1.3,0.138871005,Platinum,5
CUST366,858709.24,2602.1492,2961.4335,330,584.67,23.39,7370.0,743427.51,2252.8106,2603.1403,467.73,24372954,73857.4364,92470.0698,2500.0,2,220000,2.1308,4.575,0.0299,26.825,0.0739,1.7804,3.8274,0.0422,264,10,1/6/2022,8/27/2025,330,858709.24,743427.51,115281.73,0.134250017,3252.686515,92321.79545,2.147080909,1.252007574,1329,5.034090909,72.45112782,10,0.037878788,12,264,858709.24,5,5,5,555,858709.24,17438403.03,469,1.2118,2,2.5397,5.1696,0.0299,37.1765,42268836.94,71040.0621,91624.5805,0.5546,419,0.893390192,0.5546,1.2118,2.035516006,Platinum,5
CUST367,179.79,89.895,83.9124,2,89.895,30.56,149.23,116.76,58.38,55.5503,58.38,2,1.0,0.0,1.0,1,1,89.895,83.9124,30.56,149.23,89.895,58.38,55.5503,58.38,2,2,3/31/2022,3/31/2022,2,179.79,116.76,63.03,0.350575672,89.895,1.0,0.933449024,0.0,0,0.0,730.0,2,1.0,1257,2,179.79,1,1,1,111,179.79,0.285834658,2,1.0,1,89.895,83.9124,30.56,149.23,2.0,1.0,0.0,1.0,2,1.0,1.0,1.0,0.933449024,Diamond,4
CUST368,2614.27,174.2847,95.9385,15,200.0,22.04,300.0,1531.49,102.0993,56.7042,121.04,1915,127.6667,113.4792,200.0,1,300,13.494,19.8381,0.7842,61.93,1.3111,7.3885,10.659,0.8088,14,6,1/12/2022,11/27/2023,15,2614.27,1531.49,1082.78,0.414180632,186.7335714,136.7857143,1.470142285,0.888870786,684,48.85714286,7.459854015,6,0.428571429,651,14,2614.27,2,3,2,232,2614.27,56.1346319,23,1.2333,2,19.9697,25.7699,0.7842,78.8904,3309.4583,110.3153,112.1775,0.5,19,0.826086957,0.5,1.2333,1.290450032,Diamond,4
CUST369,381.97,95.4925,21.0895,4,105.88,63.86,106.35,189.9,47.475,6.6556,50.285,4,1.0,0.0,1.0,1,1,95.4925,21.0895,63.86,106.35,105.88,47.475,6.6556,50.285,4,1,6/28/2022,2/26/2025,4,381.97,189.9,192.07,0.502840537,95.4925,1.0,0.220849805,0.0,974,243.5,1.497435897,1,0.25,194,4,381.97,3,2,1,321,381.97,7.835282051,6,1.3333,2,110.1782,20.7774,63.86,139.4405,9.0588,1.0065,0.0242,0.4444,7,1.166666667,0.4444,1.3333,0.188579955,Platinum,5
CUST37,150652.08,231.4164,873.6361,651,47.25,1.18,9479.56,85445.39,131.2525,473.4389,27.37,139364,214.0768,1245.1512,3.0,1,12284,27.1629,57.745,0.0877,628.2167,15.315,16.0305,34.1261,8.93,89,93,1/3/2022,7/16/2025,651,150652.08,85445.39,65206.69,0.43282967,1692.72,1565.88764,2.125877576,5.816376179,1290,14.49438202,25.1626646,93,1.04494382,54,89,150652.08,4,5,5,455,150652.08,243782.4567,942,1.2176,2,28.252,57.3054,0.0877,628.2167,314867.3444,261.5177,1349.7987,0.5407,826,0.876857749,0.5407,1.2176,2.028366133,Platinum,5
CUST370,1325.59,220.9317,204.1041,6,167.3,61.02,595.37,714.6,119.1,106.5509,93.825,32,5.3333,2.3381,4.5,4,10,36.0928,19.812,15.255,59.537,35.4412,19.665,11.6829,19.665,4,2,3/2/2022,12/7/2022,6,1325.59,714.6,610.99,0.460919289,331.3975,8.0,0.548918344,0.43839649,280,70.0,5.195729537,2,0.5,1006,4,1325.59,1,2,2,122,1325.59,5.26550149,11,1.1538,2,39.3101,18.0735,15.255,59.537,62.9156,4.8397,1.6123,0.4615,8,0.727272727,0.4615,1.1538,0.459767337,Diamond,4
CUST371,7386.27,110.2428,84.0128,67,95.53,6.12,346.97,4262.11,63.6136,39.8427,55.15,131,1.9552,0.895,2.0,1,4,57.3772,31.3157,4.8,122.985,49.28,34.1638,16.8887,35.69,45,16,2/7/2022,8/19/2025,67,7386.27,4262.11,3124.16,0.422968562,164.1393333,2.911111111,0.54578648,0.457753682,1289,28.64444444,12.73255814,16,0.355555556,20,45,7386.27,4,4,3,443,7386.27,15827.72143,96,1.2381,2,61.2855,31.4991,4.8,146.4242,253.4538,2.0115,0.9105,0.5317,85,0.885416667,0.5317,1.2381,0.513973126,Platinum,5
CUST372,36.48,36.48,0.0,1,36.48,36.48,36.48,19.7,19.7,0.0,19.7,2,2.0,0.0,2.0,2,2,18.24,0.0,18.24,18.24,18.24,9.85,0.0,9.85,1,1,8/31/2022,8/31/2022,1,36.48,19.7,16.78,0.45997807,36.48,2.0,0.0,0.0,0,0.0,365.0,1,1.0,1104,1,36.48,1,1,1,111,36.48,0.033013575,1,1.5,2,22.2059,5.6086,18.24,26.1717,4.0,2.0,0.0,0.5,2,2.0,0.5,1.5,0.252572515,Diamond,4
CUST373,328.75,65.75,17.4645,5,58.14,47.59,86.74,176.96,35.392,2.2418,35.69,5,1.0,0.0,1.0,1,1,65.75,17.4645,47.59,86.74,58.14,35.392,2.2418,35.69,5,1,1/21/2022,5/7/2025,5,328.75,176.96,151.79,0.461718631,65.75,1.0,0.265619772,0.0,1202,240.4,1.517040732,1,0.2,124,5,328.75,3,2,1,321,328.75,13.15,6,1.25,2,69.0868,22.4726,47.59,112.1579,8.0296,1.0037,0.0105,0.625,7,1.166666667,0.625,1.25,0.325280661,Platinum,5
CUST374,571.34,142.835,19.5738,4,151.225,113.72,155.17,288.4,72.1,2.4253,72.65,8,2.0,0.0,2.0,2,2,71.4175,9.7869,56.86,77.585,75.6125,36.05,1.2126,36.325,4,1,4/21/2022,9/8/2025,4,571.34,288.4,282.94,0.495221759,142.835,2.0,0.137037841,0.0,1236,309.0,1.180274859,1,0.25,0,4,571.34,5,2,1,521,571.34,2285.36,9,1.1,2,79.8894,9.6409,56.86,89.9858,19.7997,1.98,0.1566,0.4,4,0.444444444,0.4,1.1,0.120678087,Platinum,5
CUST375,386.29,24.1431,20.7997,16,22.5,1.16,77.6,347.47,21.7169,18.7298,20.25,179,11.1875,12.4323,3.0,1,30,21.3236,22.857,0.2888,77.6,17.32,19.1898,20.5737,15.5875,7,11,8/10/2022,6/14/2023,16,386.29,347.47,38.82,0.100494447,55.18428571,25.57142857,1.071910934,1.111267039,308,44.0,8.268608414,11,1.571428571,817,7,386.29,2,2,1,221,386.29,3.305660147,19,1.2083,2,20.1975,21.3927,0.2888,77.6,224.5346,9.3556,12.0131,0.6667,19,1.0,0.6667,1.2083,1.059175641,Diamond,4
CUST376,2567.82,513.564,673.3424,5,245.4,174.34,1716.07,1748.4,349.68,495.415,145.85,1516,303.2,645.6227,24.0,5,1458,23.2639,24.8268,1.177,51.534,7.2642,13.7379,14.3289,4.5762,4,3,1/7/2022,5/29/2024,5,2567.82,1748.4,819.42,0.319111153,641.955,379.0,1.067181341,2.129362467,873,218.25,1.670480549,3,0.75,467,4,2567.82,2,2,2,222,2567.82,21.94717949,6,1.25,2,22.9728,24.9701,1.177,57.8287,2717.7031,339.7129,607.0492,0.625,7,1.166666667,0.625,1.25,1.086941949,Platinum,5
CUST377,13794.75,2299.125,1825.9784,6,1435.42,946.94,5385.6,7520.43,1253.405,979.6735,820.55,5482,913.6667,1396.6455,25.0,15,3000,66.3996,13.9065,51.54,89.76,62.232,36.2775,6.9896,33.3256,5,2,6/23/2022,6/5/2025,6,13794.75,7520.43,6274.32,0.454833904,2758.95,1096.4,0.209436503,1.52861596,1078,215.6,1.691380908,2,0.4,95,5,13794.75,4,2,4,424,13794.75,718.4765625,11,1.2143,2,71.0299,14.2349,51.54,96.0468,11383.0538,813.0753,1302.6933,0.4286,7,0.636363636,0.4286,1.2143,0.200407152,Platinum,5
CUST378,271.99,24.7264,8.2599,11,22.18,17.16,39.65,151.6,13.7818,3.5828,13.09,11,1.0,0.0,1.0,1,1,24.7264,8.2599,17.16,39.65,22.18,13.7818,3.5828,13.09,4,4,2/14/2022,4/3/2023,11,271.99,151.6,120.39,0.442626567,67.9975,2.75,0.334051864,0.0,413,103.25,3.526570048,4,1.0,889,4,271.99,1,2,1,121,271.99,1.222426966,16,1.2727,2,25.2971,8.4075,17.16,45.0501,21.865,0.9939,0.0472,0.5,16,1.0,0.5,1.2727,0.332350348,Diamond,4
CUST379,4423.11,90.2676,32.9499,49,91.22,41.78,206.16,2239.95,45.7133,16.1704,43.19,76,1.551,0.6145,1.0,1,3,64.6947,27.2757,25.385,103.08,45.8767,33.2226,14.9754,21.595,29,3,2/17/2022,4/1/2025,49,4423.11,2239.95,2183.16,0.493580309,152.5210345,2.620689655,0.421606407,0.396196003,1139,39.27586207,9.285087719,3,0.103448276,160,29,4423.11,3,4,3,343,4423.11,796.7092547,62,1.1842,2,67.0084,28.3058,25.385,125.1796,116.135,1.5281,0.6054,0.6447,59,0.951612903,0.6447,1.1842,0.422421667,Platinum,5
CUST38,3672544.53,211.1143,350.835,17396,124.89,0.01,16146.17,2745584.64,157.8285,276.3206,87.01,21061054,1210.6837,4849.506,360.0,1,200000,11.0208,101.7075,0.0006,2680.88,0.288,9.1508,88.6067,0.2103,4710,722,1/4/2022,9/8/2025,17396,3672544.53,2745584.64,926959.89,0.252402628,779.7334459,4471.561359,9.228685758,4.005592873,1343,0.285138004,1279.129464,722,0.15329087,0,4710,3672544.53,5,5,5,555,3672544.53,17297684736.0,25356,1.221,2,12.4546,116.1423,0.0006,3892.9617,39597068.95,1216.4998,5107.0119,0.5344,22343,0.881172109,0.5344,1.221,9.32525332,Silver,2
CUST380,8603.26,83.5268,162.1791,103,73.15,20.88,1685.8,7108.7,69.0165,213.3409,52.68,1406,13.6505,118.0457,2.0,1,1200,38.131,7.8056,20.88,84.29,36.585,26.4256,9.2951,26.34,10,5,2/7/2022,6/29/2023,103,8603.26,7108.7,1494.56,0.173720194,860.326,140.6,0.204704833,8.647719864,507,50.7,7.18503937,5,0.5,802,10,8603.26,2,3,3,233,8603.26,107.1389788,151,1.2216,2,40.5863,9.0647,20.88,84.29,1598.9605,8.2421,86.0141,0.5309,136,0.900662252,0.5309,1.2216,0.223343838,Diamond,4
CUST381,450.93,90.186,26.5565,5,101.09,49.08,113.72,209.43,41.886,7.395,46.5,5,1.0,0.0,1.0,1,1,90.186,26.5565,49.08,113.72,101.09,41.886,7.395,46.5,5,1,3/4/2022,7/29/2025,5,450.93,209.43,241.5,0.535559843,90.186,1.0,0.294463664,0.0,1243,248.6,1.467041801,1,0.2,41,5,450.93,4,2,1,421,450.93,53.68214286,6,1.3333,2,90.8857,32.6783,49.08,132.77,9.3841,1.0427,0.0847,0.5556,7,1.166666667,0.5556,1.3333,0.359553813,Platinum,5
CUST382,1701.86,81.041,33.5306,21,66.48,6.48,146.18,906.17,43.151,20.0533,37.02,90,4.2857,6.6041,2.0,1,20,51.561,20.478,3.24,85.41,56.725,26.706,10.0952,25.85,11,5,2/2/2022,1/5/2024,21,1701.86,906.17,795.69,0.467541396,154.7145455,8.181818182,0.397160645,1.540961803,702,63.81818182,5.711237553,5,0.454545455,612,11,1701.86,2,3,2,232,1701.86,30.53908646,27,1.1818,2,54.4151,20.8487,3.24,85.41,112.7958,3.4181,5.3641,0.6364,27,1.0,0.6364,1.1818,0.383141812,Diamond,4
CUST383,923.72,83.9745,27.1913,11,81.19,35.87,128.91,470.62,42.7836,12.6205,37.52,17,1.5455,0.5222,2.0,1,2,57.645,18.8655,31.23,81.21,64.455,29.5486,9.9014,29.82,9,4,2/11/2022,7/9/2025,11,923.72,470.62,453.1,0.490516607,102.6355556,1.888888889,0.327270362,0.33788418,1244,138.2222222,2.638554217,4,0.444444444,61,9,923.72,4,3,2,432,923.72,134.0883871,15,1.1667,2,58.5393,17.9094,31.23,86.0454,27.8977,1.5499,0.5404,0.6111,13,0.866666667,0.6111,1.1667,0.305938062,Platinum,5
CUST384,2180.64,242.2933,188.9843,9,152.25,72.0,539.24,966.98,107.4422,101.9484,43.2,146,16.2222,12.3063,18.0,2,30,88.6575,117.5652,2.98,269.62,15.225,43.1554,58.6807,7.2,8,3,2/24/2022,11/13/2023,9,2180.64,966.98,1213.66,0.556561376,272.58,18.25,1.326060401,0.758608573,627,78.375,4.649681529,3,0.375,665,8,2180.64,2,2,2,222,2180.64,26.19387387,15,1.1176,2,99.6863,120.9682,2.98,290.7448,256.2121,15.0713,11.4247,0.5294,10,0.666666667,0.5294,1.1176,1.213488714,Diamond,4
CUST385,3706.46,617.7433,502.0472,6,478.38,186.4,1520.0,3042.0,507.0,362.1609,430.5,18500,3083.3333,1878.7407,3150.0,800,6000,0.4452,0.7184,0.041,1.9,0.2278,0.3431,0.5098,0.205,6,3,3/26/2024,6/4/2025,6,3706.46,3042.0,664.46,0.179270787,617.7433333,3083.333333,1.613656783,0.609321315,435,72.5,5.02293578,3,0.5,96,6,3706.46,4,2,3,423,3706.46,229.265567,8,1.3333,2,0.4469,0.7666,0.041,2.2398,46609.364,3884.1137,2420.9181,0.5,9,1.125,0.5,1.3333,1.715372567,Diamond,4
CUST386,2526.58,180.47,156.24,14,140.2,25.91,439.09,2069.32,147.8086,135.64,105.73,22,1.5714,0.9376,1.0,1,4,152.1368,153.0538,18.2,439.09,90.925,126.9495,133.4092,74.175,5,14,2/2/2022,9/15/2022,14,2526.58,2069.32,457.26,0.180979823,505.316,4.4,1.00602747,0.596665394,225,45.0,8.075221239,14,2.8,1089,5,2526.58,1,2,2,122,2526.58,11.58981651,20,1.2,2,154.6953,158.5785,18.2,503.1072,36.7103,1.4684,0.8345,0.56,18,0.9,0.56,1.2,1.025102249,Diamond,4
CUST387,227.87,75.9567,36.4212,3,60.67,49.67,117.53,124.08,41.36,20.198,30.94,4,1.3333,0.5774,1.0,1,2,56.3683,5.8786,49.67,60.67,58.765,30.5867,1.9344,30.94,3,1,4/13/2022,6/26/2024,3,227.87,124.08,103.79,0.455479001,75.95666667,1.333333333,0.104289113,0.433060827,805,268.3333333,1.358560794,1,0.333333333,439,3,227.87,2,1,1,211,227.87,1.553659091,3,1.4,2,57.2989,4.9785,49.67,62.1249,7.0,1.4,0.5477,0.6,5,1.666666667,0.6,1.4,0.086886485,Diamond,4
CUST388,15283.01,305.6602,176.8978,50,245.41,160.31,1130.34,5155.67,103.1134,48.156,80.645,6750,135.0,131.1777,100.0,69,1000,5.6041,21.9368,1.6031,157.555,2.4541,2.1498,9.1657,0.811,47,3,1/14/2022,8/8/2025,50,15283.01,5155.67,10127.34,0.662653496,325.1704255,143.6170213,3.9144198,0.971686667,1302,27.70212766,13.1657713,3,0.063829787,31,47,15283.01,4,4,4,444,15283.01,22446.92094,75,1.1477,2,6.333,24.1091,1.6031,169.1586,12251.6876,139.2237,148.8826,0.5682,57,0.76,0.5682,1.1477,3.806900363,Platinum,5
CUST389,115.69,115.69,0.0,1,115.69,115.69,115.69,53.22,53.22,0.0,53.22,1,1.0,0.0,1.0,1,1,115.69,0.0,115.69,115.69,115.69,53.22,0.0,53.22,1,1,6/12/2023,6/12/2023,1,115.69,53.22,62.47,0.539977526,115.69,1.0,0.0,0.0,0,0.0,365.0,1,1.0,819,1,115.69,2,1,1,211,115.69,0.141085366,2,1.0,1,122.6655,9.8649,115.69,129.641,2.1905,1.0953,0.1347,0.5,1,0.5,0.5,1.0,0.080421145,Diamond,4
CUST39,412.25,58.8929,28.2248,7,61.03,17.77,103.07,469.03,67.0043,41.9797,65.52,29,4.1429,7.0812,1.0,1,20,52.1504,32.4246,15.7325,103.07,58.94,59.9843,46.1689,54.93,3,7,9/22/2023,11/12/2024,7,412.25,469.03,-56.78,-0.137731959,137.4166667,9.666666667,0.621751703,1.709237491,417,139.0,2.619617225,7,2.333333333,300,3,412.25,3,1,1,311,412.25,4.108803987,10,1.1667,2,43.3933,29.1846,15.7325,103.07,43.7928,3.6494,5.3872,0.5833,8,0.8,0.5833,1.1667,0.67256005,Diamond,4
CUST390,100052.49,1640.2048,691.0582,61,1690.0,195.53,3510.0,71247.88,1167.998,503.4551,1224.0,585,9.5902,4.1888,10.0,1,20,178.1164,27.0761,169.0,307.57,169.0,123.8362,10.6977,122.4,54,4,1/4/2022,1/17/2024,61,100052.49,71247.88,28804.61,0.287894984,1852.823889,10.83333333,0.152013515,0.436779212,743,13.75925926,26.49193548,4,0.074074074,600,54,100052.49,2,4,5,245,100052.49,8989.741198,103,1.2426,2,192.0425,33.142,169.0,347.5334,1283.9521,9.4408,4.3661,0.4485,77,0.747572816,0.4485,1.2426,0.172576383,Diamond,4
CUST391,12532.75,198.9325,251.9188,63,79.0,0.38,1479.95,9440.44,149.8483,198.7201,42.3,538,8.5397,17.937,1.0,1,100,132.5663,171.7621,0.034,579.0,27.27,104.2914,140.7145,18.3,33,57,1/6/2022,3/25/2025,63,12532.75,9440.44,3092.31,0.246738346,379.780303,16.3030303,1.295669412,2.100425073,1174,35.57575758,10.25106383,57,1.727272727,167,33,12532.75,3,4,4,344,12532.75,2461.790179,88,1.2414,2,120.3221,159.9867,0.034,579.0,887.5365,7.6512,15.3353,0.5431,80,0.909090909,0.5431,1.2414,1.329653488,Platinum,5
CUST392,25283.62,59.9138,126.9185,422,20.83,1.15,1200.0,17285.83,40.9617,96.8672,12.41,16071,38.0829,54.2983,12.0,1,300,24.1087,89.5731,0.0249,1200.0,2.6689,17.4615,71.766,1.68,147,192,1/3/2022,8/29/2025,422,25283.62,17285.83,7997.79,0.316322979,171.997415,109.3265306,3.715384903,1.425792153,1334,9.074829932,40.19101124,192,1.306122449,10,147,25283.62,5,5,4,554,25283.62,337881.1036,628,1.2228,2,22.4992,75.7398,0.0249,1200.0,32442.4382,40.1515,55.1615,0.5223,545,0.867834395,0.5223,1.2228,3.366333025,Gold,3
CUST393,2885.03,169.7076,166.8447,17,170.45,13.67,551.4,1239.03,72.8841,71.2381,78.14,356,20.9412,21.9017,24.0,1,60,12.503,6.846,6.31,26.39,9.19,5.5656,2.8194,3.4092,17,4,2/17/2022,5/13/2025,17,2885.03,1239.03,1646.0,0.570531329,169.7076471,20.94117647,0.547548588,1.045866521,1181,69.47058824,5.249576988,4,0.235294118,118,17,2885.03,3,3,2,332,2885.03,412.1471429,23,1.2333,2,13.5321,6.7471,6.31,30.4662,472.7785,15.7593,18.6257,0.5667,21,0.913043478,0.5667,1.2333,0.498599626,Platinum,5
CUST394,38773.21,196.8183,280.2367,197,52.44,0.49,1235.7,24558.4,124.6619,177.3502,26.67,57970,294.264,975.6104,2.0,1,5450,64.2632,114.1378,0.0245,449.0,4.5,46.4745,87.3276,2.33,93,128,1/7/2022,8/29/2025,197,38773.21,24558.4,14214.81,0.366614216,416.9162366,623.3333333,1.776098918,3.315425604,1330,14.30107527,25.50338092,128,1.376344086,10,93,38773.21,5,5,4,554,38773.21,327809.8664,284,1.2324,2,75.8384,126.3854,0.0245,465.9741,116336.3621,314.4226,1033.1059,0.5324,254,0.894366197,0.5324,1.2324,1.666509315,Platinum,5
CUST395,172189.79,1434.9149,4705.4231,120,180.93,2.45,41768.92,112265.98,935.5498,3147.42,89.425,208245,1735.375,4957.9797,300.0,2,43760,9.2402,45.005,0.0627,469.0,0.5344,5.9864,32.8405,0.2858,46,34,1/19/2022,9/4/2025,120,172189.79,112265.98,59923.81,0.348010239,3743.256304,4527.065217,4.870565572,2.857007678,1324,28.7826087,12.67169811,34,0.739130435,4,46,172189.79,5,4,5,545,172189.79,1584146.068,162,1.2098,2,7.7327,35.9859,0.0627,469.0,383788.5515,1872.1393,5056.0047,0.5854,152,0.938271605,0.5854,1.2098,4.653730262,Platinum,5
CUST396,6181.03,137.3562,91.964,45,101.43,7.96,364.97,3363.49,74.7442,53.7165,53.76,513,11.4,12.9271,12.0,1,72,66.4561,43.7146,3.4575,180.555,88.94,37.0564,25.6141,26.88,22,6,1/24/2022,5/6/2025,45,6181.03,3363.49,2817.54,0.455836649,280.9559091,23.31818182,0.657796651,1.13395614,1198,54.45454545,6.697247706,6,0.272727273,125,22,6181.03,3,4,3,343,6181.03,1079.22746,62,1.1948,2,73.7603,48.1047,3.4575,192.5088,953.4597,12.3826,16.4629,0.5844,54,0.870967742,0.5844,1.1948,0.652176035,Platinum,5
CUST397,964.16,482.08,127.2085,2,482.08,392.13,572.03,489.5,244.75,46.669,244.75,110,55.0,0.0,55.0,55,55,482.08,127.2085,392.13,572.03,482.08,244.75,46.669,244.75,2,1,8/9/2023,5/28/2025,2,964.16,489.5,474.66,0.492304182,482.08,55.0,0.263874253,0.0,658,329.0,1.107738998,1,0.5,103,2,964.16,3,1,2,312,964.16,18.54153846,3,1.25,2,458.4377,78.3893,392.13,572.03,198.0162,49.5041,6.3462,0.5,2,0.666666667,0.5,1.25,0.170992264,Diamond,4
CUST398,1520.88,304.176,118.7693,5,361.33,122.72,399.4,891.36,178.272,80.4346,195.12,288,57.6,21.4663,72.0,24,72,62.9678,2.7958,60.2217,66.5667,61.36,36.216,5.061,32.52,2,2,12/2/2022,8/18/2023,5,1520.88,891.36,629.52,0.413918258,760.44,144.0,0.044400471,0.372678819,259,129.5,2.807692308,2,1.0,752,2,1520.88,2,1,2,212,1520.88,4.039521912,6,1.1429,2,67.9605,11.5204,60.2217,93.2646,431.0071,61.5724,18.7965,0.7143,6,1.0,0.7143,1.1429,0.169516116,Diamond,4
CUST399,1197.15,92.0885,44.3806,13,84.16,21.33,160.56,667.3,51.3308,19.3202,63.12,220,16.9231,11.0488,24.0,1,24,70.3741,57.3342,3.5067,160.56,69.94,37.1143,26.5231,29.65,11,4,4/20/2022,8/5/2025,13,1197.15,667.3,529.85,0.442592825,108.8318182,20.0,0.814705978,0.652882746,1203,109.3636364,3.334717608,4,0.363636364,34,11,1197.15,4,3,2,432,1197.15,376.2471429,21,1.16,2,63.7319,62.5528,3.5067,210.8149,361.5933,14.4637,11.303,0.52,16,0.761904762,0.52,1.16,0.981499061,Platinum,5
CUST40,710014.32,263.6518,685.6215,2693,95.52,1.41,9079.88,445558.355,165.4506,393.2885,67.68,426166,158.2495,756.4184,12.0,1,11316,60.3242,154.6707,0.2408,3700.44,32.75,38.7645,103.2738,23.41,210,210,1/14/2022,8/28/2025,2693,710014.32,445558.355,264455.965,0.372465678,3381.020571,2029.361905,2.563990902,4.779910205,1322,6.295238095,57.93650794,210,1.0,11,210,710014.32,5,5,5,555,710014.32,12425250.6,3931,1.2151,2,62.5115,151.8449,0.2408,4232.0473,852000.6518,170.1279,811.2662,0.5377,3431,0.872805902,0.5377,1.2151,2.429071451,Gold,3
CUST400,6747.07,124.9457,93.6578,54,91.045,1.97,399.45,3603.68,66.7348,45.4366,45.78,94,1.7407,1.0673,1.0,1,4,71.5564,22.4001,1.97,99.865,71.8,38.0894,10.2296,43.5,20,5,1/5/2022,2/25/2025,54,6747.07,3603.68,3143.39,0.465889638,337.3535,4.7,0.313041182,0.613144137,1147,57.35,6.358885017,5,0.25,195,20,6747.07,3,3,3,333,6747.07,688.4765306,78,1.1959,2,75.7047,24.2903,1.97,126.209,168.8795,1.741,1.0571,0.5567,67,0.858974359,0.5567,1.1959,0.320855905,Platinum,5
CUST401,552.94,92.1567,53.5913,6,64.46,48.75,161.26,328.58,54.7633,30.5383,41.11,26,4.3333,4.4121,2.0,1,10,33.1613,15.8123,16.042,53.59,32.23,19.8917,9.2289,20.555,2,4,4/12/2022,10/11/2022,6,552.94,328.58,224.36,0.40575831,276.47,13.0,0.476829919,1.018184755,182,91.0,3.989071038,4,2.0,1063,2,552.94,1,1,1,111,552.94,1.039360902,9,1.1,2,34.9399,18.1083,16.042,60.0931,45.8456,4.5846,4.1893,0.6,6,0.666666667,0.6,1.1,0.518269944,Diamond,4
CUST402,735.71,183.9275,101.7205,4,184.625,62.46,304.0,417.4,104.35,53.3459,106.63,49,12.25,12.3929,10.0,2,27,79.2971,34.6504,31.23,107.595,89.1817,45.2325,18.106,52.035,3,2,2/15/2022,2/5/2024,4,735.71,417.4,318.31,0.432656889,245.2366667,16.33333333,0.436969322,1.011665306,720,240.0,1.518723994,2,0.666666667,581,3,735.71,2,1,1,211,735.71,3.792319588,7,1.2222,2,74.5368,33.1713,31.23,115.1947,118.1685,13.1298,11.0413,0.4444,6,0.857142857,0.4444,1.2222,0.445032521,Diamond,4
CUST403,824.86,68.7383,33.0616,12,64.46,31.23,162.83,451.33,37.6108,21.6112,29.95,23,1.9167,3.1754,1.0,1,12,56.2999,19.9034,13.5692,78.93,64.3,30.0483,11.8499,29.87,10,8,4/6/2022,11/8/2024,12,824.86,451.33,373.53,0.452840482,82.486,2.3,0.353524607,1.656701623,947,94.7,3.85021097,8,0.8,304,10,824.86,3,3,2,332,824.86,27.04459016,19,1.2692,2,60.2424,22.3152,13.5692,101.7117,36.9641,1.4217,2.1592,0.4615,17,0.894736842,0.4615,1.2692,0.370423489,Platinum,5
CUST404,519.32,43.2767,22.2517,12,36.68,20.11,91.8,448.92,37.41,16.839,33.01,25,2.0833,3.1754,1.0,1,12,38.1767,16.3502,20.11,66.11,31.09,34.0233,15.7217,27.98,10,5,5/4/2022,2/22/2024,12,519.32,448.92,70.4,0.135561889,51.932,2.5,0.428276933,1.524216387,659,65.9,5.53030303,5,0.5,564,10,519.32,2,3,1,231,519.32,9.191504425,19,1.2692,2,43.9459,17.1653,20.11,75.5347,39.6703,1.5258,2.1721,0.4615,16,0.842105263,0.4615,1.2692,0.390600716,Diamond,4
CUST405,605.4,100.9,114.0878,6,28.48,26.04,248.18,298.36,49.7267,53.4307,15.76,10,1.6667,0.5164,2.0,1,2,54.79,53.9383,14.24,124.09,26.04,27.38,24.9933,15.1,2,3,1/4/2023,1/20/2023,6,605.4,298.36,307.04,0.507168814,302.7,5.0,0.984455193,0.309833803,16,8.0,42.94117647,3,1.5,962,2,605.4,1,1,1,111,605.4,1.257320872,12,1.2,2,53.8605,53.159,14.24,160.1645,23.2366,1.5491,0.5668,0.4,9,0.75,0.4,1.2,0.986975613,Diamond,4
CUST406,380.77,126.9233,28.169,3,135.9,95.36,149.51,194.93,64.9767,20.3747,76.74,5,1.6667,0.5774,2.0,1,2,79.355,14.2722,67.95,95.36,74.755,39.3967,1.7782,38.37,3,1,3/17/2022,7/12/2022,3,380.77,194.93,185.84,0.48806366,126.9233333,1.666666667,0.179852561,0.346433071,117,39.0,9.279661017,1,0.333333333,1154,3,380.77,1,1,1,111,380.77,0.989012987,4,1.2,2,86.6915,20.6612,67.95,118.8678,8.1654,1.6331,0.5819,0.6,4,1.0,0.6,1.2,0.238330171,Diamond,4
CUST407,337.16,112.3867,71.0908,3,107.91,43.64,185.61,162.81,54.27,38.5229,43.4,20,6.6667,9.815,1.0,1,18,81.4517,33.6055,43.64,107.91,92.805,38.0933,13.8733,43.4,1,3,7/27/2022,7/27/2022,3,337.16,162.81,174.35,0.517113537,337.16,20.0,0.412581935,1.472242639,0,0.0,365.0,3,3.0,1139,1,337.16,1,1,1,111,337.16,0.295754386,4,1.3333,2,79.6617,38.238,43.64,135.7948,23.2565,3.8761,6.9196,0.5,4,1.0,0.5,1.3333,0.48000482,Diamond,4
CUST408,1522.67,152.267,48.962,10,124.76,100.26,235.07,740.42,74.042,23.1068,60.02,17,1.7,0.483,2.0,1,2,93.1205,25.2657,58.85,125.9,99.3175,44.9555,10.5015,50.7625,6,3,3/21/2022,6/30/2025,10,1522.67,740.42,782.25,0.513735741,253.7783333,2.833333333,0.271322641,0.284117647,1197,199.5,1.828046745,3,0.5,70,6,1522.67,4,2,2,422,1522.67,128.676338,17,1.2917,2,98.1275,25.7381,58.85,138.8451,42.0435,1.7518,0.4977,0.4167,14,0.823529412,0.4167,1.2917,0.262292426,Platinum,5
CUST409,3612.36,116.5277,98.8751,31,89.09,14.09,499.0,2534.54,81.7594,85.3854,56.69,91,2.9355,4.5966,1.0,1,20,92.8265,92.7311,2.5845,499.0,79.99,65.4326,78.1303,55.67,18,15,2/18/2022,6/7/2023,31,3612.36,2534.54,1077.82,0.298370041,200.6866667,5.055555556,0.998972276,1.565866122,474,26.33333333,13.83157895,15,0.833333333,824,18,3612.36,2,3,3,233,3612.36,78.81512727,42,1.1429,2,95.2104,109.1091,2.5845,562.5664,169.9686,3.4687,5.3089,0.6327,36,0.857142857,0.6327,1.1429,1.145978801,Diamond,4
CUST41,3504361.09,252.9859,525.0652,13852,97.67,0.54,9784.73,2466214.76,178.0403,350.251,71.0,3110200,224.5308,1213.9572,12.0,1,20000,46.9761,118.9519,0.0394,3687.8,37.8,32.2774,83.1804,28.0158,4801,147,1/3/2022,9/5/2025,13852,3504361.09,2466214.76,1038146.33,0.296244109,729.9231598,647.8233701,2.532179129,5.40663998,1341,0.279316809,1305.78614,147,0.030618621,3,4801,3504361.09,5,5,5,555,3504361.09,4206109398.0,20081,1.2199,2,50.3569,131.2147,0.0394,4937.1458,5785046.275,224.7318,1210.6296,0.5381,17747,0.883770729,0.5381,1.2199,2.605694552,Silver,2
CUST410,109.59,54.795,34.1038,2,54.795,30.68,78.91,61.5,30.75,17.8898,30.75,2,1.0,0.0,1.0,1,1,54.795,34.1038,30.68,78.91,54.795,30.75,17.8898,30.75,1,2,10/10/2022,10/10/2022,2,109.59,61.5,48.09,0.43881741,109.59,2.0,0.622388904,0.0,0,0.0,365.0,2,2.0,1064,1,109.59,1,1,1,111,109.59,0.102901408,3,1.4,2,55.1876,26.9754,30.68,89.1814,4.8036,0.9607,0.0878,0.4,4,1.333333333,0.4,1.4,0.488794584,Diamond,4
CUST411,6421.79,267.5746,411.1186,24,148.155,54.95,2034.69,4082.64,170.11,260.0054,82.69,2259,94.125,253.861,20.0,1,1188,55.2331,64.8908,1.7127,177.78,6.9082,32.9543,41.0255,4.1347,15,7,1/13/2022,12/20/2022,24,6421.79,4082.64,2339.15,0.364252023,428.1193333,150.6,1.174853485,2.697062417,341,22.73333333,16.00877193,7,0.466666667,993,15,6421.79,1,3,3,133,6421.79,96.9082998,29,1.2564,2,47.8951,62.4748,1.7127,203.2809,6662.184,170.8252,392.963,0.6154,32,1.103448276,0.6154,1.2564,1.304409011,Diamond,4
CUST412,8404.08,147.44,111.3778,57,129.19,7.64,426.05,4875.7,85.5386,66.0316,72.58,613,10.7544,14.05,4.0,1,60,34.4195,31.0877,2.02,138.39,25.475,19.9022,17.7296,15.8133,21,10,1/20/2022,2/18/2025,57,8404.08,4875.7,3528.38,0.419841315,400.1942857,29.19047619,0.903200221,1.306442014,1125,53.57142857,6.807282416,10,0.476190476,202,21,8404.08,3,3,3,333,8404.08,869.3875862,85,1.2056,2,37.4917,34.7576,2.02,190.1418,1175.8007,10.9888,13.8303,0.5327,71,0.835294118,0.5327,1.2056,0.927074526,Platinum,5
CUST413,60973.69,76.2171,160.9406,800,28.65,0.34,2162.35,36155.7,45.1946,105.2,15.905,119361,149.2012,364.9909,12.0,1,3220,16.9129,46.4665,0.0196,586.07,2.8,10.5656,31.0663,1.555,411,337,1/4/2022,8/11/2025,800,60973.69,36155.7,24817.99,0.407027851,148.3544769,290.4160584,2.747399914,2.44630003,1315,3.199513382,113.9931611,337,0.819951338,28,411,60973.69,4,5,5,455,60973.69,864144.3652,1130,1.2169,2,18.8936,51.0535,0.0196,586.1224,204585.9797,141.7782,358.7988,0.5544,1005,0.889380531,0.5544,1.2169,2.702158403,Gold,3
CUST414,18834.01,138.4854,120.0182,136,105.4,1.49,890.0,5897.92,43.3671,32.2696,33.08,198292,1458.0294,822.0987,1000.0,10,5040,0.1059,0.0808,0.0134,0.445,0.0908,0.0489,0.1938,0.0269,34,23,1/4/2022,11/5/2024,136,18834.01,5897.92,12936.09,0.686847358,553.9414706,5832.117647,0.762983947,0.563842334,1036,30.47058824,11.96721311,23,0.676470588,307,34,18834.01,3,4,4,344,18834.01,2079.079026,196,1.1934,2,0.1072,0.0892,0.0134,0.5113,368040.8877,1514.5716,799.2113,0.5597,172,0.87755102,0.5597,1.1934,0.832089552,Platinum,5
CUST415,89545.83,5596.6144,11703.1326,16,183.32,4.04,40316.0,32486.2,2030.3875,3949.5447,75.8,29949,1871.8125,2516.8789,450.0,2,8400,61.3192,91.6762,0.0246,247.35,0.0482,31.5929,52.6275,0.0155,15,6,10/2/2023,8/4/2025,16,89545.83,32486.2,57059.63,0.63721147,5969.722,1996.6,1.495065167,1.344621269,672,44.8,8.135215453,6,0.4,35,15,89545.83,4,3,5,435,89545.83,37310.7625,20,1.2,2,65.4705,98.6151,0.0246,291.9817,58367.1266,2334.6851,2860.3474,0.64,21,1.05,0.64,1.2,1.506252434,Diamond,4
CUST416,2500.52,131.6063,123.8138,19,78.0,1.86,463.8,1920.91,101.1005,90.5628,77.76,146163,7692.7895,11087.0906,3000.0,1,28500,15.266,45.7213,0.0085,152.47,0.026,7.0605,21.3841,0.0168,5,7,2/14/2022,2/3/2023,19,2500.52,1920.91,579.61,0.231795786,500.104,29232.6,2.994975763,1.441231506,354,70.8,5.14084507,7,1.4,948,5,2500.52,1,2,2,122,2500.52,13.17449947,28,1.1765,2,28.4706,62.7728,0.0085,187.6243,250793.3955,7376.2763,10998.7704,0.5588,23,0.821428571,0.5588,1.1765,2.204828841,Diamond,4
CUST417,231.15,38.525,27.5926,6,32.5,11.15,87.5,136.69,22.7817,17.1526,16.295,11000,1833.3333,1693.1233,1500.0,500,5000,0.0266,0.0166,0.0175,0.06,0.0199,0.0162,0.0093,0.0125,3,4,8/18/2023,6/26/2025,6,231.15,136.69,94.46,0.40865239,77.05,3666.666667,0.62406015,0.923521817,678,226.0,1.612665685,4,1.333333333,74,3,231.15,4,1,1,411,231.15,9.246,6,1.25,2,0.0333,0.022,0.0175,0.0749,13500.0,1687.5,1510.3807,0.75,8,1.333333333,0.75,1.25,0.660660661,Diamond,4
CUST418,1840938.51,600.8285,763.9676,3064,340.08,9.1,9694.0,1240596.23,404.8943,570.1404,166.0,33412995,10905.0245,16226.4719,5000.0,1,185000,4.087,128.2637,0.008,5598.0,0.0524,0.5613,1.4539,0.037,424,26,1/4/2022,9/4/2025,3064,1840938.51,1240596.23,600342.28,0.326106644,4341.836108,78804.23349,31.38333741,1.487981242,1339,3.158018868,115.4925373,26,0.061320755,4,424,1840938.51,5,5,5,555,1840938.51,156111585.6,4450,1.2177,2,4.3453,130.6023,0.008,5598.0,62402497.13,10970.9032,16308.0088,0.5387,3913,0.879325843,0.5387,1.2177,30.05599153,Gold,3
CUST419,52696.29,160.6594,318.8251,328,75.785,0.24,2500.0,23031.01,70.2165,158.5181,26.795,214465,653.8567,764.4249,400.0,1,5000,0.4074,0.5721,0.0108,3.7212,0.2326,0.1745,0.2693,0.0951,108,88,1/4/2022,9/5/2025,328,52696.29,23031.01,29665.28,0.56294817,487.9286111,1985.787037,1.404270987,1.169101578,1340,12.40740741,29.39597315,88,0.814814815,3,108,52696.29,5,5,4,554,52696.29,1422799.83,454,1.2132,2,0.4419,0.5901,0.0108,3.7212,376071.4285,651.7702,736.4687,0.5685,414,0.911894273,0.5685,1.2132,1.335369993,Platinum,5
CUST42,19924.38,55.8106,42.3092,357,54.45,0.17,376.38,14886.35,41.6985,30.6447,37.23,20940,58.6555,307.1569,1.0,1,4000,46.615,33.6572,0.005,148.27,52.25,35.1784,24.4421,26.7,131,65,4/1/2022,9/4/2025,357,19924.38,14886.35,5038.03,0.252857554,152.0945038,159.8473282,0.722025099,5.236625721,1252,9.557251908,38.160415,65,0.496183206,4,131,19924.38,5,5,4,554,19924.38,522018.756,515,1.2302,2,48.4185,35.3627,0.005,209.7318,36972.0735,55.2647,281.7302,0.5336,462,0.897087379,0.5336,1.2302,0.730355133,Platinum,5
CUST420,4782.15,19.9256,32.3185,240,11.255,0.47,289.0,2003.7,8.3488,15.056,4.16,23452,97.7167,133.7115,50.0,1,1000,1.6956,12.3281,0.0146,159.39,0.1828,0.9372,7.0421,0.0604,43,98,1/20/2022,9/3/2025,240,4782.15,2003.7,2778.45,0.58100436,111.2127907,545.3953488,7.270641661,1.368358735,1322,30.74418605,11.86318972,98,2.279069767,5,43,4782.15,5,4,3,543,4782.15,34272.075,333,1.222,2,2.002,15.1733,0.0146,184.8431,41028.6021,95.8612,123.5408,0.5607,309,0.927927928,0.5607,1.222,7.579070929,Platinum,5
CUST421,15008.37,53.4106,142.0927,281,15.01,0.63,1897.04,7539.97,26.8326,68.176,7.77,46044,163.8577,357.564,50.0,1,2100,1.811,9.7826,0.006,158.0867,0.2154,0.9584,4.5888,0.0901,76,210,1/7/2022,7/18/2025,281,15008.37,7539.97,7468.4,0.497615664,197.4785526,605.8421053,5.40176698,2.182161717,1288,16.94736842,21.52055857,210,2.763157895,52,76,15008.37,4,5,4,454,15008.37,21521.43623,391,1.2085,2,1.5574,7.5883,0.006,158.0867,78850.27,159.6159,336.196,0.5688,350,0.895140665,0.5688,1.2085,4.872415564,Gold,3
CUST422,12585.63,66.2402,253.5107,190,13.11,0.13,3271.2,6051.62,31.8506,166.9196,5.06,10796,56.8211,72.7707,25.0,1,400,12.6473,49.9158,0.0108,429.0,0.5506,7.4584,38.3368,0.1778,50,142,3/2/2022,5/28/2025,190,12585.63,6051.62,6534.01,0.519164317,251.7126,215.92,3.946755434,1.280698543,1183,23.66,15.41385135,142,2.84,103,50,12585.63,3,4,4,344,12585.63,6050.783654,287,1.2507,2,12.3757,45.6742,0.0108,472.8661,20486.7358,53.4902,68.4569,0.4961,253,0.881533101,0.4961,1.2507,3.690635681,Platinum,5
CUST423,24797.15,151.2021,291.3492,164,70.57,0.78,2854.96,14160.45,86.3442,155.7786,30.875,19029,116.0305,398.2296,50.0,1,5000,12.9256,32.0746,0.0156,206.04,1.3433,7.3288,18.0247,0.6867,106,80,1/10/2022,3/4/2025,164,24797.15,14160.45,10636.7,0.428948488,233.9353774,179.5188679,2.481478616,3.432111385,1149,10.83962264,33.64347826,80,0.754716981,188,106,24797.15,3,5,4,354,24797.15,13907.3963,246,1.224,2,12.3713,31.9958,0.0156,206.2788,32805.7471,103.4882,296.2381,0.5174,212,0.861788618,0.5174,1.224,2.586292467,Platinum,5
CUST424,10385.55,59.6871,74.0533,174,30.895,1.29,449.11,4254.33,24.4502,29.9645,13.91,23060,132.5287,146.9686,100.0,1,1000,2.173,6.0983,0.0165,47.2733,0.3647,1.038,3.1702,0.1389,35,82,1/6/2022,9/3/2025,174,10385.55,4254.33,6131.22,0.590360645,296.73,658.8571429,2.806396687,1.108956777,1336,38.17142857,9.554973822,82,2.342857143,5,35,10385.55,5,4,3,543,10385.55,60582.375,262,1.2226,2,2.4715,6.7479,0.0165,47.2733,47985.7518,142.391,156.1061,0.5163,226,0.86259542,0.5163,1.2226,2.730285252,Platinum,5
CUST425,11033.3,197.0232,334.8477,56,78.5,1.69,2070.0,8920.39,159.2927,289.2366,55.69,2635,47.0536,91.3438,2.0,1,500,98.9737,130.6258,0.0169,699.0,43.345,80.2869,110.0394,31.95,14,53,12/13/2022,5/5/2025,56,11033.3,8920.39,2112.91,0.191502995,788.0928571,188.2142857,1.31980314,1.941271231,874,62.42857143,5.84,53,3.785714286,126,14,11033.3,3,3,4,334,11033.3,1216.269291,76,1.2,2,113.4581,129.6506,0.0169,699.0,4694.6492,49.4174,99.877,0.5895,70,0.921052632,0.5895,1.2,1.142717884,Platinum,5
CUST426,19252.68,97.2358,157.5272,198,19.12,1.25,725.64,9473.71,47.847,84.2322,6.17,18644,94.1616,181.2295,43.0,1,1300,15.9312,61.5032,0.0125,567.82,0.523,8.6811,34.6917,0.1293,41,119,1/7/2022,6/2/2025,198,19252.68,9473.71,9778.97,0.507927727,469.577561,454.7317073,3.860550367,1.924664619,1242,30.29268293,12.03942076,119,2.902439024,98,41,19252.68,3,4,4,344,19252.68,7973.332121,281,1.204,2,16.7623,72.2705,0.0125,640.0981,34842.7834,98.7048,186.0306,0.5609,249,0.886120996,0.5609,1.204,4.311490667,Platinum,5
CUST427,6821.84,66.2315,127.107,103,18.23,1.64,1005.0,4810.01,46.6991,102.5211,7.29,24331,236.2233,305.4325,100.0,1,1500,42.7876,88.5987,0.0129,399.0,0.0808,33.9187,71.1071,0.0389,22,64,3/3/2022,5/30/2025,103,6821.84,4810.01,2011.83,0.294910171,310.0836364,1105.954545,2.070662996,1.292982106,1184,53.81818182,6.776371308,64,2.909090909,101,22,6821.84,3,4,3,343,6821.84,1471.377255,150,1.2228,2,41.4718,83.9568,0.0129,399.0,43658.7858,226.2113,293.1822,0.5337,129,0.86,0.5337,1.2228,2.024431059,Platinum,5
CUST428,5584.36,31.9106,36.1179,175,20.02,0.94,273.33,2200.04,12.5717,17.1989,6.91,16116,92.0914,75.0128,100.0,2,500,1.5758,6.5019,0.0093,59.83,0.2772,0.6815,3.2808,0.0946,24,132,1/21/2022,6/27/2025,175,5584.36,2200.04,3384.32,0.606035428,232.6816667,671.5,4.126094682,0.814547287,1253,52.20833333,6.985645933,132,5.5,73,24,5584.36,4,4,3,443,5584.36,1811.143784,250,1.2284,2,1.3601,5.0139,0.0093,59.83,29030.1973,89.5994,70.624,0.5401,226,0.904,0.5401,1.2284,3.686420116,Platinum,5
CUST429,2863.73,59.661,77.7949,48,19.14,0.52,288.44,1899.06,39.5638,53.767,9.65,2301,47.9375,50.0852,25.0,1,200,11.3185,41.114,0.0208,279.0,2.0667,8.4244,33.7451,1.285,6,33,1/20/2022,3/6/2025,48,2863.73,1899.06,964.67,0.336857874,477.2883333,383.5,3.632460132,1.044802086,1141,190.1666667,1.917688266,33,5.5,186,6,2863.73,3,2,2,322,2863.73,91.88438503,70,1.2784,2,13.9439,53.4254,0.0208,326.2489,4700.7127,48.461,47.4547,0.4948,68,0.971428571,0.4948,1.2784,3.83145318,Platinum,5
CUST43,155202.56,98.4788,114.3618,1576,54.45,0.58,1135.48,122967.68,78.0252,98.703,46.66,653748,414.8147,3232.1992,2.0,1,33600,53.1673,74.6315,0.0054,567.74,38.03,41.0827,52.7193,25.09,950,73,1/4/2022,9/8/2025,1576,155202.56,122967.68,32234.88,0.207695543,163.3711158,688.1557895,1.403710551,7.791910942,1343,1.413684211,257.9985119,73,0.076842105,0,950,155202.56,5,5,5,555,155202.56,147442432.0,2323,1.2107,2,58.9771,83.3375,0.0054,809.1794,1136368.09,386.1258,3041.4009,0.5355,1990,0.856650882,0.5355,1.2107,1.413048454,Gold,3
CUST430,3940.95,562.9929,289.1754,7,371.8,371.8,981.5,1721.85,245.9786,100.3844,196.3,58500,8357.1429,3171.6752,6500.0,6500,13000,0.065,0.0098,0.0572,0.0755,0.0572,0.0292,0.0012,0.0302,6,1,1/27/2022,4/21/2025,7,3940.95,1721.85,2219.1,0.56308758,656.825,9750.0,0.150769231,0.379516689,1180,196.6666667,1.854360711,1,0.166666667,140,6,3940.95,3,2,3,323,3940.95,167.7,12,1.3684,2,0.0716,0.0127,0.0572,0.0976,153334.4522,8070.2343,2890.5036,0.3684,12,1.0,0.3684,1.3684,0.177374302,Platinum,5
CUST431,10.95,10.95,0.0,1,10.95,10.95,10.95,6.46,6.46,0.0,6.46,500,500.0,0.0,500.0,500,500,0.0219,0.0,0.0219,0.0219,0.0219,0.0129,0.0,0.0129,1,1,9/12/2022,9/12/2022,1,10.95,6.46,4.49,0.410045662,10.95,500.0,0.0,0.0,0,0.0,365.0,1,1.0,1092,1,10.95,1,1,1,111,10.95,0.010018298,1,1.0,1,0.0219,0.0,0.0219,0.0219,500.0,500.0,0.0,1.0,1,1.0,1.0,1.0,0.0,Diamond,4
CUST432,53372.39,2320.5387,3624.8175,23,404.76,2.01,12066.0,19500.44,847.8452,1373.9375,139.68,126443,5497.5217,9151.9777,400.0,1,30000,65.5721,295.8823,0.0172,1421.77,0.4022,52.1656,240.4778,0.185,13,13,7/12/2022,11/8/2022,23,53372.39,19500.44,33871.95,0.634634312,4105.568462,9726.384615,4.512320026,1.66474608,119,9.153846154,39.54166667,13,1.0,1035,13,53372.39,1,3,4,134,53372.39,669.7307625,36,1.2174,2,67.6151,307.1681,0.0172,1559.1895,282574.2932,6142.9194,9602.3596,0.5,29,0.805555556,0.5,1.2174,4.542892046,Diamond,4
CUST433,8914.96,35.3768,98.1143,252,8.35,0.01,694.2,4306.47,17.0892,50.349,3.835,10270,40.754,109.405,4.0,1,1000,9.6394,25.361,0.0012,220.73,1.8708,4.9981,12.0971,0.8326,69,165,1/26/2022,7/16/2025,252,8914.96,4306.47,4608.49,0.516938943,129.2023188,148.8405797,2.630972882,2.684521765,1267,18.36231884,19.86198738,165,2.391304348,54,69,8914.96,4,4,3,443,8914.96,11184.22255,372,1.2135,2,10.9373,30.3404,0.0012,241.0225,17890.6778,37.8238,99.6282,0.5328,320,0.860215054,0.5328,1.2135,2.774030154,Platinum,5
CUST434,374.18,74.836,68.6316,5,51.06,2.38,150.0,214.42,42.884,54.2118,17.51,782,156.4,147.3934,140.0,2,400,15.2979,33.377,0.0238,75.0,0.3647,13.1165,29.0043,0.1251,4,5,1/4/2024,12/9/2024,5,374.18,214.42,159.76,0.426960286,93.545,195.5,2.181802731,0.942413043,340,85.0,4.281524927,5,1.25,273,4,374.18,3,2,1,321,374.18,5.462481752,6,1.3333,2,18.3087,35.1322,0.0238,85.2129,1219.9402,135.5489,115.8468,0.5556,8,1.333333333,0.5556,1.3333,1.918880095,Diamond,4
CUST435,11706.94,55.4831,81.7505,211,29.3,0.7,800.0,5689.24,26.9632,47.3906,13.05,9621,45.5972,86.1602,24.0,1,1000,8.7241,29.7346,0.0344,299.0,1.0525,5.1232,20.628,0.4862,96,151,4/1/2022,1/28/2025,211,11706.94,5689.24,6017.7,0.514028431,121.9472917,100.21875,3.408328653,1.889594098,1033,10.76041667,33.88781431,151,1.572916667,223,96,11706.94,3,5,4,354,11706.94,5017.26,303,1.2109,2,9.6749,34.6919,0.0344,338.85,16474.1062,42.9013,71.6084,0.5495,269,0.887788779,0.5495,1.2109,3.58576316,Platinum,5
CUST436,4983.84,355.9886,417.1146,14,170.75,28.2,1263.83,2914.72,208.1943,283.9522,66.47,12230,873.5714,535.9479,875.0,250,2500,0.5049,0.5814,0.0282,1.6851,0.375,0.2783,0.372,0.1793,8,6,2/17/2025,7/16/2025,14,4983.84,2914.72,2069.12,0.415165816,622.98,1528.75,1.151515152,0.613513561,149,18.625,19.46666667,6,0.75,54,8,4983.84,4,2,3,423,4983.84,724.9221818,22,1.2414,2,0.4697,0.5656,0.0282,1.829,27932.9573,963.2054,622.6118,0.4828,20,0.909090909,0.4828,1.2414,1.204172876,Diamond,4
CUST437,1072.5,536.25,370.1704,2,536.25,274.5,798.0,388.8,194.4,50.346,194.4,10000,5000.0,0.0,5000.0,5000,5000,0.1072,0.074,0.0549,0.1596,0.1072,0.0389,0.0101,0.0389,1,2,7/30/2024,7/30/2024,2,1072.5,388.8,683.7,0.637482517,1072.5,10000.0,0.690298507,0.0,0,0.0,365.0,2,2.0,405,1,1072.5,2,1,2,212,1072.5,2.641625616,3,1.4,2,0.1532,0.056,0.0549,0.1871,23638.5091,4727.7018,372.8597,0.4,3,1.0,0.4,1.4,0.365535248,Diamond,4
CUST438,223128.08,166.8871,475.9454,1337,41.9,0.22,6530.0,167300.38,125.1312,375.7839,26.8,97084,72.6133,169.2149,6.0,1,3000,80.9456,356.1392,0.0016,6530.0,5.69,63.4787,289.5725,3.63,304,617,1/3/2022,9/2/2025,1337,223128.08,167300.38,55827.7,0.250204725,733.9739474,319.3552632,4.399735131,2.330356835,1338,4.401315789,82.8678118,617,2.029605263,6,304,223128.08,5,5,5,555,223128.08,9690133.76,1905,1.2154,2,87.9759,437.8662,0.0016,9064.7498,170178.68,70.0901,157.8427,0.5507,1693,0.888713911,0.5507,1.2154,4.977115324,Gold,3
CUST439,36951.5,236.8686,334.9633,156,115.41,1.81,1815.16,17151.86,109.9478,164.4424,48.78,172013,1102.6474,1890.3412,425.0,1,10000,14.3602,47.1556,0.011,517.89,0.1954,7.109,21.8566,0.0764,59,49,1/12/2022,6/25/2025,156,36951.5,17151.86,19799.64,0.535827774,626.2966102,2915.474576,3.283770421,1.714365989,1260,21.3559322,17.0777161,49,0.830508475,75,59,36951.5,4,4,4,444,36951.5,28686.03289,230,1.2203,2,13.4874,39.5324,0.011,517.89,311882.1206,1057.2275,1765.28,0.5288,202,0.87826087,0.5288,1.2203,2.931061583,Platinum,5
CUST44,1854233.12,182.091,313.4877,10183,112.88,0.09,13560.0,1311328.36,128.7762,212.0668,77.77,8751167,859.3899,2389.2367,450.0,1,199500,3.1778,14.5375,0.0053,378.9217,0.305,2.4038,11.0439,0.2294,4927,301,1/4/2022,2/12/2025,10183,1854233.12,1311328.36,542904.76,0.292792074,376.3412056,1776.165415,4.574705771,2.780154503,1135,0.230363304,1583.058979,301,0.061091942,208,4927,1854233.12,3,5,5,355,1854233.12,43711993.22,14731,1.2216,2,3.4127,15.3041,0.0053,420.054,16202559.72,856.1911,1995.0947,0.5381,13097,0.889077456,0.5381,1.2216,4.484455124,Silver,2
CUST440,35434.35,43.9632,132.6959,806,21.075,0.02,3290.0,19846.74,24.6237,117.3312,8.935,191942,238.1414,405.4387,100.0,1,3500,6.2455,32.7184,0.0004,399.0,0.157,4.5975,27.2604,0.0585,105,292,1/3/2022,9/5/2025,806,35434.35,19846.74,15587.61,0.439901113,337.47,1828.019048,5.238715875,1.702512457,1341,12.77142857,28.55812221,292,2.780952381,3,105,35434.35,5,5,4,554,35434.35,930151.6875,1140,1.2186,2,7.1626,37.5846,0.0004,443.6822,338433.4326,231.9626,381.4716,0.5524,1034,0.907017544,0.5524,1.2186,5.247340351,Gold,3
CUST441,723.2,21.2706,25.9226,34,10.9,0.77,91.06,416.81,12.2591,17.2862,5.095,1414,41.5882,33.0547,48.0,1,100,4.3279,9.0914,0.0079,34.56,0.4196,2.7762,6.0254,0.2006,7,33,1/21/2022,4/4/2023,34,723.2,416.81,306.39,0.423658739,103.3142857,202.0,2.100649276,0.794809585,438,62.57142857,5.820045558,33,4.714285714,888,7,723.2,1,2,1,121,723.2,5.694488189,50,1.2188,2,4.6098,9.2768,0.0079,37.6466,3005.4429,46.96,35.891,0.5312,42,0.84,0.5312,1.2188,2.012408347,Diamond,4
CUST442,24531.35,629.009,2518.7547,39,23.58,0.28,15228.39,17270.65,442.8372,1706.0351,14.99,33656,862.9744,2672.5411,85.0,1,13000,13.5844,50.4123,0.012,224.872,0.1586,36.6296,178.0903,0.096,19,33,1/7/2022,2/26/2024,39,24531.35,17270.65,7260.7,0.295976373,1291.123684,1771.368421,3.71104355,3.096894995,780,41.05263158,8.879641485,33,1.736842105,560,19,24531.35,2,3,4,234,24531.35,830.8300357,57,1.2692,2,7.882,36.4389,0.012,224.872,69229.8891,887.5627,2897.0706,0.5,52,0.912280702,0.5,1.2692,4.623052525,Platinum,5
CUST443,19620.56,54.6534,57.9795,359,32.55,1.29,398.63,7930.6,22.0908,24.222,12.1,72556,202.1058,110.1933,200.0,1,500,0.7387,5.5249,0.0093,104.4,0.1954,0.4347,4.592,0.075,75,98,1/7/2022,2/6/2024,359,19620.56,7930.6,11689.96,0.595801547,261.6074667,967.4133333,7.479220252,0.545225817,760,10.13333333,35.97240473,98,1.306666667,580,75,19620.56,2,4,4,244,19620.56,2532.774527,506,1.2251,2,0.6685,4.1287,0.0093,104.4,130559.6082,199.9381,109.5807,0.5498,463,0.915019763,0.5498,1.2251,6.176065819,Platinum,5
CUST444,5697.15,70.3352,151.1977,81,17.58,1.46,843.23,2613.2,32.2617,72.3924,6.61,7029,86.7778,55.4603,100.0,1,200,5.8797,22.4154,0.0073,172.86,0.2904,3.8097,15.6396,0.0834,6,72,1/19/2022,8/20/2025,81,5697.15,2613.2,3083.95,0.541314517,949.525,1171.5,3.812337364,0.639107007,1309,218.1666667,1.671755725,72,12.0,19,6,5697.15,4,2,3,423,5697.15,1709.145,121,1.2039,2,5.7707,25.8026,0.0073,237.6746,12920.0304,85.0002,52.5558,0.5329,101,0.834710744,0.5329,1.2039,4.471311973,Platinum,5
CUST445,8809.38,41.1653,70.0343,214,15.445,1.0,490.17,2553.32,11.9314,20.4086,4.975,18632,87.0654,42.1401,100.0,1,200,1.1889,7.2694,0.01,101.88,0.1932,0.6214,5.6082,0.0628,16,125,4/6/2022,8/27/2025,214,8809.38,2553.32,6256.06,0.710158944,550.58625,1164.5,6.114391454,0.484005127,1239,77.4375,4.709677419,125,7.8125,12,16,8809.38,5,3,3,533,8809.38,10842.31385,300,1.1935,2,0.9109,5.5429,0.01,101.88,31926.9386,85.8251,40.3144,0.5753,267,0.89,0.5753,1.1935,6.085080689,Platinum,5
CUST446,34031.27,74.63,106.8186,456,38.56,0.16,807.0,22296.42,48.8957,81.4849,19.925,29687,65.1031,97.4227,25.0,1,700,31.6861,66.9108,0.0086,399.0,0.6966,22.9045,51.8964,0.3258,126,154,1/21/2022,9/4/2025,456,34031.27,22296.42,11734.85,0.344825509,270.0894444,235.6111111,2.111676729,1.49643719,1322,10.49206349,34.76190476,154,1.222222222,4,126,34031.27,5,5,4,554,34031.27,857588.004,662,1.2338,2,33.2936,70.5112,0.0086,406.3927,59778.6193,69.1882,102.0836,0.5278,585,0.883685801,0.5278,1.2338,2.11786049,Platinum,5
CUST447,22182.69,98.1535,100.7595,226,67.45,1.41,614.25,9715.25,42.9878,61.6581,22.665,93828,415.1681,515.0391,250.0,1,3300,15.9319,65.3119,0.0123,486.56,0.2569,11.7523,52.043,0.0867,56,137,1/19/2022,7/1/2025,226,22182.69,9715.25,12467.44,0.562034632,396.1194643,1675.5,4.099442,1.240555573,1259,22.48214286,16.22222222,137,2.446428571,69,56,22182.69,4,4,4,444,22182.69,17746.152,337,1.241,2,15.7462,70.2447,0.0123,549.9373,181238.9087,408.1957,471.7855,0.509,292,0.866468843,0.509,1.241,4.461057271,Platinum,5
CUST448,47630.24,366.3865,294.5668,130,227.2,28.56,1872.0,18464.1,142.0315,111.8751,95.135,665287,5117.5923,2927.4616,4500.0,718,16000,0.0979,0.095,0.017,0.3392,0.0506,0.0402,0.046,0.021,69,8,1/6/2022,8/27/2025,130,47630.24,18464.1,29166.14,0.612345014,690.2933333,9641.84058,0.970377937,0.572038847,1329,19.26086957,18.93609023,8,0.115942029,12,69,47630.24,5,4,4,544,47630.24,252806.6585,189,1.2222,2,0.1106,0.1066,0.017,0.3942,1187126.918,4885.296,2830.9806,0.535,171,0.904761905,0.535,1.2222,0.963833635,Platinum,5
CUST449,726896.54,1151.9755,1919.3658,631,398.0,9.08,17376.0,462070.0,732.2821,1179.1202,224.97,6099662,9666.6593,12019.9369,5000.0,125,84000,0.1351,0.1558,0.009,1.129,0.0897,0.0773,0.0871,0.052,497,13,12/28/2021,9/5/2025,631,726896.54,462070.0,264826.54,0.364324942,1462.568491,12272.96177,1.153219837,1.243442696,1347,2.710261569,134.5734421,13,0.026156942,3,497,726896.54,5,5,5,555,726896.54,90316895.1,910,1.2169,2,0.1396,0.1588,0.009,1.2726,11288534.57,9714.7458,11942.7617,0.543,806,0.885714286,0.543,1.2169,1.137535817,Platinum,5
CUST45,3825.98,212.5544,271.6872,18,141.495,6.4,1097.12,2667.8,148.2111,183.3703,98.685,81,4.5,5.2384,3.5,1,24,64.2851,50.9832,2.1333,182.8533,52.7317,43.511,36.0299,32.015,11,5,1/19/2022,10/30/2023,18,3825.98,2667.8,1158.18,0.302714599,347.8163636,7.363636364,0.793079578,1.164088889,649,59.0,6.176923077,5,0.454545455,679,11,3825.98,2,3,3,233,3825.98,61.89085294,26,1.2353,2,60.1302,53.2771,2.1333,238.3555,157.4161,4.6299,5.2693,0.5294,25,0.961538462,0.5294,1.2353,0.886028984,Diamond,4
CUST450,551459.1,1036.5773,2344.5879,532,171.83,3.25,16830.0,501490.16,942.6507,2413.003,102.99,4008931,7535.5846,18073.6812,1000.0,7,108000,0.346,0.2637,0.009,1.129,0.265,0.1966,0.1522,0.1769,328,19,1/6/2022,9/5/2025,532,551459.1,501490.16,49968.94,0.090612232,1681.277744,12222.35061,0.762138728,2.398444468,1338,4.079268293,89.41000747,19,0.057926829,3,328,551459.1,5,5,5,555,551459.1,45219646.2,774,1.2198,2,0.3709,0.2867,0.009,1.6577,6835357.328,6890.4812,16930.2933,0.5363,683,0.882428941,0.5363,1.2198,0.772984632,Platinum,5
CUST451,70593.76,276.8383,358.7176,255,127.06,1.07,1832.57,24002.34,94.1268,128.8072,42.34,48527,190.302,505.6274,78.0,1,5200,36.5261,55.618,0.0171,229.0712,0.7509,10.0365,12.947,0.2721,187,32,1/4/2022,9/4/2025,255,70593.76,24002.34,46591.42,0.659993461,377.506738,259.5026738,1.522691993,2.656973652,1339,7.160427807,50.93656716,32,0.171122995,4,187,70593.76,5,5,5,555,70593.76,2640206.624,383,1.22,2,36.0415,55.8612,0.0171,262.6694,92774.3259,188.9497,513.6191,0.5193,331,0.864229765,0.5193,1.22,1.549913294,Platinum,5
CUST452,35766.06,376.4848,481.1014,95,95.7,3.5,1721.7,24036.4,253.0147,332.6974,28.71,24420,257.0526,354.3661,7.0,1,1000,81.475,82.1178,0.007,172.175,30.79,55.7376,56.1155,23.86,45,13,1/17/2022,2/12/2025,95,35766.06,24036.4,11729.66,0.32795505,794.8013333,542.6666667,1.007889537,1.378574268,1122,24.93333333,14.62600178,13,0.288888889,208,45,35766.06,3,4,4,344,35766.06,7700.826316,149,1.2475,2,86.4519,89.0032,0.007,254.8813,53481.2815,270.1075,356.3472,0.4798,129,0.865771812,0.4798,1.2475,1.029511208,Platinum,5
CUST453,30.6,15.3,13.7179,2,15.3,5.6,25.0,25.47,12.735,14.4745,12.735,2000,1000.0,0.0,1000.0,1000,1000,0.0153,0.0137,0.0056,0.025,0.0153,0.0127,0.0145,0.0127,2,2,2/4/2022,3/7/2022,2,30.6,25.47,5.13,0.167647059,15.3,1000.0,0.895424837,0.0,31,15.5,22.8125,2,1.0,1281,2,30.6,1,1,1,111,30.6,0.04773791,2,1.0,1,0.0153,0.0137,0.0056,0.025,2000.0,1000.0,0.0,1.0,2,1.0,1.0,1.0,0.895424837,Diamond,4
CUST454,634.66,37.3329,39.2221,17,18.3,3.49,116.2,385.1,22.6529,21.616,17.78,17726,1042.7059,733.2833,1000.0,200,3700,0.0382,0.0383,0.0106,0.1162,0.0257,0.0215,0.0195,0.0141,9,7,3/25/2022,3/31/2025,17,634.66,385.1,249.56,0.393218416,70.51777778,1969.555556,1.002617801,0.70325036,1102,122.4444444,2.97824116,7,0.777777778,161,9,634.66,3,3,1,331,634.66,35.25888889,23,1.1154,2,0.0491,0.0451,0.0106,0.1246,25458.159,979.16,616.991,0.6538,19,0.826086957,0.6538,1.1154,0.918533605,Platinum,5
CUST455,22009.12,83.3679,366.3438,264,11.255,0.26,4059.21,12185.85,46.1585,195.0988,6.47,16933,64.1402,229.0325,15.0,1,2500,5.1611,18.0208,0.0052,250.9267,1.123,2.8521,7.8255,0.647,33,187,6/18/2024,8/27/2025,264,22009.12,12185.85,9823.27,0.44632725,666.9430303,513.1212121,3.491658755,3.570810506,435,13.18181818,27.62614679,187,5.666666667,12,33,22009.12,5,4,4,544,22009.12,55869.30462,405,1.2105,2,5.333,18.929,0.0052,268.4788,36564.6576,71.2761,255.9508,0.5146,334,0.824691358,0.5146,1.2105,3.549409338,Platinum,5
CUST456,249566.91,11884.1386,21260.9651,21,10.5,0.18,53200.0,256084.95,12194.5214,21346.1136,6.5,1615,76.9048,286.8304,1.0,1,1296,11844.8154,21283.4149,0.18,53200.0,6.14,12169.1067,21361.0119,3.8,9,16,3/11/2022,6/2/2022,21,249566.91,256084.95,-6518.04,-0.026117405,27729.65667,179.4444444,1.796854926,3.729681372,83,9.222222222,39.10714286,16,1.777777778,1194,9,249566.91,1,3,5,135,249566.91,1879.583423,23,1.1786,2,8885.3764,19047.0868,0.18,53200.0,2916.9733,104.1776,341.3141,0.75,26,1.130434783,0.75,1.1786,2.143644337,Diamond,4
CUST457,1349.33,269.866,198.2757,5,214.46,60.44,567.0,1323.93,264.786,168.3553,244.0,78,15.6,19.5269,5.0,2,48,63.0989,34.9199,3.022,94.5,71.4867,67.7154,43.2831,64.4033,4,4,10/28/2022,2/21/2025,5,1349.33,1323.93,25.4,0.018824157,337.3325,19.5,0.553415353,1.251724359,847,211.75,1.721698113,4,1.0,199,4,1349.33,3,2,2,322,1349.33,26.9866,9,1.1818,2,63.0101,40.1254,3.022,106.268,208.7294,18.9754,18.1559,0.4545,5,0.555555556,0.4545,1.1818,0.63680902,Platinum,5
CUST458,1522.81,13.2418,39.2998,115,3.68,0.14,289.0,1112.9,9.6774,31.1811,2.02,5589,48.6,10.304,50.0,1,100,7.4734,39.8225,0.0028,289.0,0.0736,5.9126,31.4564,0.0404,2,113,3/31/2022,9/20/2022,115,1522.81,1112.9,409.91,0.269180003,761.405,2794.5,5.328565312,0.212016461,173,86.5,4.195402299,113,56.5,1084,2,1522.81,1,1,2,112,1522.81,2.807023041,169,1.1914,2,6.1644,41.0926,0.0028,414.6795,10265.0984,49.1153,9.1074,0.5502,143,0.846153846,0.5502,1.1914,6.666115113,Diamond,4
CUST459,2038.73,20.1854,49.1554,101,9.84,0.56,345.84,976.12,9.6646,23.7358,4.86,9976,98.7723,97.3193,100.0,1,500,0.7594,1.9826,0.0151,11.3633,0.1319,0.405,1.1139,0.061,24,59,1/4/2022,12/29/2022,101,2038.73,976.12,1062.61,0.521211735,84.94708333,415.6666667,2.610745325,0.985289398,359,14.95833333,24.33333333,59,2.458333333,984,24,2038.73,1,4,2,142,2038.73,49.67463959,147,1.1923,2,0.838,2.2489,0.0151,12.7832,16919.5257,92.9644,85.1618,0.5549,126,0.857142857,0.5549,1.1923,2.683651551,Diamond,4
CUST46,2225.22,92.7175,83.7662,24,50.44,12.2,315.18,2002.66,83.4442,75.39,45.375,48,2.0,2.3219,1.0,1,12,81.4211,89.1438,4.3667,315.18,34.7783,73.2792,80.229,31.3,16,20,9/13/2022,8/12/2025,24,2225.22,2002.66,222.56,0.100017077,139.07625,3.0,1.094848878,1.16095,1064,66.5,5.483568075,20,1.25,27,16,2225.22,4,3,2,432,2225.22,1271.554286,36,1.28,2,89.2884,102.4444,4.3667,349.3248,91.9335,1.8387,1.753,0.48,34,0.944444444,0.48,1.28,1.147342768,Platinum,5
CUST460,36975.64,528.2234,968.5668,70,63.195,2.87,3502.08,26657.16,380.8166,730.5484,28.69,25436,363.3714,411.4513,192.0,4,1650,20.6493,40.4008,0.0122,129.2307,0.2399,14.7777,29.9149,0.1149,30,21,2/8/2022,8/26/2025,70,36975.64,26657.16,10318.48,0.279061566,1232.521333,847.8666667,1.956521529,1.132316137,1295,43.16666667,8.449074074,21,0.7,13,30,36975.64,5,4,4,544,36975.64,79233.51429,110,1.1729,2,23.6549,44.1053,0.0122,134.4333,50689.8129,381.1264,445.8738,0.5263,81,0.736363636,0.5263,1.1729,1.864531239,Platinum,5
CUST461,10127.69,151.1596,122.0674,67,95.6,1.76,432.28,5192.18,77.4952,68.2694,51.48,127876,1908.597,2517.3219,600.0,2,8602,4.5647,11.6999,0.0271,68.28,0.0738,2.2796,5.9641,0.0342,15,19,1/25/2022,8/26/2025,67,10127.69,5192.18,4935.51,0.487328305,675.1793333,8525.066667,2.563125726,1.318938414,1309,87.26666667,4.179389313,19,1.266666667,13,15,10127.69,5,3,3,533,10127.69,10851.09643,104,1.1875,2,3.4246,9.4153,0.0271,68.28,269987.5843,2109.278,2565.9942,0.5234,85,0.817307692,0.5234,1.1875,2.749313788,Platinum,5
CUST462,7028.32,226.72,307.1222,31,96.72,7.85,1200.0,4858.47,156.7248,217.3727,67.68,1640,52.9032,123.6666,4.0,1,500,63.6549,99.8847,0.0239,499.0,16.35,44.9215,76.8321,9.81,18,22,3/30/2022,4/10/2025,31,7028.32,4858.47,2169.85,0.30872954,390.4622222,91.11111111,1.56915964,2.337601506,1107,61.5,5.929602888,22,1.222222222,151,18,7028.32,3,3,3,333,7028.32,832.3010526,40,1.2727,2,90.2657,151.445,0.0239,636.5358,2905.29,52.8235,129.6116,0.5636,41,1.025,0.5636,1.2727,1.677769075,Platinum,5
CUST463,1815.21,31.2967,22.5635,58,20.6,0.61,84.0,524.92,9.0503,3.5771,8.2,128029,2207.3966,872.4845,2000.0,29,4000,0.0134,0.0056,0.0079,0.0212,0.0103,0.0041,0.0,0.0041,57,1,3/10/2022,9/5/2025,58,1815.21,524.92,1290.29,0.710821337,31.84578947,2246.122807,0.417910448,0.39525498,1275,22.36842105,16.30485893,1,0.01754386,3,57,1815.21,5,4,2,542,1815.21,25866.7425,83,1.2095,2,0.015,0.0065,0.0079,0.0311,237433.204,2261.2686,937.9034,0.5524,75,0.903614458,0.5524,1.2095,0.433333333,Platinum,5
CUST464,13429.08,73.383,192.6131,183,20.33,0.28,1672.26,7788.09,42.5579,139.9276,10.41,119681,653.9945,2497.1185,144.0,4,19720,0.2847,0.4995,0.0065,4.1394,0.1348,0.1344,0.2382,0.0884,21,48,10/3/2023,8/19/2025,183,13429.08,7788.09,5640.99,0.420057815,639.48,5699.095238,1.754478398,3.818256117,686,32.66666667,11.15720524,48,2.285714286,20,21,13429.08,4,3,4,434,13429.08,13429.08,273,1.2438,2,0.3142,0.592,0.0065,4.7469,192754.2164,533.9452,1992.4753,0.5069,245,0.897435897,0.5069,1.2438,1.884150223,Platinum,5
CUST465,1888.19,67.4354,126.0,28,27.105,0.12,643.56,737.08,26.3243,57.9784,11.615,1294,46.2143,75.8792,25.0,1,400,3.7109,7.0068,0.0082,30.88,1.4685,1.6116,3.5448,0.4896,14,21,3/31/2023,1/15/2025,28,1888.19,737.08,1151.11,0.609636742,134.8707143,92.42857143,1.888167291,1.64189872,656,46.85714286,7.777777778,21,1.5,236,14,1888.19,3,3,2,332,1888.19,111.5386498,40,1.2308,2,3.6154,7.2928,0.0082,37.5941,3279.5145,63.0676,99.4077,0.5385,38,0.95,0.5385,1.2308,2.017148863,Diamond,4
CUST466,4659.05,28.5831,37.0614,163,15.65,0.68,332.26,1675.51,10.2792,19.0288,5.3,13925,85.4294,107.8645,50.0,2,1000,0.7461,0.994,0.006,5.28,0.2844,0.2572,0.4085,0.0936,47,92,3/18/2022,8/22/2025,163,4659.05,1675.51,2983.54,0.640375184,99.1287234,296.2765957,1.332261091,1.26261568,1253,26.65957447,13.68022329,92,1.957446809,17,47,4659.05,4,4,3,443,4659.05,12165.29722,249,1.2523,2,0.7979,1.0075,0.006,5.846,27404.865,82.2969,91.482,0.4895,215,0.863453815,0.4895,1.2523,1.26268956,Platinum,5
CUST467,25429.91,94.535,140.0766,269,40.05,0.25,944.48,11387.16,42.3314,81.813,15.09,24838,92.3346,99.194,50.0,1,500,6.9077,29.1036,0.0176,319.0,0.784,4.5327,22.7388,0.3146,113,153,1/4/2022,8/15/2025,269,25429.91,11387.16,14042.75,0.552213909,225.0434513,219.8053097,4.213211344,1.074288512,1319,11.67256637,31.24621212,153,1.353982301,24,113,25429.91,4,5,4,454,25429.91,114943.1932,408,1.2273,2,8.9764,33.5895,0.0176,347.4538,44615.9003,84.4998,90.5075,0.5095,341,0.835784314,0.5095,1.2273,3.741978967,Platinum,5
CUST468,4510.21,49.5627,50.6118,91,33.6,4.77,256.76,1584.57,17.4129,18.9146,12.81,7361,80.8901,167.3486,50.0,1,1150,5.2267,19.1677,0.0279,125.05,0.8442,2.9517,13.6982,0.3008,10,50,1/5/2022,8/29/2024,91,4510.21,1584.57,2925.64,0.648670461,451.021,736.1,3.667266153,2.068839079,967,96.7,3.770661157,50,5.0,375,10,4510.21,2,3,3,233,4510.21,119.9523936,134,1.2386,2,5.6856,21.7263,0.0279,174.4529,13068.6632,74.2538,125.7102,0.517,118,0.880597015,0.517,1.2386,3.821285352,Platinum,5
CUST469,123671.72,192.3355,437.0331,643,22.75,0.06,4018.65,62577.12,97.3206,216.5978,11.11,147027,228.6579,461.6411,83.0,1,5050,6.3279,18.399,0.0055,107.86,0.4297,3.3651,10.0445,0.1904,106,321,1/4/2022,9/5/2025,643,123671.72,62577.12,61094.6,0.494006229,1166.71434,1387.04717,2.907599678,2.018916031,1340,12.64150943,28.85160328,321,3.028301887,3,106,123671.72,5,5,5,555,123671.72,3277300.58,943,1.2207,2,6.625,19.9583,0.0055,133.737,270747.8546,223.7586,467.8542,0.5314,834,0.884411453,0.5314,1.2207,3.012573585,Gold,3
CUST47,35583.8,271.6321,560.7882,131,61.99,0.15,3380.88,25611.33,195.5063,412.4746,43.08,24281,185.3511,923.4766,20.0,1,10000,14.0857,46.834,0.0083,480.0,4.3742,10.2114,37.8647,3.23,59,88,1/11/2022,3/9/2023,131,35583.8,25611.33,9972.47,0.280253093,603.1152542,411.5423729,3.324932378,4.982309789,422,7.152542373,50.91016548,88,1.491525424,914,59,35583.8,1,4,4,144,35583.8,2294.474536,190,1.2083,2,13.3947,39.3248,0.0083,480.0,56406.6498,235.0277,1152.632,0.5458,166,0.873684211,0.5458,1.2083,2.935847761,Platinum,5
CUST470,820630.42,7528.7194,6105.645,109,6405.08,80.0,27764.35,531289.82,4874.2185,3958.0212,3918.6,5741195,52671.5138,33132.2877,54000.0,500,110880,0.163,0.1092,0.009,0.435,0.1378,0.0974,0.0554,0.1033,71,10,1/13/2022,7/23/2025,109,820630.42,531289.82,289340.6,0.352583322,11558.17493,80861.90141,0.66993865,0.629036177,1287,18.12676056,20.12034161,10,0.14084507,47,71,820630.42,4,4,5,445,820630.42,1213849.163,168,1.1962,2,0.1748,0.113,0.009,0.6111,11100202.84,53111.0184,33536.933,0.5215,132,0.785714286,0.5215,1.1962,0.646453089,Platinum,5
CUST471,46142.0,3076.1333,2505.504,15,2160.0,1080.0,7702.4,16186.0,1079.0667,833.3618,920.0,180400,12026.6667,5409.9732,10000.0,6000,20000,0.3577,0.3899,0.0615,0.9628,0.108,0.1137,0.1024,0.046,14,2,3/1/2022,8/8/2025,15,46142.0,16186.0,29956.0,0.649213298,3295.857143,12885.71429,1.090019569,0.449831473,1256,89.71428571,4.065234686,2,0.142857143,31,14,46142.0,4,3,4,434,46142.0,20187.125,18,1.1818,2,0.3244,0.3782,0.0615,1.0892,287946.5293,13088.4786,5751.8847,0.6818,18,1.0,0.6818,1.1818,1.165844636,Platinum,5
CUST472,488.89,162.9633,173.0723,3,63.04,63.04,362.81,202.13,67.3767,66.4703,29.0,697,232.3333,229.2081,100.0,100,497,0.6636,0.0575,0.6304,0.73,0.6304,0.29,0.0,0.29,3,1,6/22/2022,7/20/2023,3,488.89,202.13,286.76,0.586553212,162.9633333,232.3333333,0.086648583,0.986548635,393,131.0,2.779187817,1,0.333333333,781,3,488.89,2,2,1,221,488.89,1.875537084,3,1.0,1,0.6636,0.0575,0.6304,0.73,697.0,232.3333,229.2081,1.0,3,1.0,1.0,1.0,0.086648583,Diamond,4
CUST473,6032.14,54.8376,70.891,110,24.53,1.23,378.67,3474.2,31.5836,39.8817,15.825,9334,84.8545,500.4957,6.0,1,5000,5.1439,4.4023,0.05,24.113,3.5868,3.1145,2.4567,2.6129,16,53,1/5/2022,1/19/2024,110,6032.14,3474.2,2557.94,0.424051829,377.00875,583.375,0.855829235,5.898281175,744,46.5,7.838926174,53,3.3125,598,16,6032.14,2,3,3,233,6032.14,161.1256093,151,1.1517,2,5.3854,4.3992,0.05,30.1968,11690.1161,65.6748,405.6741,0.618,130,0.860927152,0.618,1.1517,0.816875255,Platinum,5
CUST474,31721.2,537.6475,624.1564,59,491.8,1.59,3333.08,14667.6,248.6034,385.2237,181.56,570118,9663.0169,47947.5175,1000.0,24,370000,7.9192,22.2394,0.0045,171.43,6.1607,4.2004,13.9526,2.7733,23,9,2/8/2022,7/8/2025,59,31721.2,14667.6,17053.6,0.537608918,1379.182609,24787.73913,2.808288716,4.961961466,1246,54.17391304,6.732157177,9,0.391304348,62,23,31721.2,4,4,4,444,31721.2,11580.75556,99,1.2385,2,6.8773,15.601,0.0045,171.43,1166867.264,8975.902,45503.2516,0.4538,83,0.838383838,0.4538,1.2385,2.268477455,Platinum,5
CUST475,33502.0,90.5459,328.5545,370,39.22,1.13,4662.5,11653.27,31.4953,137.0287,14.585,65617,177.3432,217.3374,100.0,1,2000,1.8839,6.5368,0.0067,80.775,0.3858,0.6137,2.2235,0.1263,75,134,1/24/2022,9/2/2025,370,33502.0,11653.27,21848.73,0.65216196,446.6933333,874.8933333,3.469823239,1.225518655,1317,17.56,20.77010622,134,1.786666667,6,75,33502.0,5,5,4,554,33502.0,358950.0,536,1.2129,2,2.0124,6.2817,0.0067,80.775,115938.1946,170.247,215.3828,0.5433,473,0.882462687,0.5433,1.2129,3.12149672,Platinum,5
CUST476,16154.2,769.2476,418.6517,21,782.0,97.75,1847.8,7289.78,347.1324,201.4275,348.6,185900,8852.381,9110.3578,10000.0,1000,40000,0.3059,0.4431,0.0143,1.8478,0.0872,0.1357,0.1973,0.0349,21,5,5/12/2022,8/25/2025,21,16154.2,7289.78,8864.42,0.54873779,769.247619,8852.380952,1.448512586,1.029142081,1201,57.19047619,6.37687188,5,0.238095238,14,21,16154.2,4,3,4,434,16154.2,22615.88,25,1.1379,2,0.2796,0.411,0.0143,1.8478,271874.7074,9374.9899,9598.3418,0.7241,25,1.0,0.7241,1.1379,1.469957082,Platinum,5
CUST477,40738.3,1044.5718,565.5345,39,950.0,238.5,2314.8,21702.05,556.4628,273.1244,582.0,262600,6733.3333,3333.193,5000.0,2000,17000,0.1636,0.0594,0.0477,0.3858,0.1823,0.0899,0.0322,0.1028,33,3,2/2/2022,8/27/2025,39,40738.3,21702.05,19036.25,0.467281403,1234.493939,7957.575758,0.363080685,0.495028666,1302,39.45454545,9.244052187,3,0.090909091,12,33,40738.3,5,4,4,544,40738.3,103412.6077,52,1.1746,2,0.1666,0.057,0.0477,0.3858,422689.2455,6709.3531,3591.7018,0.619,46,0.884615385,0.619,1.1746,0.342136855,Platinum,5
CUST478,288.96,7.6042,8.8585,38,4.68,0.9,34.68,133.46,3.5121,5.7197,1.545,1248,32.8421,22.1427,25.0,1,100,2.7432,8.7812,0.0193,34.68,0.1834,1.7512,5.8126,0.0621,5,35,4/27/2022,12/10/2024,38,288.96,133.46,155.5,0.538136766,57.792,249.6,3.201079032,0.674216935,958,191.6,1.903023983,35,7.0,272,5,288.96,3,2,1,321,288.96,5.292307692,51,1.2031,2,2.3437,8.205,0.0193,38.0737,2058.1135,32.158,20.6225,0.5938,48,0.941176471,0.5938,1.2031,3.500874685,Platinum,5
CUST479,91631.8,514.7854,1790.2936,178,134.28,3.0,15434.4,69030.24,387.8103,1464.3392,100.775,82947,465.9944,649.341,180.0,6,4500,3.3512,2.1237,0.1301,9.6465,2.9954,2.2571,1.4939,2.1326,117,8,1/25/2022,7/31/2025,178,91631.8,69030.24,22601.56,0.246656292,783.1777778,708.9487179,0.633713297,1.393452368,1283,10.96581197,33.25934579,8,0.068376068,39,117,91631.8,4,5,5,455,91631.8,268023.015,258,1.2158,2,3.4681,2.4045,0.1301,12.0355,146014.7793,443.8139,612.156,0.541,223,0.864341085,0.541,1.2158,0.693319108,Platinum,5
CUST480,143515.7,400.8818,491.9269,358,251.28,17.56,5106.78,84792.45,236.8504,250.6031,141.755,328827,918.5112,1020.6713,500.0,25,6000,2.4196,5.2889,0.0441,29.6012,0.3543,1.3322,2.7787,0.2528,130,16,1/3/2022,9/2/2025,358,143515.7,84792.45,58723.25,0.409176487,1103.966923,2529.438462,2.185857166,1.111223576,1338,10.29230769,35.4368932,16,0.123076923,6,130,143515.7,5,5,5,555,143515.7,2665291.571,510,1.2166,2,2.3834,5.3133,0.0441,31.0506,634239.2904,974.2539,1050.4428,0.5499,458,0.898039216,0.5499,1.2166,2.229294285,Platinum,5
CUST481,11679.1,530.8682,392.0498,22,540.75,73.6,1113.0,3934.07,178.8214,130.8623,180.55,161000,7318.1818,2868.3223,7500.0,1000,10000,0.0702,0.0389,0.0111,0.1113,0.0781,0.0239,0.0134,0.0206,19,4,4/28/2022,3/17/2025,22,11679.1,3934.07,7745.03,0.663152983,614.6894737,8473.684211,0.554131054,0.391944663,1054,55.47368421,6.573459716,4,0.210526316,175,19,11679.1,3,3,4,334,11679.1,1260.811932,27,1.2059,2,0.0729,0.0437,0.0111,0.1571,249555.5295,7339.8685,2810.606,0.6471,29,1.074074074,0.6471,1.2059,0.599451303,Platinum,5
CUST482,56691.38,50.9815,174.3808,1112,15.11,0.25,3210.85,33309.88,29.9549,108.5916,7.98,48916,43.9892,140.524,20.0,1,2415,8.5621,57.4824,0.0025,1372.8,1.1968,5.4461,41.5111,0.68,128,426,1/6/2022,5/13/2024,1112,56691.38,33309.88,23381.5,0.412434836,442.9014063,382.15625,6.71358662,3.19451138,858,6.703125,54.38882421,426,3.328125,483,128,56691.38,2,5,5,255,56691.38,14992.76165,1600,1.2222,2,8.9266,50.6514,0.0025,1372.8,93666.9191,45.5357,149.5168,0.5406,1427,0.891875,0.5406,1.2222,5.674209665,Gold,3
CUST483,5969.55,42.9464,49.1035,139,30.0,0.94,238.8,2180.57,15.6876,16.4637,10.06,95571,687.5612,448.2474,500.0,29,4000,0.0693,0.0808,0.0063,0.5414,0.04,0.024,0.0225,0.0164,57,25,1/17/2022,7/23/2025,139,5969.55,2180.57,3788.98,0.63471786,104.7289474,1676.684211,1.165945166,0.651938184,1283,22.50877193,16.20327103,25,0.438596491,47,57,5969.55,4,4,3,443,5969.55,7088.840625,209,1.2372,2,0.0811,0.0923,0.0063,0.6122,186339.2196,680.0701,425.1478,0.5073,178,0.851674641,0.5073,1.2372,1.13810111,Platinum,5
CUST484,11642.18,352.7933,459.9717,33,144.3,18.62,1921.44,4541.4,137.6182,240.162,51.13,46807,1418.3939,1794.4014,700.0,8,7086,0.5677,0.7092,0.0186,2.9038,0.3255,0.2005,0.2894,0.0939,13,21,4/21/2022,10/29/2024,33,11642.18,4541.4,7100.78,0.609918417,895.5523077,3600.538462,1.249251365,1.26509385,922,70.92307692,5.14084507,21,1.615384615,314,13,11642.18,3,3,4,334,11642.18,480.4709206,44,1.2,2,0.678,0.8148,0.0186,3.2612,82023.2707,1491.3322,1809.7012,0.6,42,0.954545455,0.6,1.2,1.201769912,Platinum,5
CUST485,8218.69,51.3668,101.5147,160,11.66,0.28,510.55,4091.33,25.5708,55.6496,4.39,4153,25.9562,30.5353,12.0,1,150,11.239,26.3372,0.0168,180.92,0.8964,6.1438,15.0314,0.2272,86,130,1/4/2022,8/12/2025,160,8218.69,4091.33,4127.36,0.502191955,95.56616279,48.29069767,2.343375745,1.176416425,1316,15.30232558,23.83447229,130,1.511627907,27,86,8218.69,4,5,3,453,8218.69,25243.11929,225,1.2188,2,11.0232,29.3082,0.0168,210.6498,7674.706,26.6483,30.1852,0.5556,205,0.911111111,0.5556,1.2188,2.658774222,Platinum,5
CUST486,6677.69,58.5762,106.8297,114,26.89,5.01,727.5,2630.2,23.0719,48.5936,10.31,9625,84.4298,68.3209,100.0,5,450,1.0531,1.6935,0.0273,10.5506,0.542,0.4564,0.846,0.1826,22,71,1/21/2022,4/17/2025,114,6677.69,2630.2,4047.49,0.606121278,303.5313636,437.5,1.608109391,0.809203622,1182,53.72727273,6.787827557,71,3.227272727,144,22,6677.69,3,4,3,343,6677.69,1013.166759,169,1.2283,2,1.0432,1.5289,0.0273,10.5506,18420.1698,84.1104,62.9804,0.5205,146,0.863905325,0.5205,1.2283,1.465586656,Platinum,5
CUST487,7649.08,59.2952,60.4001,129,39.97,4.33,309.97,5176.64,40.129,45.1742,26.0,2355,18.2558,37.678,2.0,1,200,31.9932,56.1094,0.0284,309.97,9.29,22.6979,42.914,5.81,40,87,1/5/2022,8/26/2025,129,7649.08,5176.64,2472.44,0.323233644,191.227,58.875,1.753791431,2.063892023,1329,33.225,10.97744361,87,2.175,13,40,7649.08,5,4,3,543,7649.08,21854.51429,197,1.1926,2,31.967,55.6535,0.0284,309.97,4211.8374,17.2616,35.7378,0.5287,157,0.796954315,0.5287,1.1926,1.740967247,Platinum,5
CUST488,44372.83,310.2995,637.7534,143,97.61,1.65,4599.43,23272.63,162.7457,400.6556,46.18,343206,2400.042,8694.977,800.0,2,96830,2.7152,7.0748,0.0089,33.4445,0.1283,1.2488,3.2585,0.0619,74,84,1/6/2022,4/11/2025,143,44372.83,23272.63,21100.2,0.475520718,599.6328378,4637.918919,2.605627578,3.622843684,1191,16.09459459,22.65939597,84,1.135135135,150,74,44372.83,3,4,4,344,44372.83,21745.6253,205,1.2205,2,2.2694,6.3941,0.0089,33.4445,556150.515,2114.6407,6804.5498,0.5437,183,0.892682927,0.5437,1.2205,2.817528862,Platinum,5
CUST489,1865.18,42.3905,49.9038,44,22.8,4.03,265.9,890.6,20.2409,24.4494,9.75,15748,357.9091,658.5544,200.0,1,3000,5.4025,13.4673,0.0055,54.545,0.4086,2.855,7.2908,0.1371,13,40,1/24/2022,1/7/2025,44,1865.18,890.6,974.58,0.522512573,143.4753846,1211.384615,2.492790375,1.840004627,1079,83.0,4.393518519,40,3.076923077,244,13,1865.18,3,3,2,332,1865.18,98.96873469,58,1.2162,2,4.599,12.3971,0.0055,59.5457,31045.6695,419.5361,781.7298,0.5946,55,0.948275862,0.5946,1.2162,2.695607741,Platinum,5
CUST49,287212.68,193.8007,351.5182,1482,110.08,0.71,5100.11,184308.38,124.3646,243.8425,69.25,105243,71.0142,593.6456,15.0,1,12000,22.389,52.6935,0.3429,1210.17,6.3458,15.0791,35.687,3.7,213,132,1/3/2022,9/8/2025,1482,287212.68,184308.38,102904.3,0.358286062,1348.416338,494.0985915,2.353544151,8.359533727,1344,6.309859155,57.80297398,132,0.61971831,0,213,287212.68,5,5,5,555,287212.68,61176300.84,2143,1.2216,2,25.5277,79.9861,0.3429,1386.5739,193139.1881,70.1559,585.6843,0.5383,1917,0.894540364,0.5383,1.2216,3.133306173,Platinum,5
CUST490,4728.98,82.9646,132.6081,57,25.29,2.39,594.59,2129.83,37.3654,67.3634,10.41,7161,125.6316,148.0382,50.0,1,800,6.8297,28.6229,0.0228,207.41,0.4296,3.4704,14.1966,0.1519,14,52,3/17/2022,9/9/2024,57,4728.98,2129.83,2599.15,0.549621694,337.7842857,511.5,4.19094543,1.178351625,907,64.78571429,5.627753304,52,3.714285714,364,14,4728.98,3,3,3,333,4728.98,181.3855342,84,1.2432,2,11.7217,41.7962,0.0228,226.0165,14008.8136,126.2055,150.6378,0.5135,76,0.904761905,0.5135,1.2432,3.565711458,Platinum,5
CUST491,3235.44,44.3211,37.4703,73,31.99,3.18,200.69,1686.37,23.101,22.9689,16.23,10102,138.3836,195.2808,12.0,1,500,13.9988,26.6619,0.0131,169.0,3.265,7.9569,19.5905,1.38,23,63,5/18/2022,4/11/2023,73,3235.44,1686.37,1549.07,0.478781866,140.6713043,439.2173913,1.904584679,1.411155657,328,14.26086957,25.51671733,63,2.739130435,881,23,3235.44,1,4,3,143,3235.44,84.37088435,100,1.2188,2,14.7067,25.5951,0.0131,169.0,16193.8109,126.5141,189.4928,0.5703,94,0.94,0.5703,1.2188,1.740370035,Diamond,4
CUST492,3240.92,34.4779,45.5716,94,23.175,0.39,286.85,1438.1,15.2989,23.1718,9.465,10610,112.8723,193.8795,50.0,2,1000,2.5712,7.7311,0.0159,47.8083,0.4082,1.2067,3.9407,0.1704,11,91,1/5/2022,5/9/2023,94,3240.92,1438.1,1802.82,0.556267973,294.6290909,964.5454545,3.006806161,1.717688928,489,44.45454545,8.193877551,91,8.272727273,853,11,3240.92,2,3,3,233,3240.92,41.74487119,141,1.2167,2,2.8625,9.1292,0.0159,65.4189,21066.0241,117.0335,192.4406,0.5222,123,0.872340426,0.5222,1.2167,3.189240175,Platinum,5
CUST493,17487.39,56.4109,117.1432,310,22.13,0.26,917.72,10696.11,34.5036,83.3603,11.26,32426,104.6,573.0986,40.0,1,10000,6.4067,28.585,0.014,399.0,0.6987,4.3869,24.0394,0.3417,132,165,1/12/2022,9/2/2025,310,17487.39,10696.11,6791.28,0.388352979,132.4802273,245.6515152,4.461735371,5.478954111,1329,10.06818182,36.22556391,165,1.25,6,132,17487.39,5,5,4,554,17487.39,329762.2114,468,1.2378,2,8.0079,30.281,0.014,399.0,56271.6832,91.6477,413.355,0.5049,413,0.882478632,0.5049,1.2378,3.781390877,Platinum,5
CUST494,3296.51,53.1695,76.8451,62,21.155,0.45,449.0,2572.0,41.4839,64.6016,15.25,169,2.7258,4.0536,1.0,1,20,47.1533,75.0691,0.0225,449.0,21.155,37.1895,63.5734,15.25,23,54,2/7/2022,7/24/2025,62,3296.51,2572.0,724.51,0.21978092,143.3265217,7.347826087,1.592022191,1.487123046,1263,54.91304348,6.641613924,54,2.347826087,46,23,3296.51,4,4,3,443,3296.51,1613.185745,90,1.2174,2,42.2606,61.6475,0.0225,449.0,314.3335,2.7333,4.0376,0.5391,78,0.866666667,0.5391,1.2174,1.458746445,Platinum,5
CUST495,410394.86,884.4717,1329.4991,464,364.03,5.7,10130.4,280041.1498,603.537,802.455,294.94,10102047,21771.653,37257.3834,10000.0,2,302400,1.2531,6.9385,0.0071,51.5,0.0433,0.8574,4.7421,0.0307,94,25,1/6/2022,9/5/2025,464,410394.86,280041.1498,130353.7102,0.317629978,4365.902766,107468.5851,5.537068071,1.711279497,1338,14.23404255,25.6235997,25,0.265957447,3,94,410394.86,5,5,5,555,410394.86,9644279.21,664,1.2225,2,1.3903,7.6582,0.0071,55.7474,17555185.29,20556.4231,35026.6451,0.5433,594,0.894578313,0.5433,1.2225,5.50830756,Platinum,5
CUST496,7054.14,881.7675,828.2723,8,900.32,65.2,1672.1,4356.54,544.5675,509.4969,584.33,9200,1150.0,277.746,1000.0,1000,1600,0.8688,0.8418,0.0652,1.6721,0.8702,0.5349,0.5189,0.5565,7,3,4/7/2022,11/13/2023,8,7054.14,4356.54,2697.6,0.382413732,1007.734286,1314.285714,0.968922652,0.241518261,585,83.57142857,4.360068259,3,0.428571429,665,7,7054.14,2,2,3,223,7054.14,74.14261261,14,1.3,2,1.1966,0.8427,0.0652,2.2606,22700.5492,1135.0275,278.2798,0.4,10,0.714285714,0.4,1.3,0.704245362,Diamond,4
CUST497,48674.36,565.9809,2962.649,86,33.63,0.34,19494.0,31511.72,366.4153,1956.4694,14.56,35692,415.0233,1080.3533,250.0,1,10000,26.4379,138.2911,0.0168,1005.6,0.0773,18.4556,98.2879,0.0403,54,8,1/3/2022,7/24/2025,86,48674.36,31511.72,17162.64,0.352601246,901.377037,660.962963,5.230789889,2.603114813,1298,24.03703704,15.17321016,8,0.148148148,46,54,48674.36,4,4,4,444,48674.36,55923.73277,130,1.2121,2,18.1659,101.7837,0.0168,1005.6,58823.6297,356.5068,798.1208,0.5212,111,0.853846154,0.5212,1.2121,5.603008934,Platinum,5
CUST498,16772.28,1677.228,1731.2774,10,1062.44,164.3,5700.0,9786.38,978.638,841.9967,732.585,238000,23800.0,18486.0308,18000.0,4000,50000,39.8937,76.3167,0.0457,234.17,0.0807,26.497,42.6768,0.0409,7,1,4/19/2022,12/4/2024,10,16772.28,9786.38,6985.9,0.41651463,2396.04,34000.0,1.913001301,0.776723983,960,137.1428571,2.658688866,1,0.142857143,278,7,16772.28,3,2,4,324,16772.28,420.8098925,15,1.2105,2,53.1205,92.8476,0.0457,257.3408,380777.7532,20040.9344,16743.6476,0.5263,11,0.733333333,0.5263,1.2105,1.747867584,Platinum,5
CUST499,2158.6,719.5333,638.7929,3,697.2,92.2,1369.2,1035.57,345.19,251.9629,488.4,26000,8666.6667,5773.5027,12000.0,2000,12000,0.0728,0.0363,0.0461,0.1141,0.0581,0.0363,0.0079,0.0407,3,1,5/16/2022,8/2/2023,3,2158.6,1035.57,1123.03,0.520258501,719.5333333,8666.666667,0.498626374,0.666173386,443,147.6666667,2.466216216,1,0.333333333,768,3,2158.6,2,2,2,222,2158.6,8.42106632,4,1.3333,2,0.0806,0.0349,0.0461,0.1336,62984.9941,10497.499,4181.5107,0.5,5,1.25,0.5,1.3333,0.433002481,Diamond,4
CUST5,9726170.24,107.0598,230.3098,90848,34.01,0.13,21695.04,6851156.79,75.4134,165.5205,21.5,134043528,1475.4703,6081.52,11.0,1,640000,3.9077,6.0222,0.0039,98.82,2.23,2.9593,5.0518,1.3933,17036,492,1/3/2022,9/8/2025,90848,9726170.24,6851156.79,2875013.45,0.295595633,570.918657,7868.251233,1.54111114,4.121750197,1344,0.078891759,4623.152416,492,0.028880019,0,17036,9726170.24,5,5,5,555,9726170.24,165695000000.0,131689,1.2172,2,4.201,6.5296,0.0039,128.6971,246780076.1,1466.9992,6037.3893,0.5401,115986,0.880756935,0.5401,1.2172,1.554296596,Rock,0
CUST50,515443.97,99.2575,157.0706,5193,47.94,0.85,3380.4,354997.1,68.3607,112.1736,31.16,326385,62.851,1197.2627,12.0,1,54000,20.5281,27.1788,0.0247,935.4,4.8533,14.3534,19.325,3.495,1019,182,1/4/2022,8/18/2025,5193,515443.97,354997.1,160446.87,0.311278974,505.8331403,320.2993131,1.3239803,19.04922276,1322,1.297350343,281.1300076,182,0.178606477,21,1019,515443.97,4,5,5,455,515443.97,23874427.52,7504,1.2123,2,21.6908,29.5471,0.0247,1117.2252,564397.2129,59.2481,1083.4715,0.5451,6614,0.881396588,0.5451,1.2123,1.362195032,Gold,3
CUST500,56579.99,4041.4279,6103.0083,14,1891.815,228.2,23419.66,16071.78,1147.9843,1354.6164,651.17,404000,28857.1429,34173.4426,16000.0,2000,100000,135.7244,170.7415,0.0621,472.9075,62.2058,40.0902,42.0754,29.8678,14,1,7/22/2022,7/18/2025,14,56579.99,16071.78,40508.21,0.715945867,4041.427857,28857.14286,1.258001509,1.184228207,1092,78.0,4.675205855,1,0.071428571,52,14,56579.99,4,3,5,435,56579.99,14945.65774,20,1.2,2,165.1159,203.2476,0.0621,659.3611,644516.2973,25780.6519,30527.2047,0.56,18,0.9,0.56,1.2,1.230938995,Platinum,5
CUST501,624000.36,63.3567,164.1795,9849,23.76,0.05,9810.0,308138.06,31.2862,123.3683,11.4,2140916,217.3739,321.192,100.0,1,5654,0.6682,4.8325,0.006,197.36,0.24,0.3727,3.4343,0.0987,1307,429,1/3/2022,9/8/2025,9849,624000.36,308138.06,315862.3,0.506189291,477.4295027,1638.038256,7.232116133,1.477601497,1344,1.028309105,354.6877323,429,0.328232594,0,1307,624000.36,5,5,5,555,624000.36,815568470.5,14354,1.2161,2,0.7462,5.1839,0.006,214.4131,3986767.941,217.7372,322.8541,0.5379,12576,0.876132089,0.5379,1.2161,6.94706513,Silver,2
CUST502,286.08,31.7867,39.6974,9,18.92,2.63,130.86,135.41,15.0456,19.5614,7.74,165,18.3333,14.2478,16.0,1,42,6.0818,13.616,0.1644,42.14,0.795,2.8734,6.4226,0.4019,3,8,6/24/2022,8/3/2023,9,286.08,135.41,150.67,0.526670861,95.36,55.0,2.238810878,0.77715414,405,135.0,2.697044335,8,2.666666667,767,3,286.08,2,2,1,221,286.08,1.1175,14,1.2222,2,4.0374,9.6569,0.1644,42.14,348.415,19.3564,14.2851,0.5,13,0.928571429,0.5,1.2222,2.391861099,Diamond,4
CUST503,1895.27,54.1506,93.651,35,25.82,1.5,493.75,1053.32,30.0949,58.4635,12.39,668,19.0857,25.9619,8.0,1,100,32.9385,95.2549,0.1208,493.75,3.2275,20.4193,59.3167,1.43,24,29,3/16/2022,1/22/2025,35,1895.27,1053.32,841.95,0.444237497,78.96958333,27.83333333,2.891901574,1.36028021,1043,43.45833333,8.390804598,29,1.208333333,229,24,1895.27,3,4,2,342,1895.27,197.7673043,49,1.2222,2,43.4864,111.9551,0.1208,567.7187,1312.6057,20.835,26.4569,0.5556,44,0.897959184,0.5556,1.2222,2.574485356,Platinum,5
CUST504,52501.06,135.6617,181.51,387,73.2,0.36,1393.0,32788.68,84.7253,125.2454,37.96,18304,47.2972,82.7046,24.0,1,1000,36.6184,82.6475,0.0204,499.0,4.16,27.3707,66.6227,2.3907,179,256,1/13/2022,9/4/2025,387,52501.06,32788.68,19712.38,0.375466324,293.3020112,102.2569832,2.256993752,1.74861514,1330,7.430167598,49.08715252,256,1.430167598,4,179,52501.06,5,5,4,554,52501.06,1879537.948,562,1.2238,2,37.1134,82.6107,0.0204,499.0,34595.4625,47.7838,78.506,0.5345,502,0.893238434,0.5345,1.2238,2.22589954,Gold,3
CUST505,957.98,73.6908,104.5818,13,12.77,3.28,326.4,377.89,29.0685,39.8564,5.87,439,33.7692,30.7521,25.0,10,130,2.2225,2.9992,0.1353,10.2,0.8294,0.8871,1.1262,0.3812,5,12,9/20/2022,3/26/2024,13,957.98,377.89,580.09,0.605534562,191.596,87.8,1.349471316,0.910655272,553,110.6,3.294223827,12,2.4,531,5,957.98,2,2,2,222,957.98,9.003571429,18,1.1818,2,2.2915,2.7274,0.1353,10.2,648.1249,29.4602,24.9714,0.5909,17,0.944444444,0.5909,1.1818,1.190224744,Diamond,4
CUST506,15228.97,120.8648,220.9571,126,26.625,0.33,1192.75,7832.6,62.1635,114.9145,12.115,5172,41.0476,63.8224,18.0,1,480,20.841,68.597,0.033,483.54,2.1889,13.3394,50.5955,0.7125,35,86,1/21/2022,6/10/2025,126,15228.97,7832.6,7396.37,0.485677626,435.1134286,147.7714286,3.291444748,1.554838773,1236,35.31428571,10.32740501,86,2.457142857,90,35,15228.97,4,4,4,444,15228.97,5857.296154,183,1.2078,2,25.8032,83.2452,0.033,543.3517,10356.9032,44.8351,77.3961,0.5455,163,0.890710383,0.5455,1.2078,3.226157996,Platinum,5
CUST507,16904.41,135.2353,158.9542,125,70.77,0.75,845.0,12567.52,100.5402,131.7163,46.15,1060,8.48,17.1585,1.0,1,100,96.145,114.3427,0.0222,651.62,49.0,70.3045,84.7296,26.78,52,95,1/14/2022,7/21/2025,125,16904.41,12567.52,4336.89,0.256553763,325.0848077,20.38461538,1.189273493,2.023408019,1284,24.69230769,14.77042802,95,1.826923077,49,52,16904.41,4,4,4,444,16904.41,17580.5864,179,1.208,2,95.5992,115.6635,0.0222,651.62,1837.0334,8.1285,16.9243,0.5531,160,0.893854749,0.5531,1.208,1.209879371,Platinum,5
CUST508,621.25,56.4773,65.7772,11,14.61,1.29,143.36,182.67,16.6064,27.316,3.46,122,11.0909,5.0091,12.0,4,16,5.1773,5.6796,0.3225,14.336,2.4325,1.6438,2.6919,0.55,3,7,3/2/2023,5/8/2024,11,621.25,182.67,438.58,0.705963783,207.0833333,40.66666667,1.097019682,0.451640534,433,144.3333333,2.523041475,7,2.333333333,488,3,621.25,2,2,1,221,621.25,3.811349693,13,1.3158,2,5.7042,6.4445,0.3225,16.5358,228.3683,12.0194,5.0235,0.5789,15,1.153846154,0.5789,1.3158,1.129781564,Diamond,4
CUST509,87181.56,473.8128,738.3358,184,131.63,2.39,3904.76,44779.8,243.3685,420.1011,59.555,74322,403.9239,505.3867,177.5,1,2400,3.1757,11.5639,0.0239,114.67,0.9033,1.7097,6.1368,0.4016,70,81,1/6/2022,8/5/2025,184,87181.56,44779.8,42401.76,0.486361565,1245.450857,1061.742857,3.641370407,1.251192861,1307,18.67142857,19.53363914,81,1.157142857,34,70,87181.56,4,4,5,445,87181.56,174363.12,256,1.2171,2,3.1467,11.9633,0.0239,145.6096,128696.9476,393.5686,474.9927,0.5627,237,0.92578125,0.5627,1.2171,3.801855913,Platinum,5
CUST51,3439.96,118.6193,76.8593,29,109.27,8.18,298.64,2262.03,78.001,45.6543,74.3,9314,321.1724,415.9036,120.0,2,1200,25.0316,27.9427,0.13,149.32,12.63,16.0573,16.2827,7.9,5,17,1/17/2022,4/12/2023,29,3439.96,2262.03,1177.93,0.342425493,687.992,1862.8,1.116297001,1.294954361,450,90.0,4.046563193,17,3.4,880,5,3439.96,1,2,3,123,3439.96,19.523042,45,1.1964,2,32.161,42.4676,0.13,164.3508,16475.6677,294.2084,393.2124,0.5179,36,0.8,0.5179,1.1964,1.320468891,Diamond,4
CUST510,1430.82,89.4262,116.5118,16,55.05,13.4,489.23,710.13,44.3831,72.5847,17.13,7728,483.0,574.0044,225.0,12,2000,2.0594,4.55,0.039,13.59,0.2586,1.212,2.7672,0.1417,3,12,5/25/2022,8/10/2022,16,1430.82,710.13,720.69,0.503690192,476.94,2576.0,2.209381373,1.188414907,77,25.66666667,14.03846154,12,4.0,1125,3,1430.82,1,2,2,122,1430.82,3.812131439,20,1.2593,2,1.8739,4.4159,0.039,14.8996,14424.4265,534.238,575.1445,0.5926,22,1.1,0.5926,1.2593,2.356529164,Diamond,4
CUST511,632.87,19.7772,28.5683,32,9.585,0.88,150.0,324.94,10.1544,21.3178,4.51,1056,33.0,30.4398,25.0,1,100,7.2501,27.9713,0.0176,150.0,0.4218,5.1555,21.8351,0.176,10,31,1/10/2022,10/16/2024,32,632.87,324.94,307.93,0.486561221,63.287,105.6,3.85805713,0.922418182,1010,101.0,3.610286845,31,3.1,327,10,632.87,3,3,1,331,632.87,19.29481707,48,1.2258,2,5.4054,22.239,0.0176,150.0,2073.7,33.4468,30.9459,0.5161,41,0.854166667,0.5161,1.2258,4.114219114,Platinum,5
CUST512,13000.52,295.4664,261.6375,44,211.35,20.09,918.99,6133.48,139.3973,120.274,100.15,7233,164.3864,274.4635,19.5,1,1500,75.3639,83.8235,0.045,205.57,15.0236,38.2825,40.6764,9.8692,31,17,1/7/2022,5/5/2025,44,13000.52,6133.48,6867.04,0.528212718,419.3716129,233.3225806,1.11225003,1.669624129,1214,39.16129032,9.312757202,17,0.548387097,126,31,13000.52,3,4,4,344,13000.52,3173.355276,62,1.1622,2,92.9783,93.349,0.045,244.0075,12225.0011,165.2027,262.2805,0.5946,51,0.822580645,0.5946,1.1622,1.003986952,Platinum,5
CUST513,35266.81,62.3089,152.8593,566,22.95,0.05,2187.5,23908.94,42.2419,125.0238,12.6,35416,62.5724,177.0962,2.0,1,2350,30.5971,70.0148,0.025,519.0,5.49,21.8988,54.6067,2.69,209,325,2/23/2022,9/5/2025,566,35266.81,23908.94,11357.87,0.322055496,168.7407177,169.4545455,2.288282223,2.830260626,1290,6.172248804,59.08985283,325,1.555023923,3,209,35266.81,5,5,4,554,35266.81,1842690.822,849,1.231,2,34.7418,80.4708,0.025,595.4599,60755.9918,55.0326,146.1696,0.5127,737,0.868080094,0.5127,1.231,2.316253044,Gold,3
CUST514,19813.53,233.1004,276.1015,85,98.89,4.48,901.63,11173.02,131.4473,163.0143,53.4,5317,62.5529,210.0113,12.0,2,1000,41.4798,39.679,0.0569,123.0386,11.6733,22.1609,20.9051,5.8633,41,7,1/17/2022,7/23/2025,85,19813.53,11173.02,8640.51,0.436091398,483.2568293,129.6829268,0.956586097,3.357339148,1283,31.29268293,11.65498442,7,0.170731707,47,41,19813.53,4,4,4,444,19813.53,16924.05688,122,1.2026,2,47.1241,43.7385,0.0569,140.2824,9654.9524,63.1043,210.0203,0.5556,108,0.885245902,0.5556,1.2026,0.928155657,Platinum,5
CUST515,308667.13,461.3858,1619.0778,669,78.65,8.33,10801.56,247416.31,369.8301,1358.3801,56.57,37990,56.7862,190.108,10.0,1,2000,45.4565,266.2504,0.988,4338.67,13.1067,32.985,193.8091,7.32,166,51,1/7/2022,8/27/2025,669,308667.13,247416.31,61250.82,0.198436484,1859.440542,228.8554217,5.857256938,3.347785201,1328,8.0,45.59066968,51,0.307228916,12,166,308667.13,5,5,5,555,308667.13,3941441.814,984,1.2159,2,42.2547,227.9406,0.988,4338.67,63888.689,50.9073,171.119,0.5331,863,0.87703252,0.5331,1.2159,5.394443695,Platinum,5
CUST516,2192.95,243.6611,64.1374,9,198.29,162.88,332.2,1273.85,141.5389,13.265,140.58,26,2.8889,0.3333,3.0,2,3,84.2367,18.8734,66.0967,110.7333,81.44,49.2526,3.494,50.17,9,1,4/13/2022,7/28/2025,9,2192.95,1273.85,919.1,0.419115803,243.6611111,2.888888889,0.224051987,0.115372633,1202,133.5555556,2.730673317,1,0.111111111,42,9,2192.95,4,3,2,432,2192.95,458.9895349,12,1.1429,2,83.5714,17.4526,66.0967,110.7333,39.9339,2.8524,0.4049,0.6429,11,0.916666667,0.6429,1.1429,0.208834601,Platinum,5
CUST517,1444.66,206.38,11.4419,7,203.56,195.41,221.47,689.02,98.4314,4.8571,100.0,14,2.0,0.0,2.0,2,2,103.19,5.7209,97.705,110.735,101.78,49.2157,2.4285,50.0,7,1,3/7/2022,7/11/2025,7,1444.66,689.02,755.64,0.523057328,206.38,2.0,0.05544045,0.0,1222,174.5714286,2.089125102,1,0.142857143,59,7,1444.66,4,2,2,422,1444.66,168.5436667,10,1.375,2,112.8808,12.3776,97.705,141.0833,32.3319,2.0207,0.1024,0.4375,11,1.1,0.4375,1.375,0.109651951,Platinum,5
CUST518,73.78,73.78,0.0,1,73.78,73.78,73.78,55.97,55.97,0.0,55.97,1,1.0,0.0,1.0,1,1,73.78,0.0,73.78,73.78,73.78,55.97,0.0,55.97,1,1,4/7/2022,4/7/2022,1,73.78,55.97,17.81,0.241393332,73.78,1.0,0.0,0.0,0,0.0,365.0,1,1.0,1250,1,73.78,1,1,1,111,73.78,0.058976819,1,1.0,1,73.78,0.0,73.78,73.78,1.0,1.0,0.0,1.0,1,1.0,1.0,1.0,0.0,Diamond,4
CUST519,520.18,520.18,0.0,1,520.18,520.18,520.18,198.76,198.76,0.0,198.76,4,4.0,0.0,4.0,4,4,130.045,0.0,130.045,130.045,130.045,49.69,0.0,49.69,1,1,5/26/2023,5/26/2023,1,520.18,198.76,321.42,0.617901496,520.18,4.0,0.0,0.0,0,0.0,365.0,1,1.0,836,1,520.18,2,1,1,211,520.18,0.621481481,2,1.0,1,138.202,11.5357,130.045,146.3589,8.5041,4.252,0.3564,0.5,1,0.5,0.5,1.0,0.083469848,Diamond,4
CUST52,400.85,100.2125,27.0104,4,102.88,64.68,130.41,234.82,58.705,17.8615,66.87,374,93.5,29.0,108.0,50,108,1.1016,0.1756,0.9526,1.2936,1.08,0.6294,0.0118,0.6292,3,2,3/11/2022,3/24/2025,4,400.85,234.82,166.03,0.414194836,133.6166667,124.6666667,0.159404503,0.310160428,1109,369.6666667,0.986486486,2,0.666666667,168,3,400.85,3,2,1,321,400.85,7.115680473,6,1.1429,2,1.2443,0.3177,0.9526,1.8628,633.3884,90.4841,27.8067,0.5714,5,0.833333333,0.5714,1.1429,0.255324279,Platinum,5
CUST520,818.67,90.9633,41.8008,9,76.81,65.28,173.52,513.65,57.0722,24.3581,48.01,132,14.6667,5.2915,12.0,12,24,6.0658,0.6491,5.44,7.23,6.4,3.8338,0.3328,4.0008,9,1,4/27/2022,4/8/2025,9,818.67,513.65,305.02,0.372579916,90.96333333,14.66666667,0.107009793,0.360783271,1077,119.6666667,3.047309833,1,0.111111111,153,9,818.67,3,3,2,332,818.67,47.84435065,12,1.1429,2,6.4687,1.0536,5.44,9.2332,191.7719,13.698,4.3648,0.6429,10,0.833333333,0.6429,1.1429,0.162876621,Platinum,5
CUST521,1148.65,114.865,91.7755,10,89.78,11.34,249.0,853.64,85.364,77.9302,48.56,79,7.9,11.1101,1.0,1,24,98.9068,102.6894,0.4725,249.0,55.045,76.3518,84.8732,31.925,5,10,5/26/2022,2/15/2024,10,1148.65,853.64,295.01,0.256831933,229.73,15.8,1.038244084,1.406341772,630,126.0,2.892234548,10,2.0,571,5,1148.65,2,2,2,222,1148.65,10.04064685,15,1.2857,2,88.3773,102.3225,0.4725,344.2388,135.1671,6.4365,10.0609,0.4762,14,0.933333333,0.4762,1.2857,1.15779165,Diamond,4
CUST522,13.86,6.93,0.0,2,6.93,6.93,6.93,12.48,6.24,0.0,6.24,48,24.0,0.0,24.0,24,24,0.2888,0.0,0.2888,0.2888,0.2888,0.26,0.0,0.26,1,2,12/27/2022,12/27/2022,2,13.86,12.48,1.38,0.0995671,13.86,48.0,0.0,0.0,0,0.0,365.0,2,2.0,986,1,13.86,1,1,1,111,13.86,0.014042553,2,1.5,2,0.3144,0.031,0.2888,0.351,96.0,24.0,0.0,0.5,4,2.0,0.5,1.5,0.098600509,Diamond,4
CUST523,13326.89,888.4593,212.9185,15,900.8,272.13,1092.37,5615.86,374.3907,86.0298,421.5,420021,28001.4,30982.5112,3.0,1,60000,213.868,120.3364,79.333,364.1233,272.13,87.7593,45.628,103.9,14,2,4/26/2022,8/18/2025,15,13326.89,5615.86,7711.03,0.578606862,951.9207143,30001.5,0.562666692,1.106462934,1210,86.42857143,4.219653179,2,0.142857143,21,14,13326.89,4,3,4,434,13326.89,8480.748182,18,1.1429,2,266.2893,134.9386,79.333,471.4777,420040.5396,20001.9305,28981.3547,0.7143,17,0.944444444,0.7143,1.1429,0.506736846,Platinum,5
CUST524,187.08,46.77,64.7189,4,18.48,6.93,143.19,169.5,42.375,58.1399,17.19,27,6.75,11.5,1.0,1,24,46.77,64.7189,6.93,143.19,18.48,42.375,58.1399,17.19,3,4,1/8/2025,4/4/2025,4,187.08,169.5,17.58,0.093970494,62.36,9.0,1.38376951,1.703703704,86,28.66666667,12.5862069,4,1.333333333,157,3,187.08,3,2,1,321,187.08,3.552151899,4,1.0,1,46.77,64.7189,6.93,143.19,27.0,6.75,11.5,1.0,4,1.0,1.0,1.0,1.38376951,Diamond,4
CUST525,13303.34,146.1905,171.5389,91,75.55,1.3,674.76,7004.3,76.9703,94.6689,38.36,4201,46.1648,64.0684,16.0,1,288,20.2524,41.777,0.0702,249.5,2.8347,11.5318,24.0452,1.3312,44,70,1/5/2022,12/4/2024,91,13303.34,7004.3,6299.04,0.473493123,302.3486364,95.47727273,2.062817246,1.387819291,1064,24.18181818,15.07981221,70,1.590909091,278,44,13303.34,3,4,4,344,13303.34,2098.017778,131,1.2294,2,22.448,48.2766,0.0702,274.3627,8055.0494,47.3826,65.5769,0.5353,121,0.923664122,0.5353,1.2294,2.150596935,Platinum,5
CUST526,208832.35,276.5991,308.9625,755,141.75,1.18,1752.75,150538.99,199.3894,221.6333,87.84,173717,230.0887,897.8447,24.0,1,5760,50.6737,47.0567,0.2212,196.145,37.4567,36.0496,34.809,26.29,145,22,1/4/2022,9/4/2025,755,208832.35,150538.99,58293.36,0.279139511,1440.223103,1198.048276,0.928621751,3.902167729,1339,9.234482759,39.49626866,22,0.151724138,4,145,208832.35,5,5,5,555,208832.35,6056138.15,1097,1.2286,2,53.8269,50.0133,0.2212,255.0406,358089.32,251.8209,941.5401,0.5309,973,0.886964448,0.5309,1.2286,0.929150666,Platinum,5
CUST527,21560.52,347.7503,562.8746,62,99.225,0.73,2364.36,11661.96,188.0961,317.5497,45.305,10863,175.2097,435.5279,16.0,1,2000,20.8362,35.4051,0.0146,116.2647,3.1381,11.1525,18.6603,1.3384,35,36,1/26/2022,6/11/2025,62,21560.52,11661.96,9898.56,0.45910581,616.0148571,310.3714286,1.699210989,2.485752216,1232,35.2,10.36090835,36,1.028571429,89,35,21560.52,4,4,4,444,21560.52,8384.646667,98,1.216,2,19.5731,35.2837,0.0146,133.1002,29765.8804,238.127,506.3439,0.496,78,0.795918367,0.496,1.216,1.802662838,Platinum,5
CUST528,739.73,147.946,16.0867,5,153.78,130.98,165.91,324.1,64.82,3.9984,61.9,40,8.0,0.0,8.0,8,8,73.973,8.0434,65.49,82.955,76.89,32.41,1.9992,30.95,5,1,2/3/2022,5/22/2024,5,739.73,324.1,415.63,0.561867168,147.946,8.0,0.108734268,0.0,839,167.8,2.172619048,1,0.2,474,5,739.73,2,2,1,221,739.73,7.786631579,6,1.25,2,76.2886,9.2189,65.49,93.3988,65.3038,8.163,0.461,0.625,7,1.166666667,0.625,1.25,0.120842433,Diamond,4
CUST529,1505.2,167.2444,56.7054,9,162.0,55.2,226.8,606.78,67.42,18.4821,77.7,53000,5888.8889,333.3333,6000.0,5000,6000,0.0284,0.0092,0.0092,0.0378,0.027,0.0114,0.003,0.013,9,2,2/23/2022,6/27/2025,9,1505.2,606.78,898.42,0.596877491,167.2444444,5888.888889,0.323943662,0.056603768,1220,135.5555556,2.69041769,2,0.222222222,73,9,1505.2,4,3,2,432,1505.2,183.0648649,14,1.125,2,0.0294,0.0077,0.0092,0.0428,92493.8574,5780.8661,558.3496,0.5625,9,0.642857143,0.5625,1.125,0.261904762,Platinum,5
CUST53,1953793.59,164.9467,509.8704,11845,35.5,0.02,13543.2,1164171.455,98.2838,323.7604,19.68,3792322,320.1623,640.0577,16.0,1,12200,22.182,109.2101,0.0081,4247.71,2.95,15.0558,76.4314,1.6,2005,508,1/3/2022,9/8/2025,11845,1953793.59,1164171.455,789622.135,0.404148186,974.4606434,1891.432419,4.923365792,1.99916636,1344,0.67032419,544.1078067,508,0.253366584,0,2005,1953793.59,5,5,5,555,1953793.59,3917356148.0,17042,1.2178,2,23.8474,118.7959,0.0081,5404.9472,6887381.084,316.1234,631.2955,0.5437,15155,0.889273559,0.5437,1.2178,4.981503225,Silver,2
CUST530,816.3,816.3,0.0,1,816.3,816.3,816.3,139.5,139.5,0.0,139.5,3000,3000.0,0.0,3000.0,3000,3000,0.2721,0.0,0.2721,0.2721,0.2721,0.0465,0.0,0.0465,1,1,7/12/2023,7/12/2023,1,816.3,139.5,676.8,0.829106946,816.3,3000.0,0.0,0.0,0,0.0,365.0,1,1.0,789,1,816.3,2,1,2,212,816.3,1.033291139,3,1.4,2,0.3054,0.0417,0.2721,0.3783,14906.978,2981.3956,183.3294,0.2,2,0.666666667,0.2,1.4,0.13654224,Diamond,4
CUST531,3981.26,265.4173,382.1073,15,162.75,25.32,1620.0,2292.72,152.848,254.5981,104.93,147900,9860.0,3288.5733,10850.0,1200,12000,0.0514,0.1353,0.012,0.54,0.015,0.0316,0.0897,0.0087,13,2,2/14/2022,3/20/2025,15,3981.26,2292.72,1688.54,0.424122012,306.2507692,11376.92308,2.63229572,0.333526704,1130,86.92307692,4.195402299,2,0.153846154,172,13,3981.26,3,3,3,333,3981.26,299.1698266,21,1.3226,2,0.0735,0.1717,0.012,0.6334,273471.0024,8821.6452,4342.2682,0.4839,22,1.047619048,0.4839,1.3226,2.336054422,Platinum,5
CUST532,1103.4,367.8,260.7544,3,240.0,195.6,667.8,464.16,154.72,53.8921,128.94,18000,6000.0,0.0,6000.0,6000,6000,0.0613,0.0435,0.0326,0.1113,0.04,0.0258,0.009,0.0215,3,1,4/19/2022,5/28/2025,3,1103.4,464.16,639.24,0.579336596,367.8,6000.0,0.709624796,0.0,1135,378.3333333,0.963908451,1,0.333333333,103,3,1103.4,3,2,2,322,1103.4,31.82884615,3,1.25,2,0.0791,0.0502,0.0326,0.1324,24000.0,6000.0,0.0,0.75,4,1.333333333,0.75,1.25,0.634639697,Platinum,5
CUST533,25365.47,650.3967,457.3378,39,512.5,244.88,2331.47,17138.29,439.4433,343.0381,255.12,4117,105.5641,78.6805,100.0,20,402,11.3096,10.4516,2.3999,25.625,2.7502,8.3548,8.29,1.68,27,6,1/13/2022,2/16/2023,39,25365.47,17138.29,8227.18,0.324345656,939.4618519,152.4814815,0.924135248,0.745333878,399,14.77777778,24.6375,6,0.222222222,935,27,25365.47,1,4,4,144,25365.47,731.69625,52,1.2121,2,11.3367,11.1031,2.3999,31.5112,6849.5264,103.7807,77.8944,0.5909,48,0.923076923,0.5909,1.2121,0.979394356,Diamond,4
CUST534,1636.46,545.4867,61.8952,3,511.47,508.06,616.93,943.74,314.58,12.6052,315.0,186,62.0,1.7321,63.0,60,63,8.7929,0.8831,8.1186,9.7925,8.4677,5.0767,0.2501,5.19,3,2,1/31/2022,11/7/2022,3,1636.46,943.74,692.72,0.423303961,545.4866667,62.0,0.100433304,0.027937097,280,93.33333333,3.896797153,2,0.666666667,1036,3,1636.46,1,2,2,122,1636.46,4.734214079,4,1.0,1,9.3838,1.3843,8.1186,11.1563,260.8816,65.2204,6.5942,0.75,3,0.75,0.75,1.0,0.147520194,Diamond,4
CUST535,21563.42,513.4148,499.9457,42,159.0,39.0,1612.8,10053.32,239.3648,216.6439,255.58,106769,2542.119,2258.8403,2160.0,1,5400,176.3908,439.8371,0.03,1612.8,0.2476,89.1782,244.4443,0.1263,7,29,2/3/2022,1/4/2024,42,21563.42,10053.32,11510.1,0.533778965,3080.488571,15252.71429,2.493537645,0.888565917,700,100.0,3.644793153,29,4.142857143,613,7,21563.42,2,2,4,224,21563.42,245.8370358,56,1.2821,2,207.6328,498.0934,0.03,1983.0196,218061.6944,2795.6627,2250.6634,0.5385,59,1.053571429,0.5385,1.2821,2.398914815,Platinum,5
CUST536,83120.33,132.1468,355.3828,629,26.46,0.12,3561.75,45964.04,73.0748,223.2991,12.2,137892,219.2242,1292.7674,25.0,1,12500,16.7332,89.2574,0.0083,1187.25,1.0217,9.4136,49.5733,0.4916,248,345,1/6/2022,8/27/2025,629,83120.33,45964.04,37156.29,0.447018076,335.162621,556.016129,5.334150073,5.897010458,1329,5.358870968,68.06015038,345,1.391129032,12,248,83120.33,5,5,5,555,83120.33,1585680.142,901,1.2083,2,20.7096,113.4478,0.0083,1747.2065,296369.7618,260.4304,1456.4934,0.5527,798,0.885682575,0.5527,1.2083,5.478029513,Gold,3
CUST537,13950.0,2325.0,2226.1941,6,1567.5,825.0,6750.0,8551.51,1425.2517,1450.4707,888.25,450000,75000.0,75564.5419,47500.0,25000,225000,0.032,0.0015,0.03,0.033,0.033,0.0189,0.0003,0.0187,4,1,3/11/2022,8/5/2024,6,13950.0,8551.51,5398.49,0.38698853,3487.5,112500.0,0.046875,1.007527225,878,219.5,1.660978385,1,0.25,399,4,13950.0,2,2,4,224,13950.0,139.5,11,1.2667,2,0.0344,0.0034,0.03,0.0423,1119787.614,74652.5076,64023.1543,0.4,9,0.818181818,0.4,1.2667,0.098837209,Platinum,5
CUST538,14086.3,1280.5727,681.2283,11,1456.4,121.0,2184.6,10009.39,909.9445,498.1639,1013.48,236000,21454.5455,40354.2405,4000.0,600,104000,0.2811,0.1503,0.0145,0.3727,0.3641,0.193,0.1138,0.2534,10,3,3/18/2022,7/22/2025,11,14086.3,10009.39,4076.91,0.289423766,1408.63,23600.0,0.534685165,1.880917985,1222,122.2,2.984464432,3,0.3,48,10,14086.3,4,3,4,434,14086.3,2874.755102,13,1.35,2,0.2639,0.1924,0.0145,0.5509,655031.7138,32751.5857,46803.1648,0.55,16,1.230769231,0.55,1.35,0.729064039,Platinum,5
CUST539,393.5,393.5,0.0,1,393.5,393.5,393.5,231.93,231.93,0.0,231.93,2500,2500.0,0.0,2500.0,2500,2500,0.1574,0.0,0.1574,0.1574,0.1574,0.0928,0.0,0.0928,1,1,2/11/2022,2/11/2022,1,393.5,231.93,161.57,0.410597205,393.5,2500.0,0.0,0.0,0,0.0,365.0,1,1.0,1305,1,393.5,1,1,1,111,393.5,0.301301685,2,1.0,1,0.1628,0.0076,0.1574,0.1681,4542.547,2271.2735,323.4681,0.5,1,0.5,0.5,1.0,0.046683047,Diamond,4
CUST54,575391.83,204.0397,514.6594,2820,40.42,0.06,8051.4,368201.0098,130.5677,368.1075,28.3,23703,8.4053,20.1833,2.0,1,394,34.3079,64.3287,0.02,713.07,24.48,27.1905,68.6981,19.4072,1820,90,1/4/2022,9/8/2025,2820,575391.83,368201.0098,207190.8202,0.360086483,316.1493571,13.02362637,1.875040443,2.40125873,1343,0.737912088,494.2708333,90,0.049450549,0,1820,575391.83,5,5,5,555,575391.83,1047213131.0,4110,1.2219,2,36.5619,69.1918,0.02,998.6841,44507.3169,8.4262,20.2922,0.5339,3632,0.883698297,0.5339,1.2219,1.892456355,Silver,2
CUST540,12663.3,15.3123,29.8348,827,7.2,0.28,476.59,8613.76,10.4157,23.5266,5.19,3185,3.8513,3.6067,2.0,1,22,6.3325,15.7963,0.275,142.28,1.8,4.3893,12.3301,1.5533,175,46,1/14/2022,9/5/2025,827,12663.3,8613.76,4049.54,0.319785522,72.36171429,18.2,2.494480853,0.936488978,1330,7.6,47.99023291,46,0.262857143,3,175,12663.3,5,5,4,554,12663.3,554019.375,1243,1.2289,2,6.8347,17.1967,0.275,211.3375,6066.0522,3.7631,3.5038,0.513,1077,0.866452132,0.513,1.2289,2.516087026,Platinum,5
CUST541,10206.86,82.3134,130.9328,124,9.855,0.84,547.92,5934.64,47.86,79.4154,4.385,4629,37.3306,26.8818,25.0,1,100,13.8099,43.7807,0.0136,263.55,0.3358,8.8776,29.9027,0.1401,32,54,3/14/2022,8/2/2024,124,10206.86,5934.64,4272.22,0.418563594,318.964375,144.65625,3.17024019,0.720100936,872,27.25,13.37915235,54,1.6875,402,32,10206.86,2,4,3,243,10206.86,810.470273,194,1.2146,2,16.5044,53.2317,0.0136,320.3787,9214.9418,37.3075,26.042,0.502,157,0.809278351,0.502,1.2146,3.225303555,Platinum,5
CUST542,52479.45,5831.05,1227.614,9,5617.8,4592.25,8662.95,14.7253,1.6361,0.4148,1.6838,1163,129.2222,27.1743,124.0,102,192,45.1215,0.093,45.0067,45.3048,45.1195,0.0129,0.0034,0.0101,9,1,1/31/2022,8/29/2025,9,52479.45,14.7253,52464.7247,0.999719408,5831.05,129.2222222,0.002061102,0.210291266,1306,145.1111111,2.513389441,1,0.111111111,10,9,52479.45,5,3,4,534,52479.45,42937.73182,10,1.3333,2,50.0412,7.053,45.0067,63.881,1935.5768,129.0385,24.1882,0.6,13,1.3,0.6,1.3333,0.140943862,Platinum,5
CUST543,25000.0,25000.0,0.0,1,25000.0,25000.0,25000.0,0.01,0.01,0.0,0.01,1,1.0,0.0,1.0,1,1,25000.0,0.0,25000.0,25000.0,25000.0,0.01,0.0,0.01,1,1,8/9/2022,8/9/2022,1,25000.0,0.01,24999.99,0.9999996,25000.0,1.0,0.0,0.0,0,0.0,365.0,1,1.0,1126,1,25000.0,1,1,4,114,25000.0,22.18278616,1,1.0,1,25000.0,0.0,25000.0,25000.0,1.0,1.0,0.0,1.0,1,1.0,1.0,1.0,0.0,Diamond,4
CUST544,11467.02,254.8227,326.6147,45,112.89,27.0,1297.2,6788.5,150.8556,204.6326,57.87,28635,636.3333,661.993,400.0,10,3000,1.2482,2.1223,0.04,13.57,0.72,0.7042,1.4354,0.4822,11,17,2/9/2022,9/3/2025,45,11467.02,6788.5,4678.52,0.407997893,1042.456364,2603.181818,1.700288415,1.040324308,1302,118.3636364,3.081350729,17,1.545454545,5,11,11467.02,5,3,4,534,11467.02,21022.87,66,1.2326,2,1.4125,2.2883,0.04,15.1947,58366.6229,678.6817,671.1089,0.5233,57,0.863636364,0.5233,1.2326,1.620035398,Platinum,5
CUST545,17695.49,842.6424,480.106,21,1153.46,14.4,1319.84,9440.81,449.5624,270.7675,645.94,4952,235.8095,656.6003,4.0,4,3000,185.7087,148.2492,0.0288,329.96,288.365,101.2669,80.6781,161.485,21,4,4/21/2022,8/11/2025,21,17695.49,9440.81,8254.68,0.466484963,842.642381,235.8095238,0.798288933,2.78445228,1208,57.52380952,6.339950372,4,0.19047619,28,21,17695.49,4,3,4,434,17695.49,12813.97552,38,1.1556,2,179.2683,163.0762,0.0288,434.5381,12021.0975,267.1355,680.1721,0.4667,26,0.684210526,0.4667,1.1556,0.909676725,Platinum,5
CUST546,3841.2,3841.2,0.0,1,3841.2,3841.2,3841.2,3841.2,3841.2,0.0,3841.2,1,1.0,0.0,1.0,1,1,3841.2,0.0,3841.2,3841.2,3841.2,3841.2,0.0,3841.2,1,1,3/31/2023,3/31/2023,1,3841.2,3841.2,0.0,0.0,3841.2,1.0,0.0,0.0,0,0.0,365.0,1,1.0,892,1,3841.2,1,1,3,113,3841.2,4.301455767,2,1.0,1,4035.7738,275.1689,3841.2,4230.3475,2.1763,1.0882,0.1247,0.5,1,0.5,0.5,1.0,0.068182439,Diamond,4
CUST547,27456.96,137.2848,182.5489,200,65.115,6.52,1480.43,8885.72,44.4286,48.5734,27.73,103168,515.84,452.6844,456.5,1,2000,1.9041,8.6483,0.011,107.46,0.3155,0.9141,4.2684,0.1053,75,30,1/19/2022,9/4/2025,200,27456.96,8885.72,18571.24,0.676376409,366.0928,1375.573333,4.541935823,0.877567463,1324,17.65333333,20.66037736,30,0.4,4,75,27456.96,5,5,4,554,27456.96,411854.4,298,1.226,2,2.0678,9.1356,0.011,114.775,196100.3921,509.3517,452.4754,0.5195,257,0.862416107,0.5195,1.226,4.418028823,Platinum,5
CUST548,8082.11,80.8211,204.7885,100,23.085,0.6,1720.7,4008.07,40.0807,113.0327,9.24,13705,137.05,401.6283,38.0,1,3840,3.5186,14.9049,0.0898,87.44,0.3472,2.2813,10.5901,0.108,99,16,2/15/2022,8/28/2025,100,8082.11,4008.07,4074.04,0.504081236,81.63747475,138.4343434,4.236031376,2.930523896,1290,13.03030303,27.98993029,16,0.161616162,11,99,8082.11,5,5,3,553,8082.11,66677.4075,141,1.2253,2,5.0739,18.7275,0.0898,98.065,26544.1534,145.847,427.2714,0.5495,131,0.929078014,0.5495,1.2253,3.690947792,Platinum,5
CUST549,11023.2,551.16,379.8664,20,375.0,272.75,1539.4,3300.0,165.0,46.169,150.0,11000,550.0,153.8968,500.0,500,1000,0.9484,0.4014,0.5455,1.5394,0.75,0.3,0.0,0.3,20,1,1/12/2022,6/5/2025,20,11023.2,3300.0,7723.2,0.700631396,551.16,550.0,0.42323914,0.279812364,1240,62.0,5.882352941,1,0.05,95,20,11023.2,4,3,3,433,11023.2,2296.5,27,1.129,2,0.9646,0.4099,0.5455,2.005,16814.7062,542.4099,148.0441,0.6452,23,0.851851852,0.6452,1.129,0.424942982,Platinum,5
CUST55,315763.62,380.897,523.8892,829,150.1,0.92,5979.0,212486.83,256.317,350.0064,98.64,612565,738.9204,2467.4123,48.0,1,60000,28.3385,60.7505,0.0009,519.74,4.8571,20.9824,46.04,3.06,386,100,1/5/2022,8/27/2025,829,315763.62,212486.83,103276.79,0.327069946,818.0404663,1586.955959,2.143744376,3.339212586,1330,3.445595855,105.8527423,100,0.259067358,12,386,315763.62,5,5,5,555,315763.62,9375750.563,1221,1.2138,2,30.3539,67.5781,0.0009,581.7845,1080391.574,695.6803,2002.8416,0.5338,1064,0.871416871,0.5338,1.2138,2.226339943,Platinum,5
CUST550,3971237.11,3687.3139,4536.4955,1077,2274.0,14.8,36973.2,2393987.48,2222.8296,2921.2683,1339.4,1905519,1769.2841,3755.9047,250.0,1,30000,44.8224,585.5114,0.14,18054.76,8.94,34.2787,502.4634,4.74,197,102,1/4/2022,9/4/2025,1077,3971237.11,2393987.48,1577249.63,0.397168335,20158.56401,9672.685279,13.06291943,2.122838667,1339,6.796954315,53.66044776,102,0.517766497,4,197,3971237.11,5,5,5,555,3971237.11,156466742.1,1576,1.2194,2,47.4141,499.1753,0.14,18054.76,3665769.298,1815.6361,3898.9769,0.5334,1384,0.878172589,0.5334,1.2194,10.52799273,Gold,3
CUST551,322570.74,266.8079,1571.2173,1209,163.2,3.98,47810.95,170092.68,140.6887,1085.0246,79.02,597442,494.1621,2243.3124,360.0,1,67169,1.2707,24.4309,0.0534,850.0,0.6011,1.0085,24.4377,0.3173,90,164,1/5/2022,2/7/2023,1209,322570.74,170092.68,152478.06,0.472696501,3584.119333,6638.244444,19.22633194,4.539628596,398,4.422222222,82.33082707,164,1.822222222,944,90,322570.74,1,5,5,155,322570.74,30721.02286,1787,1.2207,2,0.9803,17.7402,0.0534,850.0,1101879.705,480.5406,2331.06,0.5273,1552,0.868494684,0.5273,1.2207,18.09670509,Gold,3
CUST552,6706.04,447.0693,526.0511,15,303.51,43.53,1980.0,57406.1,3827.0733,13661.4414,206.0,172,11.4667,22.5828,3.0,1,80,121.3454,78.2659,14.878,220.0,144.4,3667.2265,13704.5417,86.5,14,7,2/4/2022,10/26/2022,15,6706.04,57406.1,-50700.06,-7.560357528,479.0028571,12.28571429,0.644984482,1.969424507,264,18.85714286,19.28301887,7,0.5,1048,14,6706.04,1,3,3,133,6706.04,89.49910391,22,1.2667,2,124.7164,83.4212,14.878,266.4738,204.8685,6.8289,16.4282,0.5,21,0.954545455,0.5,1.2667,0.668887171,Diamond,4
CUST553,871.45,124.4929,61.4329,7,109.79,70.45,255.09,462.49,66.07,37.7885,51.57,9348,1335.4286,2096.0238,160.0,6,4760,24.2928,29.323,0.0148,68.35,9.1492,13.5177,16.8895,4.298,3,6,2/2/2022,6/29/2022,7,871.45,462.49,408.96,0.469286821,290.4833333,3116.0,1.207065468,1.569551378,147,49.0,7.398648649,6,2.0,1167,3,871.45,1,2,2,122,871.45,2.238313356,11,1.2143,2,16.9116,22.3498,0.0148,68.35,24538.6141,1752.7581,2362.8979,0.5,9,0.818181818,0.5,1.2143,1.321566262,Diamond,4
CUST554,338354.13,1859.0886,4741.5684,182,348.245,0.97,34680.0,207381.87,1139.4608,3514.6652,165.56,142317,781.9615,1220.648,400.0,1,12000,207.3713,2284.0143,0.0145,30600.0,1.1636,154.0012,1617.5985,0.4112,58,66,1/5/2022,9/3/2025,182,338354.13,207381.87,130972.26,0.387086335,5833.691897,2453.741379,11.01412925,1.561007799,1337,23.05172414,15.82212257,66,1.137931034,5,58,338354.13,5,4,5,545,338354.13,3270756.59,267,1.2101,2,356.3227,3292.4585,0.0145,38775.4925,280506.9313,829.9022,1278.8858,0.5385,231,0.865168539,0.5385,1.2101,9.240103142,Platinum,5
CUST555,5593.6,61.4681,28.9179,91,60.0,5.51,141.83,3094.22,34.0024,16.0892,33.32,973,10.6923,18.075,2.0,1,60,44.8753,21.7141,5.24,141.83,37.89,24.6611,11.5522,21.0,26,9,1/11/2022,5/17/2023,91,5593.6,3094.22,2499.38,0.446828518,215.1384615,37.42307692,0.483876431,1.690468842,491,18.88461538,19.28861789,9,0.346153846,845,26,5593.6,2,4,3,243,5593.6,171.9073286,130,1.2121,2,50.8166,25.7111,5.24,160.3981,1595.8637,9.6719,17.6037,0.5515,115,0.884615385,0.5515,1.2121,0.505958683,Diamond,4
CUST556,306.38,153.19,0.0,2,153.19,153.19,153.19,188.4,94.2,5.4306,94.2,4,2.0,0.0,2.0,2,2,76.595,0.0,76.595,76.595,76.595,47.1,2.7153,47.1,1,1,1/3/2022,1/17/2022,2,306.38,188.4,117.98,0.385077355,306.38,4.0,0.0,0.0,14,14.0,24.33333333,1,1.0,1330,1,306.38,1,1,1,111,306.38,0.230187829,2,1.0,1,76.595,0.0,76.595,76.595,4.0,2.0,0.0,1.0,2,1.0,1.0,1.0,0.0,Diamond,4
CUST557,1373.4,76.3,41.6087,18,61.515,32.92,187.19,1047.62,58.2011,31.4222,45.745,452,25.1111,26.6235,21.5,1,72,49.8347,25.1115,20.32,104.63,47.2875,36.0461,11.0412,38.03,7,4,7/14/2022,9/27/2023,18,1373.4,1047.62,325.78,0.237206932,196.2,64.57142857,0.50389588,1.060228345,440,62.85714286,5.793650794,4,0.571428571,712,7,1373.4,2,2,2,222,1373.4,13.48359046,29,1.2162,2,54.6049,31.3933,20.32,134.9728,827.2083,22.357,24.9051,0.4865,22,0.75862069,0.4865,1.2162,0.574917269,Diamond,4
CUST558,6080.0,6080.0,0.0,1,6080.0,6080.0,6080.0,3664.0,3664.0,0.0,3664.0,8000,8000.0,0.0,8000.0,8000,8000,0.76,0.0,0.76,0.76,0.76,0.458,0.0,0.458,1,1,1/5/2022,1/5/2022,1,6080.0,3664.0,2416.0,0.397368421,6080.0,8000.0,0.0,0.0,0,0.0,365.0,1,1.0,1342,1,6080.0,1,1,3,113,6080.0,4.52717796,1,1.0,1,0.76,0.0,0.76,0.76,8000.0,8000.0,0.0,1.0,1,1.0,1.0,1.0,0.0,Diamond,4
CUST559,65275.4,183.3579,99.0974,356,147.05,0.82,1100.0,44440.62,124.8332,60.1172,100.0,180278,506.3989,849.5242,250.0,1,7000,86.4347,82.7142,0.44,264.16,115.95,60.1594,55.6657,97.8,165,8,1/6/2022,9/3/2025,356,65275.4,44440.62,20834.78,0.319182724,395.6084848,1092.593939,0.956955945,1.677579078,1336,8.096969697,45.04487659,8,0.048484848,5,165,65275.4,5,5,5,555,65275.4,1795073.5,512,1.2135,2,96.8982,87.7452,0.44,325.8945,311437.8144,478.3991,782.2018,0.5469,461,0.900390625,0.5469,1.2135,0.905540041,Platinum,5
CUST56,1533163.16,183.6343,1239.7863,8349,68.25,0.02,97319.4,1035996.28,124.0863,240.2526,53.93,6408179,767.5385,7546.029,10.0,1,200000,27.276,58.2462,0.004,1715.88,9.9317,19.4787,41.1907,6.5,1277,213,1/4/2022,9/8/2025,8349,1533163.16,1035996.28,497166.88,0.324275258,1200.597619,5018.151135,2.135437747,9.831466435,1343,1.051683634,346.8043155,213,0.166797181,0,1277,1533163.16,5,5,5,555,1533163.16,1957849355.0,12208,1.2209,2,29.0507,60.6615,0.004,1715.88,10668972.36,680.8534,6308.0789,0.5328,10710,0.877293578,0.5328,1.2209,2.088125243,Gold,3
CUST560,2349.18,293.6475,320.9696,8,222.0,9.5,1056.64,1929.68,241.21,301.0807,196.75,13553,1694.125,1764.4112,1750.0,1,5000,93.6608,190.9374,0.0019,528.32,0.0972,84.2754,171.8551,0.08,7,7,5/12/2025,7/16/2025,8,2349.18,1929.68,419.5,0.178572949,335.5971429,1936.142857,2.038605265,1.041488202,65,9.285714286,38.71212121,7,1.0,54,7,2349.18,4,2,2,422,2349.18,298.9865455,11,1.2143,2,110.2208,200.7206,0.0019,560.5186,26354.7564,1882.4826,1795.9514,0.5714,10,0.909090909,0.5714,1.2143,1.821077328,Diamond,4
CUST561,70519.75,2518.5625,105.7198,28,2578.5,2338.75,2578.5,47454.25,1694.7946,76.1074,1676.0,70000,2500.0,0.0,2500.0,2500,2500,1.0074,0.0423,0.9355,1.0314,1.0314,0.6779,0.0304,0.6704,27,1,5/11/2022,8/15/2025,28,70519.75,47454.25,23065.5,0.327078584,2611.842593,2592.592593,0.041989279,0.0,1192,44.14814815,8.260687343,1,0.037037037,24,27,70519.75,4,4,5,445,70519.75,76161.33,38,1.24,2,1.0805,0.116,0.9355,1.4418,123812.3312,2476.2466,169.9879,0.56,35,0.921052632,0.56,1.24,0.107357705,Platinum,5
CUST562,3139.67,78.4918,56.1461,40,68.4,6.09,211.92,1852.24,46.306,32.2301,43.56,2589,64.725,79.8393,36.0,1,288,15.396,10.0708,3.875,43.56,14.5475,9.116,5.2828,9.905,9,7,2/21/2022,8/14/2023,40,3139.67,1852.24,1287.43,0.410052649,348.8522222,287.6666667,0.654117953,1.233515643,539,59.88888889,6.083333333,7,0.777777778,756,9,3139.67,2,3,2,232,3139.67,37.32764861,60,1.2,2,15.9769,10.594,3.875,43.56,5415.0781,72.201,84.0514,0.5333,50,0.833333333,0.5333,1.2,0.663082325,Diamond,4
CUST563,2824.88,128.4036,96.9612,22,105.97,4.14,349.0,2006.4,91.2,81.0438,74.1,749,34.0455,103.4746,1.0,1,400,103.5233,102.5445,0.1954,349.0,71.96,77.4831,84.1561,44.86,12,20,1/19/2022,5/16/2024,22,2824.88,2006.4,818.48,0.289739741,235.4066667,62.41666667,0.990545124,3.039303285,848,70.66666667,5.159010601,20,1.666666667,480,12,2824.88,2,3,2,232,2824.88,70.47517672,29,1.1714,2,114.8373,116.7329,0.1954,497.4131,1263.8224,36.1092,98.7415,0.6286,26,0.896551724,0.6286,1.1714,1.016506832,Platinum,5
CUST564,11490.67,1276.7411,966.9142,9,1843.45,16.02,2188.8,11481.37,1275.7078,968.4014,1843.45,1531,170.1111,192.0309,60.0,2,480,46.172,47.4447,2.4244,127.68,31.7137,46.0037,47.6053,31.7137,2,9,6/14/2022,9/14/2022,9,11490.67,11481.37,9.3,0.000809352,5745.335,765.5,1.027564325,1.128855789,92,46.0,7.849462366,9,4.5,1090,2,11490.67,1,1,4,114,11490.67,21.06447296,10,1.1667,2,35.6924,44.6854,2.4244,127.68,1564.4091,130.3674,178.8544,0.75,10,1.0,0.75,1.1667,1.2519584,Diamond,4
CUST565,6358.55,489.1192,403.7786,13,367.08,67.65,1423.52,3708.51,285.27,238.1292,272.25,8853,681.0,1039.2032,200.0,50,2500,2.9728,2.8057,0.127,7.1176,1.38,1.6908,1.6205,0.69,5,3,4/13/2022,1/12/2023,13,6358.55,3708.51,2650.04,0.416767974,1271.71,1770.6,0.943790366,1.525995888,274,54.8,6.636363636,3,0.6,970,5,6358.55,1,2,3,123,6358.55,32.742276,19,1.24,2,3.3987,3.1037,0.127,9.106,15313.762,612.5505,960.4105,0.52,17,0.894736842,0.52,1.24,0.913202107,Diamond,4
CUST566,5885.39,99.7524,103.8373,59,59.98,5.89,399.0,4139.42,70.1597,87.7124,39.1,3387,57.4068,92.6473,3.0,1,400,59.722,107.3884,0.05,399.0,19.5,47.1911,89.9699,17.32,28,39,1/18/2022,8/21/2025,59,5885.39,4139.42,1745.97,0.296661734,210.1925,120.9642857,1.79813804,1.613873269,1311,46.82142857,7.789634146,39,1.392857143,18,28,5885.39,4,4,3,443,5885.39,8673.206316,87,1.2301,2,68.6067,119.6677,0.05,455.6803,5719.2014,50.6124,84.1857,0.5221,76,0.873563218,0.5221,1.2301,1.744256756,Platinum,5
CUST567,387822.47,162.1331,444.0439,2392,51.17,0.16,10671.5,212601.23,88.8801,228.0962,26.085,184409,77.0941,153.4153,32.0,1,2000,20.2785,226.8839,0.0024,10671.5,1.7748,11.3223,97.094,0.9283,796,589,1/5/2022,9/2/2025,2392,387822.47,212601.23,175221.24,0.451807859,487.2141583,231.669598,11.18839658,1.989974589,1336,1.67839196,217.3074046,589,0.739949749,6,796,387822.47,5,5,5,555,387822.47,44100955.16,3469,1.2239,2,19.6531,173.3756,0.0024,10671.5,357302.3143,79.9334,165.4377,0.5351,3077,0.886999135,0.5351,1.2239,8.821794017,Gold,3
CUST568,79482.78,673.5829,739.3605,118,582.2,3.79,6318.07,46534.84,394.3631,544.7435,296.04,30219,256.0932,758.5548,100.0,1,6000,38.8156,83.0614,0.0329,460.96,3.79,21.9085,48.2831,2.29,65,9,1/3/2022,8/18/2025,118,79482.78,46534.84,32947.94,0.414529285,1222.812,464.9076923,2.139897361,2.962026325,1323,20.35384615,17.91918429,9,0.138461538,21,65,79482.78,4,4,5,445,79482.78,234835.4864,168,1.2186,2,49.9705,108.8892,0.0329,517.6035,52012.9384,241.9206,739.8448,0.5488,154,0.916666667,0.5488,1.2186,2.179069651,Platinum,5
CUST569,216570.82,966.834,1527.151,224,228.355,6.22,6812.91,133923.8,597.8741,952.1562,134.42,133160,594.4643,452.7419,450.0,20,1800,16.1114,29.3989,0.0622,149.155,0.8,9.4989,17.153,0.6343,75,9,1/3/2022,8/11/2025,224,216570.82,133923.8,82647.02,0.3816166,2887.610933,1775.466667,1.824726591,0.761596449,1316,17.54666667,20.78587699,9,0.12,28,75,216570.82,4,5,5,455,216570.82,560096.9483,333,1.2071,2,18.7984,35.2538,0.0622,201.7309,244518.4844,582.1869,439.7868,0.5333,287,0.861861862,0.5333,1.2071,1.875361733,Platinum,5
CUST57,338673.57,265.0028,645.7576,1278,113.9,0.78,7323.82,274650.97,214.9069,483.8975,101.69,73499,57.511,409.8503,4.0,1,11910,32.0552,33.0941,0.0111,299.0,21.9483,25.8329,27.5701,18.29,781,93,1/5/2022,3/7/2025,1278,338673.57,274650.97,64022.6,0.189039257,433.6409347,94.10883483,1.032409718,7.12646798,1157,1.481434059,246.1701209,93,0.119078105,185,781,338673.57,3,5,5,355,338673.57,1422064.829,1871,1.2204,2,34.0296,34.1704,0.0111,316.6527,131303.8499,54.7099,344.0175,0.5325,1639,0.876002138,0.5325,1.2204,1.004137574,Gold,3
CUST570,47465.67,804.5029,437.8551,59,860.0,43.26,1764.23,31628.69,536.0795,234.5757,588.3,20472,346.9831,194.0475,300.0,100,1350,2.6451,1.8513,0.4326,7.0569,2.0139,1.68,0.7997,1.434,50,7,1/11/2022,7/21/2025,59,47465.67,31628.69,15836.98,0.333651247,949.3134,409.44,0.699897924,0.559241934,1287,25.74,14.16925466,7,0.14,49,50,47465.67,4,4,4,444,47465.67,47465.67,80,1.2233,2,3.0579,2.2291,0.4326,9.0917,35105.5312,340.8304,176.3325,0.5728,77,0.9625,0.5728,1.2233,0.728964322,Platinum,5
CUST571,375935.56,89.7007,120.6593,4191,52.8,2.58,2216.12,167423.58,39.9484,59.4799,23.0,1933994,461.4636,559.519,200.0,1,4800,1.3054,9.0877,0.0367,194.635,0.17,0.7387,4.8577,0.046,606,104,1/4/2022,9/4/2025,4191,375935.56,167423.58,208511.98,0.554648196,620.3557096,3191.409241,6.961620959,1.212487832,1339,2.209570957,165.0671642,104,0.171617162,4,606,375935.56,5,5,5,555,375935.56,45563389.87,6046,1.2156,2,1.3603,10.1493,0.0367,276.3914,3545617.7,459.9919,553.5603,0.5437,5355,0.88570956,0.5437,1.2156,7.461074763,Gold,3
CUST572,181.64,90.82,34.4644,2,90.82,66.45,115.19,124.92,62.46,25.6255,62.46,13,6.5,7.7782,6.5,1,12,60.3638,77.536,5.5375,115.19,60.3638,42.1375,54.3659,42.1375,1,2,5/3/2023,5/9/2023,2,181.64,124.92,56.72,0.312266021,181.64,13.0,1.284478446,1.196646154,6,6.0,52.14285714,2,2.0,853,1,181.64,2,1,1,211,181.64,0.212693208,3,1.0,1,42.1993,63.212,5.5375,115.19,23.8737,7.9579,6.052,0.6667,2,0.666666667,0.6667,1.0,1.497939539,Diamond,4
CUST573,191030.84,1646.8176,1655.4732,116,1283.905,84.92,9892.03,124557.59,1073.7723,1007.6296,792.0,469433,4046.8362,7471.7637,36.0,2,57750,39.5753,35.4022,0.031,204.8225,42.4583,26.5353,25.2326,32.395,74,14,1/5/2022,8/13/2025,116,191030.84,124557.59,66473.25,0.347971301,2581.497838,6343.689189,0.894552916,1.846322246,1316,17.78378378,20.50873197,14,0.189189189,26,74,191030.84,4,4,5,445,191030.84,523566.0059,171,1.2262,2,42.3545,40.3226,0.031,235.838,886388.3056,4010.8068,6900.6601,0.5249,148,0.865497076,0.5249,1.2262,0.952026349,Platinum,5
CUST574,6129.86,197.7374,100.2373,31,188.85,118.1,641.2,4917.02,158.6135,80.0242,166.95,2774,89.4839,38.1758,105.0,1,210,149.5152,63.1978,2.12,222.595,153.44,125.2952,61.0196,166.95,30,5,1/13/2022,9/4/2024,31,6129.86,4917.02,1212.84,0.1978577,204.3286667,92.46666667,0.422684784,0.426621996,965,32.16666667,11.33540373,5,0.166666667,369,30,6129.86,3,4,3,343,6129.86,497.0156757,42,1.1923,2,156.6903,66.9865,2.12,246.0158,4380.8048,84.2462,38.3956,0.5962,36,0.857142857,0.5962,1.1923,0.427508914,Platinum,5
CUST575,4364.32,436.432,756.6952,10,208.03,95.24,2584.21,2864.7,286.47,604.2586,93.3,1314,131.4,396.5642,8.0,2,1260,348.429,785.9049,75.19,2584.21,95.2425,243.405,618.5785,37.32,8,3,2/18/2022,5/15/2023,10,4364.32,2864.7,1499.62,0.343609085,545.54,164.25,2.255566844,3.01799239,451,56.375,6.460176991,3,0.375,847,8,4364.32,2,2,3,223,4364.32,41.17283019,18,1.28,2,425.7747,877.2187,75.19,2880.0683,3928.6927,157.1477,421.094,0.4,12,0.666666667,0.4,1.28,2.060288458,Diamond,4
CUST576,886.35,147.725,29.9688,6,138.665,120.61,194.12,473.0,78.8333,15.621,68.75,2004,334.0,515.8814,1.0,1,1000,147.725,29.9688,120.61,194.12,138.665,78.8333,15.621,68.75,6,2,3/29/2022,9/27/2022,6,886.35,473.0,413.35,0.466350764,147.725,334.0,0.202868844,1.54455509,182,30.33333333,11.96721311,2,0.333333333,1077,6,886.35,1,2,2,122,886.35,4.933302412,10,1.2857,2,160.5617,25.4328,120.61,194.12,4858.8214,347.0587,485.3263,0.4286,9,0.9,0.4286,1.2857,0.158398921,Diamond,4
CUST577,113.96,56.98,2.7436,2,56.98,55.04,58.92,60.1,30.05,0.0,30.05,6,3.0,2.8284,3.0,1,5,56.98,2.7436,55.04,58.92,56.98,30.05,0.0,30.05,2,1,11/11/2022,6/19/2024,2,113.96,60.1,53.86,0.472621973,56.98,3.0,0.048150228,0.9428,586,293.0,1.243611584,1,0.5,446,2,113.96,2,1,1,211,113.96,0.509888143,3,1.25,2,63.5504,11.2045,55.04,80.0307,11.8719,2.968,2.347,0.5,3,1.0,0.5,1.25,0.176308882,Diamond,4
CUST578,4500.0,4500.0,0.0,1,4500.0,4500.0,4500.0,450.0,450.0,0.0,450.0,1,1.0,0.0,1.0,1,1,4500.0,0.0,4500.0,4500.0,4500.0,450.0,0.0,450.0,1,1,1/5/2022,1/5/2022,1,4500.0,450.0,4050.0,0.9,4500.0,1.0,0.0,0.0,0,0.0,365.0,1,1.0,1342,1,4500.0,1,1,3,113,4500.0,3.350707372,2,1.3333,2,5014.9382,502.821,4500.0,5504.6959,2.8286,0.9429,0.0989,0.3333,2,1.0,0.3333,1.3333,0.100264645,Diamond,4
CUST579,628.25,104.7083,124.4043,6,71.735,1.92,351.72,467.6,77.9333,109.6111,40.31,25,4.1667,7.7567,1.0,1,20,49.0193,32.7113,1.92,82.36,60.16,30.56,17.9679,40.1,3,6,3/16/2022,12/7/2022,6,628.25,467.6,160.65,0.255710306,209.4166667,8.333333333,0.667314711,1.861593107,266,88.66666667,4.101123596,6,2.0,1006,3,628.25,1,2,1,121,628.25,1.871648461,11,1.2143,2,46.0199,33.1783,1.92,82.36,32.22,2.3014,5.0945,0.4286,8,0.727272727,0.4286,1.2143,0.7209555,Diamond,4
CUST58,2904652.93,473.5332,764.8706,6134,270.8,0.02,28265.6,2042710.6,333.0144,578.7375,168.71,23202874,3782.6661,8322.6938,2000.0,1,503480,2.5062,49.7069,0.0076,3799.2,0.1487,1.5668,9.759,0.0868,1541,257,1/6/2022,9/2/2025,6134,2904652.93,2042710.6,861942.3301,0.296745377,1884.914296,15057.02401,19.83357274,2.200218994,1335,0.866320571,421.0067365,257,0.166774822,6,1541,2904652.93,5,5,5,555,2904652.93,639438595.0,8877,1.2173,2,2.6925,54.9204,0.0076,4270.8206,43462926.24,3832.0337,7185.6869,0.5408,7787,0.877210769,0.5408,1.2173,20.39754875,Silver,2
CUST580,28866.08,291.5766,238.9714,99,217.83,5.25,872.37,16859.87,170.3017,142.6829,122.4,4733,47.8081,41.9185,36.0,1,160,8.6016,7.1923,1.7833,33.73,6.0508,4.3492,2.3079,3.4,41,11,1/5/2022,7/22/2024,99,28866.08,16859.87,12006.21,0.415927968,704.0507317,115.4390244,0.836158389,0.876807487,929,22.65853659,16.09139785,11,0.268292683,413,41,28866.08,2,4,4,244,28866.08,2858.718068,152,1.2042,2,8.8168,7.3865,1.7833,42.6403,8768.9702,45.9108,42.2771,0.5183,122,0.802631579,0.5183,1.2042,0.83777561,Platinum,5
CUST581,49358.39,147.7796,192.0274,334,88.655,0.2,1745.0,34789.89,104.1613,153.833,51.855,10674,31.9581,188.4282,2.0,1,3200,88.1921,139.7643,0.016,967.0,17.7375,66.565,114.2116,8.515,129,197,1/10/2022,10/31/2024,334,49358.39,34789.89,14568.5,0.29515752,382.6231783,82.74418605,1.584771198,5.896101458,1025,7.945736434,45.89181287,197,1.527131783,312,129,49358.39,3,5,4,354,49358.39,20342.59524,478,1.229,2,92.827,140.3562,0.016,967.0,19752.3278,31.8586,194.4145,0.5387,422,0.882845188,0.5387,1.229,1.512019132,Platinum,5
CUST582,725.88,181.47,22.9869,4,183.12,158.4,201.24,475.24,118.81,13.9588,119.9,792,198.0,4.0,200.0,192,200,0.9156,0.1046,0.825,1.0062,0.9156,0.5995,0.0629,0.5995,4,1,9/28/2022,8/29/2024,4,725.88,475.24,250.64,0.345291233,181.47,198.0,0.114242027,0.02020202,701,175.25,2.07977208,1,0.25,375,4,725.88,2,2,1,221,725.88,7.72212766,6,1.0,1,0.942,0.1018,0.825,1.0678,1138.6721,189.7787,16.0322,0.6667,4,0.666666667,0.6667,1.0,0.108067941,Diamond,4
CUST583,78287.77,1565.7554,1215.5245,50,1388.92,23.19,5250.0,43703.67,874.0734,638.3623,717.86,4926,98.52,86.5427,60.0,1,240,50.5543,63.8371,0.2319,218.75,11.7483,27.0533,32.6775,6.9803,39,6,2/10/2022,8/26/2025,50,78287.77,43703.67,34584.1,0.441756101,2007.378718,126.3076923,1.262743229,0.87842773,1293,33.15384615,11.0007728,6,0.153846154,13,39,78287.77,5,4,5,545,78287.77,218087.3593,73,1.2151,2,62.5704,70.2162,0.2319,233.8564,8513.8203,91.5465,82.5252,0.5376,65,0.890410959,0.5376,1.2151,1.122195159,Platinum,5
CUST584,1926475.06,20067.4485,35437.7462,96,11311.035,214.8,183350.0,1740457.58,18129.7665,35376.2721,9277.75,27112,282.4167,483.0846,179.0,1,2500,334.7396,2593.2354,0.77,25477.2,59.155,391.0033,3244.3143,49.71,52,9,6/6/2023,9/2/2025,96,1926475.06,1740457.58,186017.48,0.096558468,37047.59731,521.3846154,7.747023059,1.710538364,819,15.75,23.14634146,9,0.173076923,6,52,1926475.06,5,4,5,545,1926475.06,14310957.59,136,1.2047,2,221.1532,1942.8814,0.77,25477.2,48158.835,281.6306,468.102,0.5614,124,0.911764706,0.5614,1.2047,8.78522852,Platinum,5
CUST585,9505.6,279.5765,143.0266,34,252.3,89.8,673.6,5496.9,161.6735,90.7719,130.0,65000,1911.7647,287.9022,2000.0,1000,2000,0.1459,0.0686,0.0898,0.3368,0.1625,0.0832,0.0432,0.065,17,2,6/7/2023,6/11/2025,34,9505.6,5496.9,4008.7,0.421719828,559.1529412,3823.529412,0.470185058,0.150594997,735,43.23529412,8.430706522,2,0.117647059,89,17,9505.6,4,3,3,433,9505.6,1795.502222,45,1.1,2,0.1503,0.071,0.0898,0.4119,95443.805,1908.8761,327.6039,0.68,39,0.866666667,0.68,1.1,0.472388556,Diamond,4
CUST586,6892.63,299.6796,59.3802,23,308.96,154.48,389.8,4419.68,192.16,51.1333,182.18,45000,1956.5217,474.654,2000.0,1000,3000,154.7444,9.0721,129.9333,165.5,154.48,98.913,18.5996,90.85,21,1,4/11/2022,8/22/2025,23,6892.63,4419.68,2472.95,0.358781771,328.2204762,2142.857143,0.058626354,0.242600938,1229,58.52380952,6.231707317,1,0.047619048,17,21,6892.63,4,3,3,433,6892.63,8041.401667,39,1.2642,2,166.7071,20.2647,129.9333,218.0383,109482.0438,2065.6989,543.5364,0.434,31,0.794871795,0.434,1.2642,0.12155871,Platinum,5
CUST587,2392.18,341.74,113.4344,7,343.05,126.39,459.68,1503.58,214.7971,78.0488,217.2,43,6.1429,2.1931,6.0,2,8,56.5674,3.7184,50.985,63.195,57.175,34.8389,1.7198,36.2,6,3,1/10/2022,12/6/2022,7,2392.18,1503.58,888.6,0.371460342,398.6966667,7.166666667,0.065733974,0.357013788,330,55.0,6.616314199,3,0.5,1007,6,2392.18,1,2,2,122,2392.18,14.23916667,9,1.1818,2,59.2355,4.9042,50.985,66.5997,70.6622,6.4238,1.8872,0.6364,8,0.888888889,0.6364,1.1818,0.082791569,Diamond,4
CUST588,6048.74,241.9496,198.9496,25,147.0,2.94,661.5,2511.2,100.448,100.2803,57.26,3545,141.8,92.7901,125.0,1,250,2.138,1.1552,0.322,2.94,2.94,0.879,0.5634,1.0324,10,3,1/10/2022,8/14/2025,25,6048.74,2511.2,3537.54,0.584839157,604.874,354.5,0.540318054,0.654373061,1312,131.2,2.779893374,3,0.3,25,10,6048.74,4,3,3,433,6048.74,2326.438462,40,1.2593,2,2.3672,1.229,0.322,4.1021,7941.3338,147.0617,93.2384,0.463,36,0.9,0.463,1.2593,0.519178777,Platinum,5
CUST589,1305.45,72.525,70.0682,18,48.73,9.05,256.65,713.34,39.63,44.4131,13.73,254,14.1111,18.3235,6.0,1,56,43.7633,75.0975,0.3116,256.65,2.7309,26.713,45.21,0.9978,8,16,3/22/2022,10/8/2024,18,1305.45,713.34,592.11,0.453567735,163.18125,31.75,1.715992624,1.29851677,931,116.375,3.13304721,16,2.0,335,8,1305.45,3,2,2,322,1305.45,31.08214286,25,1.2188,2,36.8938,68.1097,0.3116,256.65,461.5887,14.4246,18.6807,0.5625,23,0.92,0.5625,1.2188,1.846101513,Platinum,5
CUST59,285.64,95.2133,22.8746,3,88.02,76.8,120.82,158.78,52.9267,3.0252,52.89,3,1.0,0.0,1.0,1,1,95.2133,22.8746,76.8,120.82,88.02,52.9267,3.0252,52.89,2,2,3/30/2022,3/20/2024,3,285.64,158.78,126.86,0.444125473,142.82,1.5,0.240245848,0.0,721,360.5,1.011080332,2,1.0,537,2,285.64,2,1,1,211,285.64,1.061858736,4,1.0,1,96.5402,18.8646,76.8,120.82,3.8867,0.9717,0.0567,0.75,3,0.75,0.75,1.0,0.19540668,Diamond,4
CUST590,131637.89,2861.6933,3061.768,46,188.665,47.06,6359.0,107967.35,2347.1163,2527.4083,141.5,159,3.4565,2.9792,1.0,1,10,2857.0488,3066.0993,42.36,6359.0,188.665,2343.887,2530.4117,141.5,26,5,2/3/2022,9/3/2025,46,131637.89,107967.35,23670.54,0.179815553,5062.995769,6.115384615,1.073170084,0.861912339,1308,50.30769231,7.249809015,5,0.192307692,5,26,131637.89,5,4,5,545,131637.89,570430.8567,65,1.2442,2,2283.7033,3053.0029,42.36,8205.952,337.8258,3.9282,2.9347,0.5349,60,0.923076923,0.5349,1.2442,1.336864951,Platinum,5
CUST591,9700.55,102.1111,95.8852,95,78.18,4.13,418.17,4264.87,44.8934,41.1753,37.8,14139,148.8316,114.8526,100.0,10,500,1.0786,2.4189,0.0413,22.807,0.5821,0.5732,1.8035,0.29,16,38,3/7/2022,8/19/2025,95,9700.55,4264.87,5435.68,0.560347609,606.284375,883.6875,2.242629334,0.77169499,1261,78.8125,4.627575277,38,2.375,20,16,9700.55,4,3,3,433,9700.55,7390.895238,138,1.2023,2,0.9958,1.8834,0.0413,22.807,27080.2363,156.5332,119.9591,0.5491,121,0.876811594,0.5491,1.2023,1.891343643,Platinum,5
CUST592,118438.84,2467.4758,2548.2581,48,529.22,82.22,6962.0,104009.15,2166.8573,2264.1125,488.815,1034,21.5417,10.3162,20.0,1,64,108.4029,98.3669,17.9,278.48,55.18,93.5932,89.4845,22.385,10,3,1/24/2022,6/11/2025,48,118438.84,104009.15,14429.69,0.121832416,11843.884,103.4,0.907419451,0.478894423,1234,123.4,2.955465587,3,0.3,89,10,118438.84,4,3,5,435,118438.84,13159.87111,71,1.1932,2,120.0353,105.8823,17.9,336.333,1801.0304,20.4663,9.5742,0.5455,57,0.802816901,0.5455,1.1932,0.882093018,Platinum,5
CUST593,73.76,36.88,0.8768,2,36.88,36.26,37.5,66.38,33.19,0.792,33.19,2,1.0,0.0,1.0,1,1,36.88,0.8768,36.26,37.5,36.88,33.19,0.792,33.19,2,2,1/12/2022,2/17/2022,2,73.76,66.38,7.38,0.10005423,36.88,1.0,0.023774403,0.0,36,18.0,19.72972973,2,1.0,1299,2,73.76,1,1,1,111,73.76,0.113476923,2,1.0,1,36.88,0.8768,36.26,37.5,2.0,1.0,0.0,1.0,2,1.0,1.0,1.0,0.023774403,Diamond,4
CUST594,36.26,36.26,0.0,1,36.26,36.26,36.26,32.63,32.63,0.0,32.63,1,1.0,0.0,1.0,1,1,36.26,0.0,36.26,36.26,36.26,32.63,0.0,32.63,1,1,2/16/2022,2/16/2022,1,36.26,32.63,3.63,0.100110314,36.26,1.0,0.0,0.0,0,0.0,365.0,1,1.0,1300,1,36.26,1,1,1,111,36.26,0.027870869,1,1.0,1,36.26,0.0,36.26,36.26,1.0,1.0,0.0,1.0,1,1.0,1.0,1.0,0.0,Diamond,4
CUST595,56389.49,2088.4996,1409.6888,27,2482.8,184.31,3896.12,31681.72,1173.397,759.1915,1406.92,720,26.6667,15.787,36.0,3,40,74.6194,15.9197,46.065,97.403,75.2365,42.0975,6.3903,41.38,18,1,3/21/2022,8/12/2025,27,56389.49,31681.72,24707.77,0.438162679,3132.749444,40.0,0.213345323,0.59201176,1240,68.88888889,5.294117647,1,0.055555556,27,18,56389.49,4,3,5,435,56389.49,36250.38643,38,1.1915,2,78.0757,19.088,46.065,138.2238,1270.3733,27.0292,15.1891,0.5745,33,0.868421053,0.5745,1.1915,0.244480677,Platinum,5
CUST596,3195.55,145.2523,149.513,22,104.94,8.34,558.0,2488.67,113.1214,125.7181,76.165,554,25.1818,60.4063,1.0,1,200,120.3552,128.5597,0.0417,449.0,84.0,94.337,106.5713,60.3,9,22,4/22/2022,6/27/2025,22,3195.55,2488.67,706.88,0.221207617,355.0611111,61.55555556,1.068169053,2.398807869,1162,129.1111111,2.824591574,22,2.444444444,73,9,3195.55,4,3,3,433,3195.55,388.647973,31,1.2791,2,126.37,130.3583,0.0417,449.0,924.0854,21.4904,53.8174,0.5116,31,1.0,0.5116,1.2791,1.031560497,Platinum,5
CUST597,839.52,119.9314,96.9985,7,70.65,27.72,275.67,592.46,84.6371,82.0028,47.88,16,2.2857,1.6036,1.0,1,4,50.4932,15.8353,27.72,70.65,52.69,32.2957,16.0164,24.84,4,5,6/22/2022,10/1/2024,7,839.52,592.46,247.06,0.294287212,209.88,4.0,0.313612526,0.701579385,832,208.0,1.75270108,5,1.25,342,4,839.52,3,2,2,322,839.52,9.7903207,11,1.2143,2,54.1802,16.5176,27.72,75.3682,30.4602,2.1757,1.4977,0.5,8,0.727272727,0.5,1.2143,0.304864139,Platinum,5
CUST598,1220.99,152.6238,94.028,8,122.615,65.59,295.96,946.27,118.2838,83.9976,88.61,21,2.625,1.8468,2.0,1,6,61.1836,6.4478,49.3267,65.59,65.5863,45.0406,2.4557,45.6225,4,2,5/3/2022,6/30/2023,8,1220.99,946.27,274.72,0.224997748,305.2475,5.25,0.105384449,0.703542857,423,105.75,3.443396226,2,0.5,801,4,1220.99,2,2,2,222,1220.99,6.089725686,11,1.2667,2,64.4294,8.6235,49.3267,86.1148,42.6034,2.8402,1.8146,0.5333,11,1.0,0.5333,1.2667,0.133844177,Diamond,4
CUST599,13767.27,199.5257,152.4577,69,126.92,14.31,662.26,7449.2,107.9594,84.5837,78.0,813,11.7826,9.1633,8.0,1,36,17.0662,2.5173,9.846,19.7075,17.55,9.1018,0.9327,9.3,29,4,2/11/2022,6/4/2025,69,13767.27,7449.2,6318.07,0.458919597,474.7334483,28.03448276,0.14750208,0.777697622,1209,41.68965517,8.747933884,4,0.137931034,96,29,13767.27,4,4,4,444,13767.27,4115.987938,97,1.2481,2,18.4153,3.3104,9.846,27.6131,1547.4946,11.9961,8.528,0.5349,92,0.948453608,0.5349,1.2481,0.179763566,Platinum,5
CUST6,751958.66,159.3808,1018.6792,4718,68.17,0.4,48659.7,519180.44,110.0425,154.0827,53.44,1073840,227.6049,878.7047,5.0,1,18000,24.7307,39.3845,0.0046,684.85,10.5883,19.6468,31.3938,7.67,1441,346,1/6/2022,9/8/2025,4718,751958.66,519180.44,232778.22,0.309562523,521.8311312,745.2047189,1.592534785,3.860658097,1341,0.930603747,391.9262295,346,0.240111034,0,1441,751958.66,5,5,5,555,751958.66,1083572429.0,6847,1.2191,2,26.624,43.3456,0.0046,976.9292,2031759.706,231.7244,889.1691,0.5381,6060,0.88505915,0.5381,1.2191,1.628064904,Silver,2
CUST60,4638.3,515.3667,338.9078,9,532.07,63.05,975.46,2921.4,324.6,225.731,313.92,720,80.0,50.9117,72.0,12,144,61.2108,32.7466,5.2542,88.6783,73.0592,37.8956,20.2596,49.68,3,2,1/7/2022,2/7/2023,9,4638.3,2921.4,1716.9,0.37015717,1546.1,240.0,0.534980755,0.63639625,396,132.0,2.758186398,2,0.666666667,944,3,4638.3,1,2,3,123,4638.3,14.7247619,12,1.25,2,72.8628,36.3559,5.2542,125.0271,1265.4467,79.0904,46.5719,0.5625,11,0.916666667,0.5625,1.25,0.498963806,Diamond,4
CUST600,4510.15,118.6882,110.6768,38,91.47,2.5,399.0,3043.67,80.0966,79.7832,60.465,184,4.8421,3.7019,4.0,1,12,30.6462,62.8681,2.5,399.0,18.19,22.415,55.5654,13.6792,15,17,2/18/2022,3/26/2025,38,4510.15,3043.67,1466.48,0.325151048,300.6766667,12.26666667,2.051415836,0.764523657,1132,75.46666667,4.832303619,17,1.133333333,166,15,4510.15,3,3,3,333,4510.15,405.1032934,50,1.2188,2,26.7214,49.0248,2.5,399.0,318.6999,4.9797,3.5965,0.5938,47,0.94,0.5938,1.2188,1.834664351,Platinum,5
CUST601,14155.94,123.0951,111.1991,115,99.25,19.13,703.32,9164.74,79.6934,70.5982,66.5,206,1.7913,1.3145,2.0,1,10,75.8434,55.3988,9.298,289.03,58.51,49.7095,38.0969,39.2,36,77,12/29/2023,5/14/2025,115,14155.94,9164.74,4991.2,0.352586971,393.2205556,5.722222222,0.730436663,0.733824597,502,13.94444444,26.12326044,77,2.138888889,117,36,14155.94,3,4,4,344,14155.94,4318.761356,173,1.2412,2,85.8217,63.3396,9.298,305.8325,415.3839,1.8219,1.3739,0.5044,157,0.907514451,0.5044,1.2412,0.738037116,Diamond,4
CUST602,228302.68,4227.8274,7534.9965,54,1259.69,4.05,34639.4,160321.84,2968.923,5512.1281,771.525,110388,2044.2222,4899.9728,55.0,1,22940,260.1007,1239.4543,0.0405,8274.33,24.25,182.4623,888.2497,14.4155,29,24,1/31/2022,8/15/2025,54,228302.68,160321.84,67980.84,0.297766281,7872.506207,3806.482759,4.765286291,2.396986394,1292,44.55172414,8.186388244,24,0.827586207,24,29,228302.68,4,4,5,445,228302.68,264831.1088,72,1.1724,2,174.9449,979.8391,0.0405,8274.33,189739.2109,2180.9105,4967.3956,0.6207,66,0.916666667,0.6207,1.1724,5.600844037,Platinum,5
CUST603,659332.66,4920.393,14843.9462,134,2160.0,18.88,122720.0,366600.85,2735.8272,7464.7851,1468.8,426699,3184.3209,8878.813,20.0,1,64493,58.3947,49.2233,0.1793,175.64,50.22,41.2035,35.7579,36.1,121,17,1/18/2022,9/2/2025,134,659332.66,366600.85,292731.81,0.443981965,5449.030248,3526.438017,0.842941226,2.788290904,1323,10.9338843,33.35725076,17,0.140495868,6,121,659332.66,5,5,5,555,659332.66,11397035.98,204,1.2444,2,62.9946,56.4219,0.1793,221.0329,923478.6529,3420.2913,8970.8853,0.4963,177,0.867647059,0.4963,1.2444,0.895662485,Platinum,5
CUST604,6654.63,739.4033,1201.3271,9,136.38,23.26,3235.3,4126.66,458.5178,708.0205,90.48,2075,230.5556,436.2878,12.0,1,1000,44.0656,104.723,1.8777,322.78,10.4608,34.3994,82.9354,6.94,7,7,1/20/2022,1/29/2024,9,6654.63,4126.66,2527.97,0.379881376,950.6614286,296.4285714,2.376524999,1.892332262,739,105.5714286,3.452702703,7,1.0,588,7,6654.63,2,2,3,223,6654.63,79.08728353,13,1.2353,2,47.7734,111.9214,1.8777,365.3385,5124.6457,301.4497,462.8405,0.5294,13,1.0,0.5294,1.2353,2.342755592,Platinum,5
CUST605,3483.83,75.7354,101.1872,46,25.09,2.96,398.0,2548.27,55.3972,80.4213,16.225,2651,57.6304,97.7085,2.0,1,402,48.8048,75.8165,0.0148,249.0,15.09,37.5613,61.5016,10.11,6,46,3/22/2022,11/30/2023,46,3483.83,2548.27,935.56,0.268543528,580.6383333,441.8333333,1.553464004,1.695433313,618,103.0,3.537964459,46,7.666666667,648,6,3483.83,2,2,3,223,3483.83,32.20798151,69,1.2247,2,64.0493,94.9074,0.0148,339.4405,5877.7756,66.0424,99.9138,0.5169,60,0.869565217,0.5169,1.2247,1.481786686,Diamond,4
CUST606,9464.39,139.1822,147.3889,68,80.05,0.81,633.89,3835.55,56.4051,65.2542,38.8,7412,109.0,155.352,61.0,1,1000,18.8307,58.9192,0.0787,319.0,1.3626,13.874,46.7315,0.4704,23,36,4/8/2022,5/13/2025,68,9464.39,3835.55,5628.84,0.594738805,411.4952174,322.2608696,3.128890588,1.425247706,1131,49.17391304,7.416077739,36,1.565217391,118,23,9464.39,3,4,3,343,9464.39,1829.251849,91,1.2018,2,18.1986,64.4558,0.0787,473.7888,12808.6569,112.3566,143.4425,0.5965,84,0.923076923,0.5965,1.2018,3.541799919,Platinum,5
CUST607,781.88,45.9929,75.9717,17,12.47,1.45,284.82,381.47,22.4394,45.5434,5.44,450,26.4706,14.7484,24.0,1,60,18.0069,68.7819,0.056,284.82,0.83,11.3785,44.781,0.2683,5,17,2/14/2022,7/21/2025,17,781.88,381.47,400.41,0.512111833,156.376,90.0,3.819752428,0.55716153,1253,250.6,1.455342903,17,3.4,49,5,781.88,4,2,2,422,781.88,78.188,25,1.2188,2,22.3639,80.139,0.056,365.4586,900.2949,28.1342,15.8409,0.5312,21,0.84,0.5312,1.2188,3.583408976,Platinum,5
CUST608,3194.07,40.4313,48.0769,79,21.52,0.65,210.46,1537.99,19.4682,23.8392,11.24,6166,78.0506,66.7703,54.0,4,333,0.6659,0.7011,0.0239,3.0277,0.3989,0.331,0.3375,0.1922,21,33,1/4/2022,9/17/2024,79,3194.07,1537.99,1656.08,0.518485819,152.0985714,293.6190476,1.05286079,0.855474526,987,47.0,7.758097166,33,1.571428571,356,21,3194.07,3,4,3,343,3194.07,187.8864706,109,1.1985,2,0.679,0.7105,0.0239,3.0277,10314.5168,75.842,64.8911,0.5809,97,0.889908257,0.5809,1.1985,1.046391753,Platinum,5
CUST609,2272.84,22.958,70.8944,99,5.97,0.57,532.34,1394.7,14.0879,54.5041,2.09,3435,34.697,36.3485,20.0,1,100,15.0452,70.5493,0.014,532.34,0.315,10.8743,54.2701,0.09,35,80,3/21/2022,4/8/2025,99,2272.84,1394.7,878.14,0.386362436,64.93828571,98.14285714,4.689156675,1.047597775,1114,31.82857143,11.4573991,80,2.285714286,153,35,2272.84,3,4,2,342,2272.84,516.5545455,137,1.2303,2,17.0675,67.3159,0.014,532.34,5517.9965,31.0,34.1749,0.5562,127,0.927007299,0.5562,1.2303,3.944098433,Platinum,5
CUST61,24742.8,105.2885,52.8893,235,89.3,22.21,375.05,12958.04,55.1406,24.5529,45.72,2696,11.4723,35.2388,1.0,1,300,72.2403,46.7066,0.614,245.0,72.72,37.0799,21.5624,38.74,65,18,1/5/2022,3/27/2025,235,24742.8,12958.04,11784.76,0.476290476,380.6584615,41.47692308,0.646544934,3.071642129,1177,18.10769231,20.14006791,18,0.276923077,165,65,24742.8,3,4,4,344,24742.8,9688.445783,328,1.1921,2,74.6338,49.5701,0.614,258.5391,5492.5135,13.5284,43.6951,0.5788,294,0.896341463,0.5788,1.1921,0.664177625,Platinum,5
CUST610,980.54,31.6303,36.5393,31,14.89,0.28,136.11,595.13,19.1977,23.4302,8.56,1077,34.7419,49.6306,12.0,1,200,8.2516,17.5268,0.0931,58.77,1.032,5.1997,11.4034,0.6253,13,23,3/2/2022,8/12/2024,31,980.54,595.13,385.41,0.393058927,75.42615385,82.84615385,2.124048669,1.428551691,894,68.76923077,5.301675978,23,1.769230769,392,13,980.54,2,3,2,232,980.54,32.43516539,43,1.2586,2,7.6583,16.8947,0.0931,81.2618,2078.8973,35.8431,51.6684,0.5345,41,0.953488372,0.5345,1.2586,2.206064009,Platinum,5
CUST611,14671.11,115.5206,136.227,127,93.74,1.3,928.5,9520.57,74.9651,134.584,52.8,4458,35.1024,54.4905,4.0,1,372,68.3716,96.2897,0.0185,419.0,19.81,46.4106,73.3896,12.36,58,87,1/17/2022,6/27/2025,127,14671.11,9520.57,5150.54,0.351066825,252.9501724,76.86206897,1.408328897,1.552329755,1257,21.67241379,16.82829889,87,1.5,73,58,14671.11,4,4,4,444,14671.11,11498.97811,195,1.2323,2,77.681,105.8646,0.0185,480.113,9220.1266,36.2997,55.9668,0.5,166,0.851282051,0.5,1.2323,1.362812013,Platinum,5
CUST612,3817.82,272.7014,280.3811,14,158.59,15.73,1078.8,2455.91,175.4221,180.6744,105.575,20094,1435.2857,1862.8845,167.5,24,4000,4.1039,11.82,0.1045,44.95,0.2291,2.6198,7.5668,0.1288,10,8,8/1/2024,11/5/2024,14,3817.82,2455.91,1361.91,0.356724518,381.782,2009.4,2.880187139,1.297918944,96,9.6,37.62886598,8,0.8,307,10,3817.82,3,3,3,333,3817.82,123.9551948,19,1.1739,2,7.5199,16.4866,0.1045,51.2628,20916.9593,909.433,1582.0622,0.6087,16,0.842105263,0.6087,1.1739,2.192396175,Diamond,4
CUST613,4153.34,56.8951,122.4732,73,18.29,0.27,758.32,1520.17,20.8242,48.1683,5.4,2927,40.0959,61.0249,25.0,1,300,4.8516,10.1181,0.0225,46.49,0.9336,2.0651,4.5518,0.235,20,59,5/11/2022,7/10/2025,73,4153.34,1520.17,2633.17,0.633988549,207.667,146.35,2.08551818,1.521973568,1156,57.8,6.309420916,59,2.95,60,20,4153.34,4,3,3,433,4153.34,1361.75082,100,1.2424,2,5.4766,11.3659,0.0225,62.7434,6047.4622,45.8141,71.8378,0.553,99,0.99,0.553,1.2424,2.075356973,Platinum,5
CUST614,1187.1,43.9667,51.5532,27,26.87,0.38,210.77,740.26,27.417,35.651,14.2,451,16.7037,25.9657,10.0,1,100,30.4912,53.5523,0.0633,210.77,4.8,20.4845,37.4039,2.4365,10,26,2/10/2022,9/12/2022,27,1187.1,740.26,446.84,0.376413108,118.71,45.1,1.756319856,1.554487928,214,21.4,16.97674419,26,2.6,1092,10,1187.1,1,3,2,132,1187.1,10.86093321,38,1.1915,2,40.53,67.6822,0.0633,227.964,740.6662,15.7589,24.4536,0.5745,33,0.868421053,0.5745,1.1915,1.669928448,Diamond,4
CUST615,1229.24,53.4452,88.1348,23,16.2,2.54,388.8,584.6,25.4174,39.9519,7.45,678,29.4783,30.4017,25.0,3,120,3.6846,7.4909,0.1016,35.3467,1.36,1.9337,4.1359,0.544,8,23,1/6/2022,11/30/2023,23,1229.24,584.6,644.64,0.524421594,153.655,84.75,2.033029365,1.031324737,693,86.625,4.207492795,23,2.875,648,8,1229.24,2,2,2,222,1229.24,15.15241911,33,1.2143,2,3.1811,5.8519,0.1016,35.3467,1179.5229,28.0839,28.5339,0.5476,28,0.848484848,0.5476,1.2143,1.839583792,Platinum,5
CUST616,853.37,11.3783,14.3458,75,6.35,0.17,73.43,388.93,5.1857,7.9904,2.43,2049,27.32,28.4947,20.0,1,140,2.3176,6.8389,0.0085,36.715,0.3345,1.2228,3.8738,0.1509,13,59,4/18/2022,7/8/2025,75,853.37,388.93,464.44,0.54424224,65.64384615,157.6153846,2.950854332,1.042997804,1177,90.53846154,4.028013582,59,4.538461538,62,13,853.37,4,3,2,432,853.37,176.0922222,111,1.1957,2,2.1706,6.0174,0.0085,36.715,3699.1157,26.8052,29.77,0.5435,94,0.846846847,0.5435,1.1957,2.772228877,Platinum,5
CUST617,2849.19,56.9838,92.3173,50,12.075,0.8,449.0,2014.59,40.2918,71.2726,7.4,814,16.28,19.2471,4.5,1,50,33.87,75.6593,0.016,449.0,7.03,25.5534,63.804,4.67,10,43,1/4/2022,11/21/2024,50,2849.19,2014.59,834.6,0.292925358,284.919,81.4,2.233814585,1.1822543,1052,105.2,3.4662868,43,4.3,291,10,2849.19,3,3,2,332,2849.19,97.575,79,1.2617,2,29.8609,64.345,0.016,449.0,1849.4345,17.2844,19.6537,0.4673,68,0.860759494,0.4673,1.2617,2.154824536,Platinum,5
CUST618,7909.57,208.1466,676.1116,38,50.28,4.63,4185.0,6225.77,163.8361,563.2939,28.42,107,2.8158,4.9476,1.0,1,25,88.0619,120.3589,3.85,599.0,27.74,67.1889,104.8871,15.085,9,37,2/18/2025,8/26/2025,38,7909.57,6225.77,1683.8,0.212881358,878.8411111,11.88888889,1.366753386,1.75708502,189,21.0,17.28947368,37,4.111111111,13,9,7909.57,5,3,3,533,7909.57,5084.723571,67,1.2556,2,93.9486,103.7212,3.85,599.0,226.8373,2.5204,5.0903,0.4222,52,0.776119403,0.4222,1.2556,1.104020709,Diamond,4
CUST619,12723.22,117.8076,128.31,108,65.385,0.99,549.0,9794.82,90.6928,105.8273,42.16,209,1.9352,5.0126,1.0,1,50,114.7309,129.9209,0.99,549.0,62.49,88.8007,106.7239,42.16,65,89,1/18/2022,7/22/2025,108,12723.22,9794.82,2928.4,0.230161862,195.7418462,3.215384615,1.132396765,2.590223233,1281,19.70769231,18.50624025,89,1.369230769,48,65,12723.22,4,4,4,444,12723.22,16877.74082,164,1.2077,2,117.8448,141.109,0.99,604.5741,362.4841,1.7511,3.8695,0.5217,133,0.81097561,0.5217,1.2077,1.197413887,Platinum,5
CUST62,291.16,48.5267,23.5271,6,39.39,18.84,78.79,195.0,32.5,15.9217,26.0,15,2.5,1.2247,2.0,1,4,39.1054,30.7342,18.84,78.78,19.6962,26.0,20.1395,13.0,5,1,3/4/2022,10/27/2022,6,291.16,195.0,96.16,0.330265146,58.232,3.0,0.785932378,0.48988,237,47.4,7.668067227,1,0.2,1047,5,291.16,1,2,1,121,291.16,1.389122137,10,1.1667,2,41.888,31.2969,18.84,89.9952,31.8715,2.656,1.0981,0.5,8,0.8,0.5,1.1667,0.747156704,Diamond,4
CUST620,1563.58,130.2983,129.3108,12,82.695,24.99,399.0,1074.0,89.5,94.4371,49.61,12,1.0,0.0,1.0,1,1,130.2983,129.3108,24.99,399.0,82.695,89.5,94.4371,49.61,4,12,3/24/2022,8/13/2025,12,1563.58,1074.0,489.58,0.313114775,390.895,3.0,0.992421237,0.0,1238,309.5,1.178369653,12,3.0,26,4,1563.58,4,2,2,422,1563.58,231.6414815,21,1.1923,2,152.3194,143.6077,24.99,419.9613,25.738,0.9899,0.0542,0.4615,15,0.714285714,0.4615,1.1923,0.942806366,Platinum,5
CUST621,2491.48,249.148,184.2945,10,204.0,31.47,559.98,1980.41,198.041,164.3631,148.655,11,1.1,0.3162,1.0,1,2,221.149,149.8797,31.47,499.0,204.0,175.541,139.57,148.655,1,10,9/3/2025,9/3/2025,10,2491.48,1980.41,511.07,0.205127073,2491.48,11.0,0.677731756,0.287454545,0,0.0,365.0,10,10.0,5,1,2491.48,5,1,2,512,2491.48,415.2466667,14,1.1765,2,260.4921,167.5624,31.47,556.329,19.3015,1.1354,0.3524,0.5882,13,0.928571429,0.5882,1.1765,0.643253289,Diamond,4
CUST622,1122.49,74.8327,24.264,15,72.39,7.84,111.08,603.74,40.2493,14.2695,36.92,20,1.3333,0.8165,1.0,1,4,62.2703,19.9933,7.84,80.2,68.37,33.102,9.3873,36.92,10,3,2/18/2022,4/4/2025,15,1122.49,603.74,518.75,0.462142202,112.249,2.0,0.321072807,0.61239031,1141,114.1,3.19614711,3,0.3,157,10,1122.49,3,3,2,332,1122.49,71.04367089,20,1.2593,2,63.6423,23.1703,7.84,104.7541,44.4961,1.648,1.0448,0.5556,20,1.0,0.5556,1.2593,0.364070752,Platinum,5
CUST623,3291.83,47.0261,143.8135,70,10.41,0.89,1132.5,2177.9,31.1129,126.5009,5.015,3542,50.6,113.9151,12.0,1,749,8.0963,30.2387,0.0338,226.5,0.6354,5.7999,25.927,0.2945,20,64,2/25/2022,12/30/2024,70,3291.83,2177.9,1113.93,0.338392323,164.5915,177.1,3.734878895,2.251286561,1039,51.95,7.019230769,64,3.2,252,20,3291.83,3,3,3,333,3291.83,260.2237154,102,1.2031,2,7.8293,31.6759,0.0338,246.4765,5759.2722,44.9943,97.3666,0.5469,91,0.892156863,0.5469,1.2031,4.045815079,Platinum,5
CUST624,1022.3,46.4682,67.3195,22,24.91,3.01,312.5,340.27,15.4668,19.0254,6.195,2300,104.5455,102.3271,50.0,11,300,0.7607,0.8516,0.031,2.9382,0.533,0.2584,0.2495,0.1622,3,17,5/25/2022,2/19/2025,22,1022.3,340.27,682.03,0.667152499,340.7666667,766.6666667,1.119495202,0.978780531,1001,333.6666667,1.092814371,17,5.666666667,201,3,1022.3,3,2,2,322,1022.3,15.18267327,36,1.2653,2,0.6733,0.6921,0.031,2.9382,4733.728,96.6067,96.593,0.449,32,0.888888889,0.449,1.2653,1.027922174,Platinum,5
CUST625,6298.78,899.8257,1162.2204,7,225.83,160.0,2709.97,3935.54,562.22,715.95,139.8,348,49.7143,60.4806,16.0,12,144,134.7968,113.545,11.3638,225.8308,225.83,83.8191,69.8289,139.8,6,3,3/10/2022,11/22/2022,7,6298.78,3935.54,2363.24,0.375190116,1049.796667,58.0,0.842341955,1.216563444,257,42.83333333,8.488372093,3,0.5,1021,6,6298.78,1,2,3,123,6298.78,36.97913894,10,1.3333,2,145.5311,130.3921,11.3638,333.3188,683.354,45.5569,54.097,0.4667,12,1.2,0.4667,1.3333,0.895974125,Diamond,4
CUST626,28.99,28.99,0.0,1,28.99,28.99,28.99,21.74,21.74,0.0,21.74,252,252.0,0.0,252.0,252,252,28.99,0.0,28.99,28.99,28.99,21.74,0.0,21.74,1,1,10/19/2022,10/19/2022,1,28.99,21.74,7.25,0.250086237,28.99,252.0,0.0,0.0,0,0.0,365.0,1,1.0,1055,1,28.99,1,1,1,111,28.99,0.027452652,2,1.0,1,30.8258,2.5962,28.99,32.6616,479.8284,239.9142,17.0919,0.5,1,0.5,0.5,1.0,0.084221658,Diamond,4
CUST627,701.98,13.2449,14.0823,53,8.57,1.9,72.21,303.89,5.7338,5.5167,3.94,4409,83.1887,102.7203,30.0,4,400,0.4474,0.5529,0.0271,2.435,0.2142,0.2165,0.3216,0.0985,2,52,12/12/2022,11/15/2024,53,701.98,303.89,398.09,0.567095929,350.99,2204.5,1.235806884,1.234786696,704,352.0,1.035460993,52,26.0,297,2,701.98,3,1,1,311,701.98,4.711275168,75,1.1848,2,0.5465,0.6422,0.0271,2.6713,6672.815,72.5306,93.8922,0.5761,65,0.866666667,0.5761,1.1848,1.175114364,Platinum,5
CUST628,3641.51,88.8173,171.3892,41,29.99,2.11,998.97,2619.52,63.8907,143.5456,15.39,3451,84.1707,186.4407,6.0,1,1000,44.2023,78.7871,0.0196,332.99,2.111,32.9676,62.8089,1.0717,21,31,9/12/2023,8/20/2025,41,3641.51,2619.52,1021.99,0.28065006,173.4052381,164.3333333,1.782420824,2.215030884,708,33.71428571,10.81100141,31,1.476190476,19,21,3641.51,4,4,3,443,3641.51,3823.5855,49,1.1552,2,36.3876,72.8879,0.0196,332.99,5242.6973,90.3913,176.6521,0.7069,48,0.979591837,0.7069,1.1552,2.003097209,Platinum,5
CUST629,3355.08,36.869,43.7391,91,19.76,1.36,207.97,1626.86,17.8776,22.6552,8.81,7754,85.2088,68.8774,100.0,8,300,1.2473,3.322,0.0136,25.63,0.36,0.6461,1.7527,0.1648,20,60,1/20/2022,11/8/2023,91,3355.08,1626.86,1728.22,0.515105452,167.754,387.7,2.663352842,0.808336698,657,32.85,11.09422492,60,3.0,670,20,3355.08,2,3,3,233,3355.08,100.0023845,128,1.2381,2,1.7019,4.0334,0.0136,28.9241,13867.4736,82.5445,68.541,0.5417,121,0.9453125,0.5417,1.2381,2.369939479,Platinum,5
CUST63,72.37,18.0925,14.9456,4,12.975,6.46,39.96,64.85,16.2125,13.5559,11.69,9,2.25,2.5,1.0,1,6,9.7675,3.8904,6.46,14.43,9.09,8.7125,3.6072,8.19,3,4,3/8/2022,8/5/2022,4,72.37,64.85,7.52,0.10391046,24.12333333,3.0,0.398300486,1.111111111,150,50.0,7.251655629,4,1.333333333,1130,3,72.37,1,2,1,121,72.37,0.191962865,5,1.1667,2,8.9822,3.2498,6.46,14.43,22.1408,3.6901,2.9762,0.6667,5,1.0,0.6667,1.1667,0.361804458,Diamond,4
CUST630,12458.6,150.1036,168.1072,83,95.18,4.28,829.75,3452.23,41.5931,48.6186,25.6,4293,51.7229,34.7918,50.0,1,200,5.7814,15.4742,0.1979,138.2917,2.4405,1.4502,3.0971,0.5438,22,16,1/4/2022,8/12/2025,83,12458.6,3452.23,9006.37,0.722903858,566.3,195.1363636,2.676548933,0.672657566,1316,59.81818182,6.097190585,16,0.727272727,27,22,12458.6,4,4,4,444,12458.6,9788.9,118,1.1806,2,5.276,12.1944,0.1979,138.2917,7646.486,53.1006,34.7632,0.5764,99,0.838983051,0.5764,1.1806,2.311296437,Platinum,5
CUST631,11103.47,156.3869,183.2008,71,79.0,5.24,916.89,5994.81,84.4339,108.8911,47.0,36492,513.9718,667.4691,200.0,1,3000,46.9874,92.8528,0.0262,399.0,0.5173,35.7775,77.8571,0.2587,29,50,2/1/2022,1/14/2025,71,11103.47,5994.81,5108.66,0.460095808,382.8782759,1258.344828,1.976121258,1.298649264,1078,37.17241379,9.810009268,50,1.724137931,237,29,11103.47,3,4,4,344,11103.47,1352.943824,111,1.1778,2,44.5916,92.0685,0.0262,450.8649,67406.0041,499.3037,640.7668,0.5259,86,0.774774775,0.5259,1.1778,2.064705012,Platinum,5
CUST632,3864.69,227.3347,323.1509,17,51.83,6.09,1314.28,2403.15,141.3618,180.6038,37.52,686,40.3529,43.8562,20.0,1,120,27.0861,80.5771,1.85,338.67,4.9219,19.2717,60.6167,2.9434,10,9,10/18/2022,8/12/2025,17,3864.69,2403.15,1461.54,0.37817781,386.469,68.6,2.974850569,1.086816561,1029,102.9,3.54368932,9,0.9,27,10,3864.69,4,3,3,433,3864.69,1380.246429,22,1.2414,2,48.9046,123.0903,1.85,474.193,1177.6637,40.6091,43.7283,0.5862,24,1.090909091,0.5862,1.2414,2.516947281,Platinum,5
CUST633,2736.2,152.0111,228.7565,18,45.115,4.99,853.12,1612.54,89.5856,121.2495,21.48,49,2.7222,2.3466,1.5,1,10,72.0537,94.883,1.79,284.3733,19.84,47.3772,68.0088,8.455,14,17,2/10/2022,9/19/2024,18,2736.2,1612.54,1123.66,0.410664425,195.4428571,3.5,1.316837303,0.862023363,952,68.0,5.36201469,17,1.214285714,354,14,2736.2,3,3,2,332,2736.2,107.9064789,23,1.2069,2,67.295,90.289,1.79,305.9322,66.02,2.2766,2.015,0.6207,23,1.0,0.6207,1.2069,1.341689576,Platinum,5
CUST634,20563.3,178.8113,192.6985,115,129.0,5.0,1196.0,15681.06,136.357,161.4206,100.0,3708,32.2435,136.5627,1.0,1,1000,118.7318,133.5177,0.1192,699.0,60.0,92.5638,108.5719,50.0,54,73,8/9/2022,9/8/2025,115,20563.3,15681.06,4882.24,0.237424927,380.8018519,68.66666667,1.124531928,4.235355963,1126,20.85185185,17.48890861,73,1.351851852,0,54,20563.3,5,4,4,544,20563.3,1110418.2,167,1.1608,2,124.1365,133.212,0.1192,699.0,5938.8042,29.8432,127.8981,0.5779,140,0.838323353,0.5779,1.1608,1.073109037,Platinum,5
CUST635,16719.75,201.4428,186.2929,83,126.72,8.25,772.72,9852.55,118.7054,113.0921,73.75,6078,73.2289,132.3293,24.0,1,700,21.843,33.1714,0.1559,180.51,9.0721,13.014,22.4835,5.67,54,31,1/10/2022,1/16/2025,83,16719.75,9852.55,6867.2,0.410723845,309.625,112.5555556,1.518628394,1.807063878,1102,20.40740741,17.86944696,31,0.574074074,235,54,16719.75,3,4,4,344,16719.75,3825.705508,122,1.2515,2,23.231,34.7955,0.1559,185.0319,13002.1573,79.7678,128.6929,0.5092,110,0.901639344,0.5092,1.2515,1.497804658,Platinum,5
CUST636,1180.45,7.1111,8.0777,166,4.86,0.01,47.08,906.41,5.4603,6.4737,3.32,459,2.7651,2.9002,2.0,1,20,2.9698,2.6632,0.01,15.6933,2.47,2.1991,1.8055,1.85,33,33,2/15/2022,9/8/2025,166,1180.45,906.41,274.04,0.232148757,35.77121212,13.90909091,0.896760725,1.048858992,1301,39.42424242,9.251152074,33,1.0,0,33,1180.45,5,4,2,542,1180.45,38954.85,249,1.2267,2,3.1046,2.3881,0.01,15.6933,900.0272,2.7951,2.8847,0.5155,215,0.863453815,0.5155,1.2267,0.769213425,Platinum,5
CUST637,498.0,166.0,75.9408,3,149.0,100.0,249.0,424.32,141.44,73.8835,122.4,802,267.3333,461.3029,1.0,1,800,141.0,112.2141,25.0,249.0,149.0,121.705,101.6243,122.4,2,3,1/16/2023,5/23/2023,3,498.0,424.32,73.68,0.147951807,249.0,401.0,0.795844681,1.72557216,127,63.5,5.703125,3,1.5,839,2,498.0,2,1,1,211,498.0,1.185714286,4,1.2,2,157.2504,136.5131,25.0,335.5396,1597.0588,319.4118,436.0083,0.6,4,1.0,0.6,1.2,0.868125614,Diamond,4
CUST638,2684.18,34.8595,43.5255,77,16.28,0.06,239.45,1150.15,14.937,15.9235,8.08,34847,452.5584,305.4263,400.0,1,1530,0.3723,1.4471,0.0033,10.7271,0.0532,0.1883,0.7782,0.0227,9,44,1/6/2022,7/11/2022,77,2684.18,1150.15,1534.03,0.571507872,298.2422222,3871.888889,3.886919151,0.674888147,186,20.66666667,17.56684492,44,4.888888889,1155,9,2684.18,1,3,2,132,2684.18,20.89759516,113,1.2467,2,0.2645,1.1242,0.0033,10.7271,69177.1052,461.1807,304.139,0.5133,98,0.867256637,0.5133,1.2467,4.250283554,Diamond,4
CUST639,28852.6,140.7444,255.461,205,47.92,0.25,2413.75,17688.86,86.2871,162.3352,25.6,19354,94.4098,192.4279,20.0,1,1250,19.3305,50.7413,0.0137,399.0,3.635,13.7219,41.3159,1.92,69,126,1/14/2022,10/25/2024,205,28852.6,17688.86,11163.74,0.386923189,418.1536232,280.4927536,2.624934689,2.038219549,1015,14.71014493,24.78838583,126,1.826086957,318,69,28852.6,3,4,4,344,28852.6,6240.844514,298,1.2178,2,19.4294,50.7211,0.0137,399.0,37676.032,98.8872,192.2476,0.5381,262,0.879194631,0.5381,1.2178,2.610533521,Platinum,5
CUST64,2860158.93,468.8017,1184.697,6101,138.96,1.3,38392.64,1971379.05,323.1239,787.7711,84.9,14850880,2434.1714,7505.0338,1500.0,1,140000,11.2233,29.358,0.0046,307.84,0.0783,7.9477,22.0544,0.0514,2036,198,1/4/2022,9/8/2025,6101,2860158.93,1971379.05,888779.8803,0.310744928,1404.793188,7294.145383,2.615808185,3.083198578,1343,0.659626719,552.9315476,198,0.097249509,0,2036,2860158.93,5,5,5,555,2860158.93,5823283581.0,8792,1.2129,2,11.5803,31.1591,0.0046,398.5315,26541332.34,2376.1264,6854.5346,0.5462,7756,0.882165605,0.5462,1.2129,2.690698859,Silver,2
CUST640,3850.1,770.02,343.4526,5,627.5,406.5,1300.8,1277.01,255.402,176.8542,148.38,42000,8400.0,4979.9598,5000.0,5000,16000,0.0987,0.0239,0.0813,0.1255,0.0813,0.029,0.005,0.0297,4,1,7/14/2023,6/26/2025,5,3850.1,1277.01,2573.09,0.668317706,962.525,10500.0,0.242147923,0.592852357,713,178.25,2.044817927,1,0.25,74,4,3850.1,4,2,3,423,3850.1,205.3386667,7,1.3636,2,0.0983,0.0175,0.0813,0.1255,130981.3149,11907.3923,6137.2783,0.4545,8,1.142857143,0.4545,1.3636,0.17802645,Diamond,4
CUST641,2346.29,69.0085,67.6009,34,40.98,5.12,228.2,1393.75,40.9926,45.6934,19.69,1457,42.8529,71.7893,9.0,1,300,26.0456,46.9652,0.1208,216.49,9.5083,17.2136,36.4808,5.61,13,26,2/25/2022,10/17/2023,34,2346.29,1393.75,952.54,0.405977096,180.4838462,112.0769231,1.803191326,1.675249516,599,46.07692308,7.908333333,26,2.0,692,13,2346.29,2,3,2,232,2346.29,44.01409812,50,1.2188,2,29.115,42.6227,0.1208,216.49,2335.8719,36.498,63.4048,0.5312,45,0.9,0.5312,1.2188,1.463942985,Diamond,4
CUST642,6927.86,1731.965,78.8233,4,1745.08,1640.0,1797.7,3739.2,934.8,0.0,934.8,80,20.0,0.0,20.0,20,20,86.5983,3.9412,82.0,89.885,87.254,46.74,0.0,46.74,4,1,2/17/2022,8/26/2024,4,6927.86,3739.2,3188.66,0.460266229,1731.965,20.0,0.045511286,0.0,921,230.25,1.5835141,1,0.25,378,4,6927.86,2,2,3,223,6927.86,73.11725594,4,1.0,1,86.5983,3.9412,82.0,89.885,80.0,20.0,0.0,1.0,4,1.0,1.0,1.0,0.045511286,Platinum,5
CUST643,32510.48,445.349,863.0022,73,160.24,0.28,5370.27,10124.24,138.6882,254.1679,53.9,176160,2413.1507,3751.1289,975.0,3,16490,4.6166,34.9544,0.035,299.0,0.1249,3.3429,26.4616,0.0456,16,53,1/24/2022,6/14/2024,73,32510.48,10124.24,22386.24,0.688585342,2031.905,11010.0,7.571459516,1.554452816,872,54.5,6.689576174,53,3.3125,451,16,32510.48,2,3,4,234,32510.48,1150.813451,100,1.2248,2,2.92,26.3121,0.035,299.0,331316.4906,2568.3449,3987.3796,0.5659,95,0.95,0.5659,1.2248,9.010993151,Platinum,5
CUST644,141102.15,1932.9062,1390.5615,73,1012.5,47.13,4819.48,113806.84,1558.9978,1263.9361,712.8,69203,947.9863,682.7353,495.0,23,2024,18.3933,2.3957,1.9545,23.0693,18.4091,13.8246,2.3766,12.96,64,2,1/4/2022,6/11/2025,73,141102.15,113806.84,27295.31,0.193443615,2204.721094,1081.296875,0.130248514,0.720195323,1254,19.59375,18.61354582,2,0.03125,89,64,141102.15,4,4,5,445,141102.15,100339.3067,111,1.2071,2,19.7843,2.7384,1.9545,29.3977,136476.0217,974.8287,685.9205,0.5214,94,0.846846847,0.5214,1.2071,0.138412782,Platinum,5
CUST645,4479.28,213.299,82.5987,21,193.9,56.38,350.42,2187.36,104.16,40.8519,89.93,55,2.619,0.9207,3.0,1,4,80.0983,11.8423,56.38,92.625,86.46,39.3987,7.9306,44.96,16,2,2/24/2022,6/10/2025,21,4479.28,2187.36,2291.92,0.511671519,279.955,3.4375,0.147847083,0.351546392,1202,75.125,4.854530341,2,0.125,90,16,4479.28,4,3,3,433,4479.28,787.5657143,31,1.225,2,84.4505,15.0979,56.38,115.9319,104.881,2.622,0.9689,0.525,29,0.935483871,0.525,1.225,0.178778101,Platinum,5
CUST646,4909.16,49.5875,75.442,99,12.27,0.06,337.14,2522.29,25.4777,41.9473,5.32,6726,67.9394,77.6557,50.0,2,500,5.953,16.2618,0.0002,78.6533,0.303,3.093,8.4638,0.1198,52,62,3/7/2022,8/29/2025,99,4909.16,2522.29,2386.87,0.486207416,94.40692308,129.3461538,2.731698303,1.143014216,1271,24.44230769,14.92138365,62,1.192307692,10,52,4909.16,5,4,3,543,4909.16,23206.93818,145,1.2204,2,4.6932,13.4343,0.0002,78.6533,12331.7491,66.2997,79.8336,0.5323,131,0.903448276,0.5323,1.2204,2.862503196,Platinum,5
CUST647,3087.23,47.4958,72.6846,65,20.02,0.44,449.0,1793.96,27.5994,54.6487,9.98,1021,15.7077,21.5702,4.0,1,80,25.2066,65.5256,0.0147,449.0,9.51,16.6503,52.8444,4.68,34,45,1/27/2022,8/15/2025,65,3087.23,1793.96,1293.27,0.418909508,90.80088235,30.02941176,2.59954139,1.373224597,1296,38.11764706,9.568234387,45,1.323529412,24,34,3087.23,4,4,2,442,3087.23,4198.6328,95,1.181,2,29.848,73.218,0.0147,489.4964,1886.7191,16.2648,22.054,0.5603,83,0.873684211,0.5603,1.181,2.453028679,Platinum,5
CUST648,1058.73,88.2275,80.9363,12,74.885,3.36,203.98,350.79,29.2325,33.3009,15.86,1077,89.75,140.9759,29.5,12,500,2.2382,2.8793,0.1324,9.8083,1.0171,0.6469,0.7509,0.3318,8,12,2/15/2022,9/4/2024,12,1058.73,350.79,707.94,0.668669066,132.34125,134.625,1.286435529,1.570762117,932,116.5,3.129689175,12,1.5,369,8,1058.73,3,2,2,322,1058.73,22.89145946,19,1.1364,2,1.7497,2.4739,0.1324,9.8083,2052.0697,93.2759,116.6807,0.5455,14,0.736842105,0.5455,1.1364,1.413899526,Platinum,5
CUST649,3203.28,1067.76,0.0,3,1067.76,1067.76,1067.76,2082.24,694.08,0.0,694.08,216,72.0,0.0,72.0,72,72,14.83,0.0,14.83,14.83,14.83,9.64,0.0,9.64,1,3,3/21/2022,3/24/2022,3,3203.28,2082.24,1121.04,0.349966285,3203.28,216.0,0.0,0.0,3,3.0,91.25,3,3.0,1264,1,3203.28,1,1,3,113,3203.28,2.532237154,3,1.25,2,15.7915,1.923,14.83,18.6761,288.0,72.0,0.0,0.75,4,1.333333333,0.75,1.25,0.121774372,Diamond,4
CUST650,1330547.59,178.5251,420.7301,7453,63.0,0.08,10679.58,1159882.52,155.6263,365.6194,53.71,15819055,2122.5084,3852.6223,700.0,1,40000,0.3526,0.9406,0.0015,25.32,0.0653,0.3011,0.7497,0.05,399,257,1/3/2022,8/28/2025,7453,1330547.59,1159882.52,170665.07,0.128266791,3334.705739,39646.75439,2.667612025,1.815126998,1333,3.34085213,109.1716642,257,0.644110276,11,399,1330547.59,5,5,5,555,1330547.59,44240707.37,10807,1.2264,2,0.3757,1.0669,0.0015,30.099,29814062.06,2134.149,3845.6383,0.5335,9645,0.892477098,0.5335,1.2264,2.839765771,Gold,3
CUST651,141758.48,315.0188,620.771,450,97.915,0.44,6820.0,97976.9,217.7264,400.9451,64.6,548193,1218.2067,4125.2982,150.0,1,46000,12.6356,31.6822,0.0055,262.67,0.3706,10.0595,25.3342,0.2687,157,155,2/26/2025,9/5/2025,450,141758.48,97976.9,43781.58,0.308846286,902.9202548,3491.675159,2.507375985,3.386369653,191,1.21656051,298.4635417,155,0.987261146,3,157,141758.48,5,5,5,555,141758.48,5564020.34,643,1.2272,2,13.8052,32.663,0.0055,300.8925,1077728.371,1295.3466,4397.3449,0.5409,576,0.895800933,0.5409,1.2272,2.365992525,Diamond,4
CUST652,7014.75,539.5962,788.9286,13,95.28,67.2,2419.53,4838.26,372.1738,553.2984,74.04,112,8.6154,4.9756,12.0,1,12,374.0965,445.6779,67.2,1209.765,95.28,253.9892,302.065,74.04,4,10,1/10/2022,9/14/2022,13,7014.75,4838.26,2176.49,0.310273353,1753.6875,28.0,1.191344747,0.577523969,247,61.75,5.887096774,10,2.5,1090,4,7014.75,1,2,3,123,7014.75,25.71860678,19,1.2963,2,309.0619,399.3407,67.2,1209.765,256.7744,9.5102,4.5111,0.4815,19,1.0,0.4815,1.2963,1.292105886,Diamond,4
CUST653,453.43,64.7757,18.4824,7,62.0,37.2,88.55,382.4,54.6286,11.9284,62.0,1550,221.4286,48.795,250.0,150,250,3.7655,5.8987,0.248,12.4,0.3542,3.6629,5.8331,0.248,7,1,1/10/2022,2/22/2022,7,453.43,382.4,71.03,0.15665042,64.77571429,221.4285714,1.566511751,0.220364488,43,6.142857143,58.06818182,1,0.142857143,1294,7,453.43,1,2,1,121,453.43,2.450972973,12,1.2941,2,3.5057,5.9274,0.248,16.7968,3858.3241,226.9602,45.87,0.4118,11,0.916666667,0.4118,1.2941,1.690789286,Diamond,4
CUST654,7787.75,222.5071,209.9251,35,121.76,43.12,741.38,4315.88,123.3109,117.9502,76.32,912,26.0571,9.197,24.0,12,48,24.4174,50.9418,3.2614,218.04,4.8742,13.0522,26.8896,2.38,12,8,2/9/2022,4/14/2025,35,7787.75,4315.88,3471.87,0.445811691,648.9791667,76.0,2.086290924,0.352955624,1160,96.66666667,3.772609819,8,0.666666667,147,12,7787.75,3,3,3,333,7787.75,631.4391892,48,1.2258,2,24.3479,52.1101,3.2614,272.4232,1570.716,25.3341,9.5734,0.5645,45,0.9375,0.5645,1.2258,2.140229753,Platinum,5
CUST655,43220.18,3324.6292,808.499,13,3037.18,1932.0,4376.47,24107.97,1854.4592,432.0153,1548.96,548,42.1538,7.7658,40.0,20,48,81.4874,23.2672,53.7833,109.4118,96.6,45.6273,13.1414,55.8,11,2,1/26/2022,10/13/2023,13,43220.18,24107.97,19112.21,0.442205701,3929.107273,49.81818182,0.28553126,0.184225384,625,56.81818182,6.413738019,2,0.181818182,696,11,43220.18,2,3,4,234,43220.18,682.0975323,18,1.3077,2,96.8055,29.4145,53.7833,162.8789,1058.6091,40.7157,7.9567,0.5,19,1.055555556,0.5,1.3077,0.303851537,Diamond,4
CUST656,12595.75,151.756,162.9813,83,114.99,2.4,1149.0,9788.64,117.9354,135.4552,73.4,1212,14.6024,56.8178,1.0,1,400,140.2353,164.8088,0.0202,1149.0,105.0,109.9556,136.9081,72.8,27,74,4/27/2022,8/11/2025,83,12595.75,9788.64,2807.11,0.22286168,466.5092593,44.88888889,1.175230488,3.890990522,1202,44.51851852,8.19201995,74,2.740740741,28,27,12595.75,4,4,4,444,12595.75,11727.07759,121,1.2092,2,148.2463,187.6222,0.0202,1466.1849,2406.8867,15.7313,56.1675,0.5425,106,0.876033058,0.5425,1.2092,1.265611351,Platinum,5
CUST657,2700.83,158.8724,188.3267,17,99.0,1.56,599.0,2162.59,127.2112,160.1392,86.17,17,1.0,0.0,1.0,1,1,158.8724,188.3267,1.56,599.0,99.0,127.2112,160.1392,86.17,11,17,5/17/2023,7/18/2025,17,2700.83,2162.59,538.24,0.199286886,245.53,1.545454545,1.185395953,0.0,793,72.09090909,5.056675063,17,1.545454545,52,11,2700.83,4,3,2,432,2700.83,560.5496226,22,1.1538,2,137.9057,159.4587,1.56,599.0,26.5738,1.0221,0.0534,0.6538,21,0.954545455,0.6538,1.1538,1.156287956,Platinum,5
CUST658,2101.55,55.3039,69.0375,38,25.42,1.41,289.0,1603.8,42.2053,56.9797,17.56,441,11.6053,27.5313,1.0,1,100,48.5386,65.3484,0.0213,289.0,22.49,38.1319,53.2062,17.4,16,36,3/9/2022,8/28/2025,38,2101.55,1603.8,497.75,0.236848992,131.346875,27.5625,1.346318188,2.372304034,1268,79.25,4.602048857,36,2.25,11,16,2101.55,5,3,2,532,2101.55,2802.066667,54,1.2174,2,56.4093,70.7603,0.0213,332.0973,770.5036,11.1667,27.1096,0.5507,47,0.87037037,0.5507,1.2174,1.254408404,Platinum,5
CUST659,237.99,59.4975,29.1671,4,61.355,30.66,84.62,164.27,41.0675,25.5059,37.785,22,5.5,5.1962,5.5,1,10,59.4975,29.1671,30.66,84.62,61.355,41.0675,25.5059,37.785,3,2,2/4/2022,2/20/2024,4,237.99,164.27,73.72,0.309760914,79.33,7.333333333,0.490223959,0.944763636,746,248.6666667,1.465863454,2,0.666666667,566,3,237.99,2,2,1,221,237.99,1.259206349,7,1.125,2,54.8595,26.7912,30.66,91.1102,36.5806,4.5726,4.9425,0.5,5,0.714285714,0.5,1.125,0.488360266,Diamond,4
CUST66,18647.33,76.4235,75.5386,244,52.78,0.06,426.24,9756.56,39.9859,39.1922,27.67,6380,26.1475,82.9472,20.0,1,1000,19.731,37.5168,0.06,213.12,3.6176,10.1424,18.1928,1.98,40,59,1/3/2022,7/11/2025,244,18647.33,9756.56,8890.77,0.476785148,466.18325,159.5,1.901414019,3.172280333,1285,32.125,11.35303266,59,1.475,59,40,18647.33,4,4,4,444,18647.33,12431.55333,372,1.2102,2,21.841,40.2322,0.06,243.4492,15820.9603,33.5901,113.0428,0.518,312,0.838709677,0.518,1.2102,1.842049357,Platinum,5
CUST660,25041.86,569.1332,409.4564,44,490.77,0.2,1811.04,14056.51,319.4661,236.5406,274.76,49817,1132.2045,1938.3136,135.0,1,8800,31.8084,50.2532,0.132,183.7,2.2276,20.9447,38.7516,1.368,27,13,1/4/2022,2/15/2023,44,25041.86,14056.51,10985.35,0.438679475,927.4762963,1845.074074,1.579871984,1.71198189,407,15.07407407,24.15441176,13,0.481481481,936,27,25041.86,1,4,4,144,25041.86,721.5904162,65,1.2262,2,40.8322,63.6502,0.132,266.2311,80596.4993,959.4821,1754.6434,0.5238,58,0.892307692,0.5238,1.2262,1.558823673,Diamond,4
CUST661,646.61,49.7392,24.6221,13,50.96,13.56,91.1,373.82,28.7554,15.9108,23.88,3194,245.6923,115.284,200.0,45,400,0.2621,0.1668,0.0339,0.58,0.2825,0.1492,0.095,0.1553,2,13,1/13/2022,1/27/2022,13,646.61,373.82,272.79,0.421877175,323.305,1597.0,0.636398321,0.469221054,14,7.0,48.66666667,13,6.5,1320,2,646.61,1,1,1,111,646.61,0.978970477,17,1.15,2,0.2774,0.1603,0.0339,0.58,4926.2353,246.3118,108.8843,0.65,16,0.941176471,0.65,1.15,0.577865898,Diamond,4
CUST662,1590.12,17.8665,19.1672,89,12.33,0.61,138.67,690.96,7.7636,8.0627,5.27,8540,95.9551,66.4945,100.0,10,300,0.3648,0.5986,0.0146,3.387,0.1568,0.1636,0.2638,0.061,12,61,2/17/2022,2/5/2024,89,1590.12,690.96,899.16,0.565466757,132.51,711.6666667,1.640899123,0.692975152,718,59.83333333,6.091794159,61,5.083333333,581,12,1590.12,2,3,2,232,1590.12,32.78597938,124,1.2201,2,0.397,0.6635,0.0146,4.2243,14965.8725,94.125,64.463,0.5597,116,0.935483871,0.5597,1.2201,1.671284635,Platinum,5
CUST663,1397.89,30.3889,56.4621,46,9.475,0.62,273.35,483.65,10.5141,21.0752,2.48,7575,164.6739,407.2733,27.0,3,2000,0.5982,1.4571,0.0249,10.0,0.2568,0.2435,0.9377,0.0914,12,28,2/7/2022,1/7/2025,46,1397.89,483.65,914.24,0.654014264,116.4908333,631.25,2.435807422,2.473210995,1065,88.75,4.108818011,28,2.333333333,244,12,1397.89,3,3,2,332,1397.89,68.46808163,63,1.2222,2,0.9343,2.3075,0.0249,11.2448,11788.7367,145.54,377.3227,0.5679,60,0.952380952,0.5679,1.2222,2.469763459,Platinum,5
CUST664,27.47,27.47,0.0,1,27.47,27.47,27.47,17.14,17.14,0.0,17.14,1,1.0,0.0,1.0,1,1,27.47,0.0,27.47,27.47,27.47,17.14,0.0,17.14,1,1,1/10/2022,1/10/2022,1,27.47,17.14,10.33,0.376046596,27.47,1.0,0.0,0.0,0,0.0,365.0,1,1.0,1337,1,27.47,1,1,1,111,27.47,0.020530643,2,1.0,1,28.3341,1.222,27.47,29.1981,1.9936,0.9968,0.0045,0.5,1,0.5,0.5,1.0,0.043128245,Diamond,4
CUST665,53.74,26.87,0.8485,2,26.87,26.27,27.47,33.95,16.975,0.2333,16.975,2,1.0,0.0,1.0,1,1,26.87,0.8485,26.27,27.47,26.87,16.975,0.2333,16.975,1,2,1/25/2022,1/25/2022,2,53.74,33.95,19.79,0.368254559,53.74,2.0,0.031577968,0.0,0,0.0,365.0,2,2.0,1322,1,53.74,1,1,1,111,53.74,0.040619803,6,1.3333,2,29.402,1.8937,26.27,32.9856,9.5504,1.0612,0.0643,0.2222,3,0.5,0.2222,1.3333,0.064407183,Diamond,4
CUST666,36.42,36.42,0.0,1,36.42,36.42,36.42,32.45,32.45,0.0,32.45,3,3.0,0.0,3.0,3,3,12.14,0.0,12.14,12.14,12.14,10.8167,0.0,10.8167,1,1,4/6/2023,4/6/2023,1,36.42,32.45,3.97,0.109006041,36.42,3.0,0.0,0.0,0,0.0,365.0,1,1.0,886,1,36.42,1,1,1,111,36.42,0.041059752,1,1.0,1,12.14,0.0,12.14,12.14,3.0,3.0,0.0,1.0,1,1.0,1.0,1.0,0.0,Diamond,4
CUST667,88993.13,74.3468,221.9903,1197,33.4,0.01,3990.0,38973.72,32.5595,137.4287,12.51,325768,272.1537,443.2463,200.0,1,9000,0.8269,7.8748,0.0001,213.67,0.15,0.4546,5.5352,0.0623,273,158,1/3/2022,4/7/2025,1197,88993.13,38973.72,50019.41,0.562059229,325.9821612,1193.289377,9.523279719,1.628661672,1190,4.358974359,83.66498741,158,0.578754579,154,273,88993.13,3,5,5,355,88993.13,156742.7386,1724,1.2157,2,0.8403,7.571,0.0001,226.3579,595933.3677,271.1253,445.7064,0.5446,1540,0.893271462,0.5446,1.2157,9.009877425,Gold,3
CUST668,126.76,9.0543,4.9273,14,8.21,2.45,18.5,63.73,4.5521,2.816,3.935,1464,104.5714,61.741,100.0,2,200,0.2663,0.4432,0.0206,1.3642,0.0834,0.1587,0.2944,0.04,1,14,2/25/2022,2/25/2022,14,126.76,63.73,63.03,0.497238877,126.76,1464.0,1.664288397,0.59041956,0,0.0,365.0,14,14.0,1291,1,126.76,1,1,1,111,126.76,0.098111455,21,1.2222,2,0.2809,0.4621,0.0206,1.4247,2746.6106,101.7263,56.1241,0.5185,17,0.80952381,0.5185,1.2222,1.64506942,Diamond,4
CUST669,1053.1,39.0037,60.1801,27,12.0,0.97,199.0,737.32,27.3081,47.3011,4.51,2084,77.1852,82.5423,50.0,1,200,31.3878,56.6348,0.0078,199.0,0.194,23.0621,43.1045,0.0399,7,24,5/19/2022,3/22/2024,27,1053.1,737.32,315.78,0.299857563,150.4428571,297.7142857,1.804357107,1.069405793,673,96.14285714,3.790801187,24,3.428571429,535,7,1053.1,2,2,2,222,1053.1,13.75317164,37,1.2745,2,25.9643,53.1535,0.0078,199.0,4234.4937,83.0293,79.9723,0.5294,38,1.027027027,0.5294,1.2745,2.047176315,Platinum,5
CUST67,129.29,129.29,0.0,1,129.29,129.29,129.29,56.32,56.32,0.0,56.32,1,1.0,0.0,1.0,1,1,129.29,0.0,129.29,129.29,129.29,56.32,0.0,56.32,1,1,12/12/2024,12/12/2024,1,129.29,56.32,72.97,0.564390131,129.29,1.0,0.0,0.0,0,0.0,365.0,1,1.0,270,1,129.29,3,1,1,311,129.29,0.477084871,1,1.5,2,139.5816,14.5545,129.29,149.8732,2.0,1.0,0.0,0.5,2,2.0,0.5,1.5,0.10427234,Diamond,4
CUST670,995.21,47.391,60.1822,21,12.7,1.04,199.99,509.69,24.271,29.8324,7.8,693,33.0,29.7876,30.0,1,100,5.7655,9.9786,0.0176,44.08,2.403,3.3246,6.0758,1.1054,6,18,8/18/2022,6/6/2024,21,995.21,509.69,485.52,0.487856834,165.8683333,115.5,1.730743214,0.902654545,658,109.6666667,3.323216995,18,3.0,459,6,995.21,2,2,2,222,995.21,12.981,30,1.2308,2,7.6954,12.2644,0.0176,47.5997,1077.7842,27.6355,25.7809,0.5385,28,0.933333333,0.5385,1.2308,1.59373132,Diamond,4
CUST671,12526.4,77.8037,126.5075,161,24.99,0.66,798.0,9263.45,57.537,101.9239,14.4,14622,90.8199,231.9189,30.0,1,2000,34.5052,85.0793,0.0198,499.0,1.2371,27.0394,69.4821,0.8658,54,88,2/15/2022,8/20/2025,161,12526.4,9263.45,3262.95,0.260485854,231.9703704,270.7777778,2.465695026,2.55361325,1282,23.74074074,15.3624318,88,1.62962963,19,54,12526.4,4,4,4,444,12526.4,33821.28,228,1.2028,2,37.8277,93.0178,0.0198,666.8453,26258.9642,91.8146,223.8567,0.5629,204,0.894736842,0.5629,1.2028,2.458986404,Platinum,5
CUST672,1564.7,86.9278,62.3235,18,72.745,17.54,204.35,979.93,54.4406,37.0203,44.625,204,11.3333,12.4475,5.5,1,36,17.7,3.5046,11.57,21.25,20.435,11.3483,2.0874,12.7,6,10,4/11/2022,5/17/2023,18,1564.7,979.93,584.77,0.373726593,260.7833333,34.0,0.198,1.098312054,401,66.83333333,5.447761194,10,1.666666667,845,6,1564.7,2,2,2,222,1564.7,11.09716312,27,1.2286,2,19.5476,4.1202,11.57,28.7628,361.8913,10.3398,11.7368,0.5143,24,0.888888889,0.5143,1.2286,0.210777794,Diamond,4
CUST673,10141.61,53.6593,81.0576,189,19.83,0.52,450.0,6917.83,36.6023,61.8144,11.72,10544,55.7884,188.7831,2.0,1,2000,34.3063,71.9872,0.0196,439.0,4.39,24.6519,55.4709,2.76,87,125,1/27/2022,6/19/2025,189,10141.61,6917.83,3223.78,0.31787655,116.5702299,121.1954023,2.098366772,3.383913143,1239,14.24137931,25.60887097,125,1.436781609,81,87,10141.61,4,5,3,453,10141.61,10760.00085,283,1.2204,2,32.7346,68.9504,0.0196,439.0,21760.9065,59.9474,193.0622,0.5207,242,0.855123675,0.5207,1.2204,2.10634619,Platinum,5
CUST674,39502.5,3950.25,1288.1862,10,4207.6,1605.2,6420.8,23911.75,2391.175,792.71,2485.875,101000,10100.0,3348.2997,10500.0,4000,16000,0.3935,0.0359,0.3643,0.4882,0.3758,0.2367,0.0,0.2368,9,1,1/14/2022,4/15/2025,10,39502.5,23911.75,15590.75,0.394677552,4389.166667,11222.22222,0.091232529,0.331514822,1187,131.8888889,2.765151515,1,0.111111111,146,9,39502.5,3,3,4,334,39502.5,2418.520408,13,1.2353,2,0.41,0.0361,0.3643,0.4882,163806.6013,9635.6824,2790.0727,0.5882,11,0.846153846,0.5882,1.2353,0.08804878,Platinum,5
CUST675,5477.98,127.3949,67.1455,43,117.75,103.62,554.27,3398.12,79.026,37.6917,64.76,47,1.093,0.61,1.0,1,5,117.0829,8.2177,103.62,129.51,117.75,73.6573,18.8818,62.66,42,1,6/30/2022,6/22/2023,43,5477.98,3398.12,2079.86,0.37967645,130.4280952,1.119047619,0.070187021,0.558096981,357,8.5,42.82122905,1,0.023809524,809,42,5477.98,2,4,3,243,5477.98,284.0434074,68,1.1707,2,125.6815,15.4594,103.62,191.8594,85.1856,1.0388,0.4479,0.5244,51,0.75,0.5244,1.1707,0.123004579,Diamond,4
CUST676,2408.52,2408.52,0.0,1,2408.52,2408.52,2408.52,1083.84,1083.84,0.0,1083.84,6,6.0,0.0,6.0,6,6,401.42,0.0,401.42,401.42,401.42,180.64,0.0,180.64,1,1,3/25/2024,3/25/2024,1,2408.52,1083.84,1324.68,0.549997509,2408.52,6.0,0.0,0.0,0,0.0,365.0,1,1.0,532,1,2408.52,2,1,2,212,2408.52,4.51879925,2,1.5,2,465.4111,66.9176,401.42,559.5703,23.8523,5.9631,0.0426,0.25,2,1.0,0.25,1.5,0.143781702,Diamond,4
CUST677,8729.43,140.7973,134.2224,62,93.78,6.3,597.2,5074.68,81.8497,98.5873,40.43,35292,569.2258,2408.1556,62.5,1,18293,27.2692,62.7068,0.0259,399.0,1.1671,14.1769,41.3802,0.6253,28,44,1/17/2022,6/19/2025,62,8729.43,5074.68,3654.75,0.418669948,311.7653571,1260.428571,2.299546741,4.230580553,1249,44.60714286,8.176,44,1.571428571,81,28,8729.43,4,4,3,443,8729.43,2980.780976,92,1.156,2,44.057,96.5375,0.0259,444.1992,64162.6399,588.6481,2706.2756,0.5688,71,0.77173913,0.5688,1.156,2.191195497,Platinum,5
CUST678,2438.5,2438.5,0.0,1,2438.5,2438.5,2438.5,1724.81,1724.81,0.0,1724.81,1250,1250.0,0.0,1250.0,1250,1250,97.54,0.0,97.54,97.54,97.54,68.9924,0.0,68.9924,1,1,11/21/2022,11/21/2022,1,2438.5,1724.81,713.69,0.292675825,2438.5,1250.0,0.0,0.0,0,0.0,365.0,1,1.0,1022,1,2438.5,1,1,2,112,2438.5,2.383675464,2,1.3333,2,108.797,10.5418,97.54,118.4368,3618.655,1206.2183,75.8321,0.3333,2,1.0,0.3333,1.3333,0.096894216,Diamond,4
CUST679,901.6,60.1067,32.7292,15,52.43,15.53,131.08,588.84,39.256,21.3556,34.08,76,5.0667,2.604,4.0,2,10,11.561,2.5719,7.765,14.44,13.1067,7.568,1.2325,8.52,5,5,1/14/2022,6/21/2023,15,901.6,588.84,312.76,0.34689441,180.32,15.2,0.222463455,0.513943987,523,104.6,3.482824427,5,1.0,810,5,901.6,2,2,2,222,901.6,5.558569667,16,1.2,2,12.1807,3.0,7.765,18.9777,105.1597,5.258,2.586,0.75,19,1.1875,0.75,1.2,0.246291264,Diamond,4
CUST68,1159.17,57.9585,36.6561,20,44.42,7.71,134.65,730.52,36.526,24.3042,27.99,320,16.0,12.9412,12.5,4,40,43.4651,28.7058,1.7768,90.15,38.9,27.8524,18.5589,26.72,9,6,2/1/2022,4/1/2022,20,1159.17,730.52,428.65,0.369790454,128.7966667,35.55555556,0.660433313,0.808825,59,6.555555556,54.75,6,0.666666667,1256,9,1159.17,1,3,2,132,1159.17,8.299546539,28,1.1765,2,44.9484,28.4495,1.7768,109.8134,590.4617,17.3665,12.5858,0.5882,26,0.928571429,0.5882,1.1765,0.632936879,Diamond,4
CUST680,23382.86,275.0925,250.771,85,215.66,6.44,1203.06,16518.46,194.3348,183.2237,156.0,3564,41.9294,218.8512,1.0,1,2000,143.8114,177.7674,0.0381,1099.0,77.71,109.857,145.992,47.77,32,67,4/19/2024,8/29/2025,85,23382.86,16518.46,6864.4,0.293565458,730.714375,111.375,1.2361148,5.219516616,497,15.53125,23.45381526,67,2.09375,10,32,23382.86,5,4,4,544,23382.86,68022.86545,137,1.1796,2,151.1633,172.318,0.0381,1099.0,7478.008,44.7785,201.5238,0.509,105,0.766423358,0.509,1.1796,1.139946005,Diamond,4
CUST681,10534.71,96.6487,242.0373,109,29.23,1.19,2349.0,7829.0,71.8257,194.0711,16.35,280,2.5688,9.5203,1.0,1,100,87.0654,241.2057,1.08,2349.0,16.99,65.6641,193.6631,12.0,29,100,2/3/2022,9/5/2025,109,10534.71,7829.0,2705.71,0.256837635,363.2658621,9.655172414,2.770396736,3.706127375,1310,45.17241379,8.073989321,100,3.448275862,3,29,10534.71,5,4,3,543,10534.71,76376.6475,157,1.2071,2,81.62,189.1508,1.08,2349.0,438.5456,2.2149,7.1163,0.5505,138,0.878980892,0.5505,1.2071,2.317456506,Platinum,5
CUST682,36464.25,314.347,253.7445,116,218.64,43.02,1560.0,17986.12,155.0528,124.1868,96.32,3111,26.819,27.9958,11.0,1,80,67.2204,104.5154,6.3967,520.0,12.076,36.3316,59.1905,4.6,61,9,1/5/2022,9/8/2025,116,36464.25,17986.12,18478.13,0.506746471,597.7745902,51.0,1.554816693,1.043879339,1342,22.0,16.57855547,9,0.147540984,0,61,36464.25,5,4,4,544,36464.25,2224319.25,176,1.2,2,69.5778,112.9882,6.3967,590.5086,6351.9554,28.8725,28.8552,0.5273,147,0.835227273,0.5273,1.2,1.62391165,Platinum,5
CUST683,4666.75,518.5278,168.7173,9,544.33,142.83,666.67,2571.56,285.7289,98.4346,326.6,97,10.7778,7.71,10.0,2,30,58.8632,17.6951,14.3257,71.415,66.667,32.134,9.3795,36.0,8,2,3/23/2022,4/15/2025,9,4666.75,2571.56,2095.19,0.448961269,583.34375,12.125,0.300613966,0.71535935,1119,139.875,2.607142857,2,0.25,146,8,4666.75,3,2,3,323,4666.75,253.9727891,14,1.3636,2,65.1959,22.6967,14.3257,96.8842,249.6855,11.3493,8.3351,0.4091,15,1.071428571,0.4091,1.3636,0.348130787,Platinum,5
CUST684,1226.95,204.4917,200.004,6,147.565,57.8,599.38,753.7,125.6167,76.6595,97.61,91,15.1667,18.0712,6.0,4,50,64.9299,115.1885,9.559,299.69,18.5635,31.9479,44.0338,14.78,2,6,5/23/2022,7/26/2022,6,1226.95,753.7,473.25,0.385712539,613.475,45.5,1.774044007,1.191505074,64,32.0,11.23076923,6,3.0,1140,2,1226.95,1,1,2,112,1226.95,2.150657318,7,1.125,2,54.6443,99.2779,9.559,299.69,101.2793,12.6599,15.9693,0.75,7,1.0,0.75,1.125,1.816802484,Diamond,4
CUST685,5514.36,551.436,243.1445,10,477.74,149.52,915.84,2427.88,242.788,121.8461,223.49,63384,6338.4,4246.1269,5760.0,12,11520,91.7136,31.7066,12.46,119.435,98.0206,43.4453,20.3046,50.8688,7,2,1/13/2022,10/10/2022,10,5514.36,2427.88,3086.48,0.559716812,787.7657143,9054.857143,0.345713177,0.669905165,270,38.57142857,9.42804428,2,0.285714286,1064,7,5514.36,1,2,3,123,5514.36,36.24461972,13,1.1875,2,97.1031,36.485,12.46,136.7819,93922.6072,5870.1629,4215.8922,0.625,12,0.923076923,0.625,1.1875,0.375734657,Diamond,4
CUST686,929.03,61.9353,20.5627,15,73.12,36.56,81.73,483.22,32.2147,10.5983,41.68,24,1.6,0.5071,2.0,1,2,38.5643,2.1113,36.56,41.78,37.39,20.2003,1.8675,20.84,10,2,2/15/2022,11/29/2022,15,929.03,483.22,445.81,0.479866097,92.903,2.4,0.054747526,0.3169375,287,28.7,12.67361111,2,0.2,1014,10,929.03,1,3,2,132,929.03,9.153004926,23,1.2333,2,42.4205,4.9175,36.56,54.1573,48.4209,1.614,0.5083,0.5,21,0.913043478,0.5,1.2333,0.115922726,Diamond,4
CUST687,5640.59,376.0393,228.6151,15,297.36,61.11,892.08,3212.72,214.1813,120.6389,166.53,1062,70.8,42.2564,72.0,18,144,5.5775,2.0933,3.1873,8.26,4.992,3.2496,1.1081,2.897,6,3,2/10/2022,6/28/2023,15,5640.59,3212.72,2427.87,0.430428377,940.0983333,177.0,0.375311519,0.596841808,503,83.83333333,4.345238095,3,0.5,803,6,5640.59,2,2,3,223,5640.59,42.09395522,22,1.2414,2,5.7786,2.3642,3.1873,11.8977,2238.6768,77.1958,40.5079,0.5172,20,0.909090909,0.5172,1.2414,0.409130239,Diamond,4
CUST688,116974.82,9747.9017,10105.4525,12,6583.085,838.25,24503.57,105445.63,8787.1358,9321.2254,6300.545,128184,10682.0,13457.6015,4809.0,30,34815,203.7454,249.6171,0.6885,605.5,15.2836,134.0784,161.5059,10.6308,7,5,5/16/2022,4/3/2023,12,116974.82,105445.63,11529.19,0.098561297,16710.68857,18312.0,1.225142261,1.259839122,322,46.0,7.910216718,5,0.714285714,889,7,116974.82,1,2,5,125,116974.82,920.0266742,19,1.2692,2,246.9681,243.2869,0.6885,605.5,161135.6435,6197.5248,10401.273,0.4615,14,0.736842105,0.4615,1.2692,0.985094431,Diamond,4
CUST689,4032.0,1008.0,563.721,4,896.0,448.0,1792.0,4032.0,1008.0,563.721,896.0,2880,720.0,402.6578,640.0,320,1280,1.4,0.0,1.4,1.4,1.4,1.4,0.0,1.4,4,1,1/3/2022,3/18/2022,4,4032.0,4032.0,0.0,0.0,1008.0,720.0,0.0,0.559246944,74,18.5,19.46666667,1,0.25,1270,4,4032.0,1,2,3,123,4032.0,12.68922109,5,1.1667,2,1.4682,0.1059,1.4,1.6154,4236.8867,706.1478,312.6348,0.6667,4,0.8,0.6667,1.1667,0.072129138,Diamond,4
CUST69,30187.27,206.7621,377.4821,146,100.02,11.69,3086.48,15473.08,105.98,177.2256,57.97,1935,13.2534,28.1015,2.0,1,192,90.7066,67.0989,4.7833,385.81,91.44,47.2516,32.9103,48.84,66,20,1/12/2022,9/2/2025,146,30187.27,15473.08,14714.19,0.487430298,457.3828788,29.31818182,0.739735587,2.120323841,1329,20.13636364,18.11278195,20,0.303030303,6,66,30187.27,5,4,4,544,30187.27,284622.8314,215,1.221,2,95.6973,71.9776,4.7833,417.9703,3708.4309,13.4363,26.6391,0.529,187,0.869767442,0.529,1.221,0.752138253,Platinum,5
CUST690,34592.58,295.6631,377.4991,117,139.0,3.86,1996.17,26760.79,228.7247,289.1231,102.0,723,6.1795,11.6653,2.0,1,100,132.5467,167.6424,1.0283,899.0,86.79,105.1239,135.7214,60.74,30,104,1/4/2022,4/15/2025,117,34592.58,26760.79,7831.79,0.226400864,1153.086,24.1,1.264779885,1.887741727,1197,39.9,9.140233723,104,3.466666667,146,30,34592.58,3,4,4,344,34592.58,7059.710204,178,1.1872,2,127.1141,162.6794,1.0283,899.0,1340.0096,6.1188,11.6813,0.5342,144,0.808988764,0.5342,1.1872,1.279790362,Platinum,5
CUST691,8367.08,149.4121,147.8393,56,119.0,2.78,599.0,6319.93,112.8559,116.116,79.82,88,1.5714,1.5938,1.0,1,12,124.0193,137.7788,1.39,599.0,73.745,94.6635,109.4244,52.5,29,55,2/14/2022,8/28/2025,56,8367.08,6319.93,2047.15,0.244667196,288.52,3.034482759,1.110946441,1.014254805,1291,44.51724138,8.192724458,55,1.896551724,11,29,8367.08,5,4,3,543,8367.08,20220.44333,76,1.1915,2,137.6969,153.5236,1.39,811.5869,145.2019,1.5447,1.6312,0.5957,71,0.934210526,0.5957,1.1915,1.114938681,Platinum,5
CUST692,5948.25,349.8971,305.5554,17,289.24,72.31,1411.0,5977.61,351.6241,395.1358,260.32,15097,888.0588,2640.9479,8.0,2,10000,36.2281,16.9699,0.0612,61.9,36.155,32.6601,15.2808,32.54,8,6,11/28/2023,7/23/2025,17,5948.25,5977.61,-29.36,-0.004935906,743.53125,1887.125,0.468418162,2.973843511,603,75.375,4.834437086,6,0.75,47,8,5948.25,4,2,3,423,5948.25,991.375,25,1.1935,2,37.6931,20.0098,0.0612,69.1255,38335.33,1236.6235,3064.7012,0.5484,21,0.84,0.5484,1.1935,0.530861086,Diamond,4
CUST693,2528.34,22.1784,26.16,114,23.39,0.03,169.07,2480.26,21.7567,43.8922,14.44,30614,268.5439,474.3929,98.0,1,1952,3.5595,15.8179,0.0001,84.54,0.14,2.3519,10.0943,0.1458,24,21,11/23/2021,9/4/2025,114,2528.34,2480.26,48.08,0.01901643,105.3475,1275.583333,4.443854474,1.766537613,1381,57.54166667,6.338639653,21,0.875,4,24,2528.34,5,4,2,542,2528.34,12136.032,162,1.2394,2,4.0351,18.4724,0.0001,120.5118,61084.4544,286.7815,481.1097,0.5352,153,0.944444444,0.5352,1.2394,4.577928676,Platinum,5
CUST694,793.93,66.1608,105.2434,12,21.71,4.75,374.1,328.28,27.3567,49.2752,4.345,4875,406.25,549.0824,75.0,25,1500,0.2885,0.4459,0.0521,1.6724,0.1735,0.0687,0.0459,0.0513,4,9,8/2/2022,1/30/2025,12,793.93,328.28,465.65,0.586512665,198.4825,1218.75,1.545580589,1.351587446,912,228.0,1.599123768,9,2.25,221,4,793.93,3,2,2,322,793.93,14.30504505,15,1.2105,2,0.2713,0.3594,0.0521,1.6724,7938.1663,417.7982,525.1886,0.6316,14,0.933333333,0.6316,1.2105,1.324732768,Platinum,5
CUST695,868.02,32.1489,97.496,27,6.22,0.69,498.0,625.79,23.1774,76.4177,2.84,1928,71.4074,73.8472,50.0,1,400,14.8531,54.8586,0.0198,249.0,0.1202,12.2189,44.4442,0.0442,2,24,10/17/2022,2/6/2023,27,868.02,625.79,242.23,0.27906039,434.01,964.0,3.693410803,1.034167327,112,56.0,6.460176991,24,12.0,945,2,868.02,1,1,2,112,868.02,1.835137421,36,1.1429,2,9.599,44.2645,0.0198,249.0,2949.5168,70.2266,62.1433,0.6429,29,0.805555556,0.6429,1.1429,4.611365767,Diamond,4
CUST696,6117095.64,152.0606,520.9539,40228,77.52,0.06,40515.55,5323647.81,132.3369,570.862,65.1,26238818,652.2526,1909.3609,300.0,1,90000,1.0287,5.8698,0.0083,181.0814,0.2604,0.8428,4.4979,0.2275,10309,995,1/3/2022,7/26/2024,40228,6117095.64,5323647.81,793447.83,0.129709894,593.3742982,2545.234067,5.706036745,2.927333521,935,0.090697449,4020.069444,995,0.096517606,409,10309,6117095.64,2,5,5,255,6117095.64,153807656.0,58147,1.2193,2,1.1095,6.3504,0.0083,247.7536,48246163.64,647.7821,1921.4455,0.5401,51522,0.886064629,0.5401,1.2193,5.723659306,Rock,0
CUST697,1853498.68,721.2057,1708.1384,2570,245.31,0.27,29956.67,1517806.32,590.5861,1397.0983,205.355,5747158,2236.2482,5614.9879,390.0,1,138000,132.8874,558.1653,0.0002,7060.0,0.4408,114.7527,461.8106,0.315,548,429,10/22/2021,9/5/2025,2570,1853498.68,1517806.32,335692.36,0.181112813,3382.296861,10487.5146,4.200287612,2.510896554,1414,2.580291971,141.3568905,429,0.782846715,3,548,1853498.68,5,5,5,555,1853498.68,253929319.2,3739,1.2175,2,145.4314,594.4503,0.0002,7060.0,10120336.94,2118.1115,5173.5745,0.5379,3292,0.880449318,0.5379,1.2175,4.087496235,Gold,3
CUST698,9845.64,240.1376,123.7653,41,215.09,19.54,704.36,5476.28,133.5678,68.548,118.12,68,1.6585,0.7619,2.0,1,4,154.2486,61.8274,19.54,234.7867,121.635,87.3677,38.7606,59.06,27,3,4/8/2022,4/9/2025,41,9845.64,5476.28,4369.36,0.443786285,364.6533333,2.518518519,0.40082957,0.459391016,1097,40.62962963,8.975409836,3,0.111111111,152,27,9845.64,3,4,3,343,9845.64,1737.465882,56,1.2,2,153.0487,72.3189,19.54,324.0428,123.8757,1.7697,0.8023,0.5857,51,0.910714286,0.5857,1.2,0.472522145,Platinum,5
CUST699,16795.94,1399.6617,833.9311,12,1415.66,186.91,2501.96,8546.97,712.2475,410.5729,676.09,642,53.5,29.8648,50.0,18,100,99.457,30.452,10.3839,125.455,107.759,51.1019,13.6696,55.327,7,2,11/10/2022,6/26/2025,12,16795.94,8546.97,8248.97,0.491128809,2399.42,91.71428571,0.306182571,0.558220561,959,137.0,2.661458333,2,0.285714286,74,7,16795.94,4,2,4,424,16795.94,1567.621067,16,1.1579,2,103.3225,38.1484,10.3839,179.6604,1172.7811,61.7253,35.3844,0.6316,15,0.9375,0.6316,1.1579,0.369216773,Platinum,5
CUST7,526866.91,365.6259,656.0828,1441,106.08,1.85,6037.5,393732.09,273.2353,498.6337,79.68,4903940,3403.1506,18090.3393,6.0,1,200000,31.2018,27.6954,0.0093,310.905,25.34,22.8081,20.8574,19.255,843,99,1/4/2022,9/8/2025,1441,526866.91,393732.09,133134.82,0.252691557,624.9904033,5817.247924,0.887621868,5.315762194,1343,1.59311981,228.9397321,99,0.117437722,0,843,526866.91,5,5,5,555,526866.91,444148805.1,2065,1.2157,2,33.34,29.4759,0.0093,310.905,9270574.921,3520.9172,18308.4393,0.5473,1853,0.897336562,0.5473,1.2157,0.88410018,Gold,3
CUST70,52796.56,173.6729,255.4438,304,94.76,0.77,2064.0,35930.44,118.1922,170.9707,67.735,27167,89.3651,172.4036,6.0,1,1000,17.9822,15.4463,0.465,74.88,15.5245,11.4807,10.36,8.8119,102,33,1/10/2022,9/2/2025,304,52796.56,35930.44,16866.12,0.319454904,517.6133333,266.3431373,0.858977211,1.929205025,1331,13.04901961,27.95045045,33,0.323529412,6,102,52796.56,5,5,4,554,52796.56,769321.3029,436,1.2073,2,19.1525,17.0554,0.465,108.4704,51557.3144,93.7406,176.3914,0.5527,381,0.873853211,0.5527,1.2073,0.890505156,Platinum,5
CUST700,437.77,109.4425,43.8975,4,95.08,74.27,173.34,241.93,60.4825,21.2192,51.265,7,1.75,1.5,1.0,1,4,109.4425,43.8975,74.27,173.34,95.08,60.4825,21.2192,51.265,3,2,3/8/2022,11/9/2022,4,437.77,241.93,195.84,0.447358202,145.9233333,2.333333333,0.401101035,0.857142857,246,82.0,4.433198381,2,0.666666667,1034,3,437.77,1,2,1,121,437.77,1.268898551,8,1.1111,2,119.3078,52.892,74.27,197.5239,17.5412,1.949,1.4299,0.4444,4,0.5,0.4444,1.1111,0.443323907,Diamond,4
CUST701,23045.05,360.0789,313.7233,64,252.835,3.56,1155.0,8405.46,131.3353,115.4791,77.295,85010,1328.2812,1235.0587,667.5,20,5000,0.3588,0.3243,0.0552,1.6827,0.24,0.1259,0.0924,0.096,57,6,2/8/2022,7/29/2025,64,23045.05,8405.46,14639.59,0.635259633,404.2991228,1491.403509,0.903846154,0.929817195,1267,22.22807018,16.40772871,6,0.105263158,41,57,23045.05,4,4,4,444,23045.05,31275.425,88,1.1698,2,0.394,0.3675,0.0552,2.0316,146730.8487,1384.2533,1295.6989,0.6038,79,0.897727273,0.6038,1.1698,0.932741117,Platinum,5
CUST702,35470.42,824.8935,765.8808,43,572.18,0.59,2925.9,15033.36,349.613,309.8803,226.66,137592,3199.814,2322.5529,2500.0,3,9000,0.2301,0.0774,0.1217,0.5131,0.195,0.098,0.024,0.0897,20,4,2/11/2022,7/5/2024,43,35470.42,15033.36,20437.06,0.57617192,1773.521,6879.6,0.336375489,0.725839971,875,43.75,8.333333333,4,0.2,430,20,35470.42,2,3,4,234,35470.42,1645.959165,65,1.2262,2,0.2499,0.0931,0.1217,0.7208,289778.0066,3449.7382,2304.7055,0.5119,54,0.830769231,0.5119,1.2262,0.37254902,Platinum,5
CUST703,1828.44,914.22,649.718,2,914.22,454.8,1373.64,868.22,434.11,131.536,434.11,5600,2800.0,3111.2698,2800.0,600,5000,228.5447,319.9733,2.2894,454.8,228.5447,170.9893,240.5729,170.9893,2,2,7/13/2022,4/10/2025,2,1828.44,868.22,960.22,0.525158058,914.22,2800.0,1.400046905,1.111167786,1002,501.0,0.72781655,2,1.0,151,2,1828.44,3,1,2,312,1828.44,24.05842105,3,1.4,2,188.8418,255.385,2.2894,482.007,11741.9671,2348.3934,2420.6036,0.4,3,1.0,0.4,1.4,1.352375375,Platinum,5
CUST704,62410.57,891.5796,487.0022,70,798.27,79.64,1798.57,33922.16,484.6023,256.304,453.3,23528,336.1143,143.2089,300.0,1,1000,7.8978,22.2091,1.1776,131.37,2.6609,4.1393,11.4583,1.625,46,6,1/25/2022,2/6/2025,70,62410.57,33922.16,28488.41,0.456467711,1356.751522,511.4782609,2.812061587,0.426072024,1108,24.08695652,15.13976555,6,0.130434783,214,46,62410.57,3,4,5,345,62410.57,13352.95916,107,1.1832,2,6.3685,17.5694,1.1776,131.37,44574.0013,340.2596,133.7957,0.5344,88,0.822429907,0.5344,1.1832,2.758797205,Platinum,5
CUST705,19750.88,470.259,692.2147,42,139.82,2.91,2121.84,10196.36,242.7705,346.0627,70.8,2561,60.9762,109.5633,10.0,2,540,48.885,71.8259,0.0415,212.184,11.1712,25.9818,36.1601,5.805,29,20,2/1/2022,12/4/2024,42,19750.88,10196.36,9554.52,0.48375161,681.0648276,88.31034483,1.469283011,1.796820727,1037,35.75862069,10.19749518,20,0.689655172,278,29,19750.88,3,4,4,344,19750.88,2052.958853,63,1.16,2,43.9693,67.3718,0.0415,250.6186,5382.4748,71.7663,121.3819,0.56,50,0.793650794,0.56,1.16,1.532246363,Platinum,5
CUST706,1381.34,197.3343,135.0001,7,161.57,69.76,360.89,770.32,110.0457,81.1084,82.0,149,21.2857,24.9914,2.0,1,48,44.4453,35.2279,6.7667,80.785,69.76,22.4086,17.3139,34.56,4,5,8/10/2022,6/3/2024,7,1381.34,770.32,611.02,0.442338599,345.335,37.25,0.792612492,1.174093405,663,165.75,2.198795181,5,1.25,462,4,1381.34,2,2,2,222,1381.34,11.93382289,11,1.2143,2,45.5584,34.1388,6.7667,80.785,300.4916,21.4637,24.5189,0.5,7,0.636363636,0.5,1.2143,0.749341505,Diamond,4
CUST707,1270.84,635.42,762.4167,2,635.42,96.31,1174.53,945.43,472.715,577.2608,472.715,24,12.0,15.5563,12.0,1,23,73.6883,31.992,51.0665,96.31,73.6883,51.415,18.5474,51.415,2,2,3/31/2022,8/2/2023,2,1270.84,945.43,325.41,0.256058985,635.42,12.0,0.434153047,1.296358333,489,244.5,1.489795918,2,1.0,768,2,1270.84,2,1,2,212,1270.84,3.305175553,4,1.4286,2,89.6823,23.8691,51.0665,107.5856,51.2934,7.3276,10.7064,0.2857,3,0.75,0.2857,1.4286,0.266151738,Diamond,4
CUST708,134.6,44.8667,17.1616,3,35.8,34.14,64.66,66.47,22.1567,8.8104,17.07,3,1.0,0.0,1.0,1,1,44.8667,17.1616,34.14,64.66,35.8,22.1567,8.8104,17.07,1,3,6/6/2024,6/6/2024,3,134.6,66.47,68.13,0.506166419,134.6,3.0,0.382501945,0.0,0,0.0,365.0,3,3.0,459,1,134.6,2,1,1,211,134.6,0.292608696,5,1.1667,2,41.4667,11.5238,34.14,64.66,6.5519,1.092,0.1018,0.5,3,0.6,0.5,1.1667,0.277904921,Diamond,4
CUST709,23575.27,163.7172,241.7652,144,38.115,1.5,1360.98,12812.74,88.9774,131.8954,23.86,7380,51.25,83.4378,16.0,1,500,21.1056,52.3808,0.025,428.35,7.3633,13.0701,38.8238,4.68,92,64,1/10/2022,6/25/2025,144,23575.27,12812.74,10762.53,0.456517783,256.2529348,80.2173913,2.481843681,1.628054634,1262,13.7173913,26.5874901,64,0.695652174,75,92,23575.27,4,5,4,454,23575.27,28538.48474,206,1.2313,2,22.6566,57.1707,0.025,467.5651,13222.621,49.3381,77.6288,0.5373,192,0.932038835,0.5373,1.2313,2.523357432,Platinum,5
CUST71,11081.58,93.1225,58.4135,119,84.64,2.89,282.98,6052.07,50.8577,31.1175,47.04,1337,11.2353,16.7993,3.0,1,130,53.5283,54.2576,1.4426,204.22,33.9633,28.8187,28.1389,18.0,28,30,2/8/2022,8/7/2025,119,11081.58,6052.07,5029.51,0.453862175,395.7707143,47.75,1.013624569,1.495224872,1276,45.57142857,8.003132341,30,1.071428571,32,28,11081.58,4,4,4,444,11081.58,9402.552727,184,1.2103,2,59.31,63.206,1.4426,281.024,2614.6058,11.2215,14.7492,0.5107,154,0.836956522,0.5107,1.2103,1.065688754,Platinum,5
CUST710,7.59,7.59,0.0,1,7.59,7.59,7.59,4.86,4.86,0.0,4.86,3,3.0,0.0,3.0,3,3,2.53,0.0,2.53,2.53,2.53,1.62,0.0,1.62,1,1,3/4/2022,3/4/2022,1,7.59,4.86,2.73,0.359683794,7.59,3.0,0.0,0.0,0,0.0,365.0,1,1.0,1284,1,7.59,1,1,1,111,7.59,0.005906615,1,1.0,1,2.53,0.0,2.53,2.53,3.0,3.0,0.0,1.0,1,1.0,1.0,1.0,0.0,Diamond,4
CUST711,49009.6,753.9938,651.3672,65,451.85,166.0,2431.38,26157.78,402.4274,343.9558,268.92,3927,60.4154,77.1646,40.0,1,325,86.845,134.2748,4.2222,451.85,20.647,46.2732,70.1872,11.4362,25,8,3/15/2022,2/28/2024,65,49009.6,26157.78,22851.82,0.466272322,1960.384,157.08,1.546143129,1.27723395,715,28.6,12.74441341,8,0.32,558,25,49009.6,2,4,4,244,49009.6,2191.842576,91,1.1802,2,87.3465,138.5136,4.2222,504.4421,6534.9301,58.8732,68.135,0.5856,82,0.901098901,0.5856,1.1802,1.585794508,Platinum,5
CUST712,24228.22,1009.5092,2606.0815,24,238.095,20.0,12895.52,8711.2,362.9667,481.6881,114.0,985,41.0417,112.2906,4.0,1,400,203.5165,440.7163,1.12,2149.2533,40.06,84.2878,106.993,25.0,10,14,1/13/2022,4/10/2025,24,24228.22,8711.2,15517.02,0.640452332,2422.822,98.5,2.165506482,2.736012397,1183,118.3,3.08277027,14,1.4,151,10,24228.22,3,3,4,334,24228.22,1593.961842,28,1.2632,2,229.7167,544.9368,1.12,2675.4661,1596.7285,42.0192,114.7486,0.6316,33,1.178571429,0.6316,1.2632,2.372212382,Platinum,5
CUST713,13060.83,4353.61,2944.4979,3,5843.55,961.92,6255.36,7029.77,2343.2567,1451.3133,3060.5399,345792,115264.0,99655.2753,172800.0,192,172800,42.2623,68.8752,0.0362,121.7406,5.01,22.4284,35.8377,3.505,3,2,2/7/2022,2/27/2023,3,13060.83,7029.77,6031.06,0.461766978,4353.61,115264.0,1.629707801,0.86458283,385,128.3333333,2.836787565,2,0.666666667,924,3,13060.83,1,2,4,124,13060.83,42.35944865,3,1.25,2,68.602,77.0561,0.0362,147.621,518592.0,129648.0,86304.0,0.75,4,1.333333333,0.75,1.25,1.123234017,Diamond,4
CUST714,1956.94,978.47,211.9765,2,978.47,828.58,1128.36,1555.24,777.62,279.4769,777.62,43450,21725.0,30370.2363,21725.0,250,43200,48.6722,64.1457,3.3143,94.03,48.6722,41.795,55.8261,41.795,2,2,2/6/2023,3/28/2023,2,1956.94,1555.24,401.7,0.205269451,978.47,21725.0,1.317912484,1.39793953,50,25.0,14.31372549,2,1.0,895,2,1956.94,1,1,2,112,1956.94,4.368169643,2,1.3333,2,34.0399,51.9581,3.3143,94.03,43700.0,14566.6667,24797.1941,0.6667,3,1.5,0.6667,1.3333,1.52638815,Diamond,4
CUST715,5916.86,1183.372,980.8153,5,1343.01,133.73,2640.12,2889.32,577.864,412.6242,697.68,320,64.0,39.598,76.0,20,100,16.5036,7.2157,6.6865,26.4012,18.0,8.1734,2.1421,9.18,4,2,6/16/2022,4/21/2025,5,5916.86,2889.32,3027.54,0.511680182,1479.215,80.0,0.437219758,0.61871875,1040,260.0,1.402497598,2,0.5,140,4,5916.86,3,2,3,323,5916.86,167.8541844,7,1.3,2,14.3947,7.0079,6.6865,26.4012,535.592,53.5592,36.4213,0.5,6,0.857142857,0.5,1.3,0.486838906,Platinum,5
CUST716,98.82,98.82,0.0,1,98.82,98.82,98.82,84.0,84.0,0.0,84.0,7,7.0,0.0,7.0,7,7,14.1171,0.0,14.1171,14.1171,14.1171,12.0,0.0,12.0,1,1,8/5/2022,8/5/2022,1,98.82,84.0,14.82,0.149969642,98.82,7.0,0.0,0.0,0,0.0,365.0,1,1.0,1130,1,98.82,1,1,1,111,98.82,0.087374005,1,1.0,1,14.1171,0.0,14.1171,14.1171,7.0,7.0,0.0,1.0,1,1.0,1.0,1.0,0.0,Diamond,4
CUST717,159.72,79.86,61.6031,2,79.86,36.3,123.42,141.87,70.935,57.0847,70.935,66,33.0,25.4558,33.0,15,51,2.42,0.0,2.42,2.42,2.42,2.1102,0.1021,2.1102,1,1,3/13/2024,3/25/2024,2,159.72,141.87,17.85,0.111758077,159.72,66.0,0.0,0.771387879,12,12.0,28.07692308,1,1.0,532,1,159.72,2,1,1,211,159.72,0.299662289,3,1.25,2,2.5302,0.128,2.42,2.658,155.9516,38.9879,16.2421,0.5,2,0.666666667,0.5,1.25,0.050588886,Diamond,4
CUST718,194902.34,215.124,464.8575,906,96.445,0.24,8630.67,180285.18,198.9903,403.3912,80.255,445723,491.968,1172.4866,178.0,1,20400,1.6681,7.1581,0.0048,154.7075,0.655,1.2069,4.213,0.5862,258,227,1/5/2022,9/5/2025,906,194902.34,180285.18,14617.16,0.074997355,755.4354264,1727.608527,4.291169594,2.383257854,1339,5.189922481,70.2761194,227,0.879844961,3,258,194902.34,5,5,5,555,194902.34,12571200.93,1303,1.2239,2,1.842,8.7381,0.0048,188.1217,777223.5581,462.9086,1132.1917,0.5396,1171,0.898695318,0.5396,1.2239,4.743811075,Gold,3
CUST719,211.07,105.535,12.7067,2,105.535,96.55,114.52,89.76,44.88,54.1502,44.88,13,6.5,7.7782,6.5,1,12,53.0467,61.523,9.5433,96.55,53.0467,6.7604,0.241,6.7604,2,1,10/26/2022,11/8/2022,2,211.07,89.76,121.31,0.574738238,105.535,6.5,1.159789393,1.196646154,13,6.5,52.14285714,1,0.5,1035,2,211.07,1,1,1,111,211.07,0.407471042,2,1.0,1,53.0467,61.523,9.5433,96.55,13.0,6.5,7.7782,1.0,2,1.0,1.0,1.0,1.159789393,Diamond,4
CUST72,108545.15,219.2831,374.8807,495,112.8,5.75,4762.8,75656.11,152.8406,294.7673,71.2,117704,237.7859,2327.1584,25.0,1,36000,32.7342,64.7384,0.0243,559.0,5.1833,24.9364,57.4286,3.19,122,94,2/8/2022,9/4/2025,495,108545.15,75656.11,32889.04,0.302998706,889.7143443,964.7868852,1.977699165,9.786780461,1304,10.68852459,34.12260536,94,0.770491803,4,122,108545.15,5,5,5,555,108545.15,2648501.66,715,1.2073,2,33.9916,67.4526,0.0243,608.8755,204999.5397,227.2722,2112.5941,0.5488,625,0.874125874,0.5488,1.2073,1.984390261,Platinum,5
CUST720,5062.15,73.3645,90.5682,69,44.0,0.9,433.62,3115.99,45.1593,64.3684,26.51,34158,495.0435,770.0591,200.0,25,5400,0.2046,0.3015,0.014,1.6,0.11,0.1077,0.1193,0.0732,46,16,1/7/2022,5/10/2024,69,5062.15,3115.99,1946.16,0.384453246,110.0467391,742.5652174,1.473607038,1.555538251,854,18.56521739,19.6374269,16,0.347826087,486,46,5062.15,2,4,3,243,5062.15,478.149692,100,1.2188,2,0.2406,0.3774,0.014,1.9898,56340.1742,440.1576,640.4887,0.5391,88,0.88,0.5391,1.2188,1.568578554,Platinum,5
CUST721,1748.0,437.0,283.5233,4,382.8,162.4,820.0,853.55,213.3875,153.0481,176.145,40000,10000.0,7176.35,8250.0,3500,20000,0.045,0.0027,0.041,0.0464,0.0464,0.0213,0.0,0.0213,3,1,6/10/2022,12/14/2022,4,1748.0,853.55,894.45,0.511699085,582.6666667,13333.33333,0.06,0.717635,187,62.33333333,5.824468085,1,0.333333333,999,3,1748.0,1,2,2,122,1748.0,5.244,4,1.3333,2,0.0478,0.0065,0.041,0.0602,70000.0,11666.6667,6896.8592,0.6667,6,1.5,0.6667,1.3333,0.135983264,Diamond,4
CUST722,373.47,373.47,0.0,1,373.47,373.47,373.47,149.39,149.39,0.0,149.39,150,150.0,0.0,150.0,150,150,2.4898,0.0,2.4898,2.4898,2.4898,0.9959,0.0,0.9959,1,1,3/27/2024,3/27/2024,1,373.47,149.39,224.08,0.599994645,373.47,150.0,0.0,0.0,0,0.0,365.0,1,1.0,530,1,373.47,2,1,1,211,373.47,0.703333333,1,1.0,1,2.4898,0.0,2.4898,2.4898,150.0,150.0,0.0,1.0,1,1.0,1.0,1.0,0.0,Diamond,4
CUST723,30678.41,15339.205,15930.7269,2,15339.205,4074.48,26603.93,16873.61,8436.805,8762.149,8436.805,32000,16000.0,16617.0094,16000.0,4250,27750,0.9587,0.0,0.9587,0.9587,0.9587,0.5273,0.0,0.5273,1,1,3/7/2022,3/30/2022,2,30678.41,16873.61,13804.8,0.449984207,30678.41,32000.0,0.0,1.038563088,23,23.0,15.20833333,1,1.0,1258,1,30678.41,1,1,4,114,30678.41,24.36728356,2,1.3333,2,1.0375,0.1364,0.9587,1.195,59750.0,19916.6667,13567.7313,0.6667,3,1.5,0.6667,1.3333,0.13146988,Diamond,4
CUST724,36514.73,376.4405,295.6378,97,258.05,13.18,1331.1,26839.05,276.6912,207.03,207.84,4581,47.2268,53.2511,24.0,2,192,23.4543,30.2119,3.871,132.0,12.3275,16.8724,20.9836,8.68,25,7,2/9/2022,8/12/2025,97,36514.73,26839.05,9675.68,0.264980187,1460.5892,183.24,1.288117744,1.127561046,1280,51.2,7.12334114,7,0.28,27,25,36514.73,4,4,4,444,36514.73,32602.4375,138,1.2418,2,25.0568,31.4934,3.871,135.119,8085.0377,44.4233,52.5528,0.533,129,0.934782609,0.533,1.2418,1.256880368,Platinum,5
CUST725,9460.16,165.9677,76.6548,57,161.9,71.43,429.04,5421.0,95.1053,44.2403,100.0,9600,168.4211,71.1083,200.0,100,400,0.9761,0.1202,0.7143,1.1741,1.0175,0.5588,0.0525,0.58,35,3,1/6/2022,8/19/2025,57,9460.16,5421.0,4039.16,0.426965294,270.2902857,274.2857143,0.123143121,0.422205413,1321,37.74285714,9.663388805,3,0.085714286,20,35,9460.16,4,4,3,443,9460.16,15766.93333,78,1.2277,2,1.0584,0.1649,0.7143,1.5872,17455.42,172.8259,71.4902,0.5644,76,0.974358974,0.5644,1.2277,0.155801209,Platinum,5
CUST726,2460.18,307.5225,188.1074,8,319.92,98.86,597.73,1448.7,181.0875,114.2136,195.15,32,4.0,3.0706,4.5,1,10,90.4421,27.2734,50.0,119.55,98.8612,52.4775,18.1645,51.3,5,3,2/17/2022,9/6/2022,8,2460.18,1448.7,1011.48,0.411140648,492.036,6.4,0.301556465,0.76765,201,40.2,9.034653465,3,0.6,1098,5,2460.18,1,2,2,122,2460.18,11.19281165,8,1.1111,2,88.9681,25.8923,50.0,119.55,37.0,4.1111,2.8916,0.8889,9,1.125,0.8889,1.1111,0.291029032,Diamond,4
CUST727,2538.6,66.8053,106.5226,38,17.26,1.67,307.0,1406.91,37.0239,58.8446,12.94,20320,534.7368,667.0343,420.0,8,2000,0.2196,0.2088,0.0334,0.6219,0.1282,0.1558,0.1698,0.0376,7,5,3/23/2022,9/5/2025,38,2538.6,1406.91,1131.69,0.445792957,362.6571429,2902.857143,0.950819672,1.247406762,1262,180.2857143,2.022961203,5,0.714285714,3,7,2538.6,5,2,2,522,2538.6,4442.55,57,1.1857,2,0.2501,0.2267,0.0334,0.7311,32773.473,468.1925,603.1071,0.5429,45,0.789473684,0.5429,1.1857,0.906437425,Platinum,5
CUST728,48942.06,265.9895,382.2399,184,73.7,1.31,1669.0,23554.84,128.0154,200.2612,32.115,185903,1010.3424,1703.0162,500.0,1,10000,2.1005,8.7517,0.02,64.3433,0.1669,1.144,4.9325,0.0878,99,38,1/4/2022,9/2/2025,184,48942.06,23554.84,25387.22,0.51871989,494.3642424,1877.808081,4.16648417,1.685583224,1337,13.50505051,27.00672646,38,0.383838384,6,99,48942.06,5,5,4,554,48942.06,692180.5629,269,1.2401,2,1.7461,7.4901,0.02,64.3433,346935.4193,980.0436,1607.2948,0.5198,242,0.899628253,0.5198,1.2401,4.28961686,Platinum,5
CUST729,5078.98,108.0634,142.7534,47,55.5,1.13,599.0,3953.99,84.1274,125.1019,33.3,1303,27.7234,39.1756,1.0,1,100,92.6675,149.6556,0.0113,599.0,12.02,75.5681,129.1301,7.15,15,47,2/25/2022,8/26/2025,47,5078.98,3953.99,1124.99,0.221499199,338.5986667,86.86666667,1.614973966,1.413087861,1278,85.2,4.280688038,47,3.133333333,13,15,5078.98,5,3,3,533,5078.98,5441.764286,67,1.2024,2,104.4566,155.0046,0.0113,599.0,1960.4574,23.3388,37.403,0.5595,58,0.865671642,0.5595,1.2024,1.483913893,Platinum,5
CUST73,254771.99,540.9172,1043.7907,471,225.75,2.61,11520.75,176050.88,373.7811,710.4545,147.52,729627,1549.1019,3776.1552,14.0,1,30000,79.124,68.8731,1.0733,333.62,57.17,53.906,46.445,40.0,141,83,6/16/2022,9/4/2025,471,254771.99,176050.88,78721.11,0.308986518,1806.893546,5174.659574,0.870445124,2.437641578,1176,8.340425532,43.72557349,83,0.588652482,4,141,254771.99,5,5,5,555,254771.99,7184570.118,687,1.2166,2,88.354,76.4572,1.0733,477.0851,1291600.241,1472.7483,3887.5592,0.5371,607,0.883551674,0.5371,1.2166,0.865350748,Platinum,5
CUST730,3596.1,112.3781,152.6194,32,50.735,3.61,745.0,2756.81,86.1503,127.7162,32.95,690,21.5625,89.086,1.0,1,500,78.3613,99.7286,0.0442,439.0,31.19,61.0821,84.5157,19.568,10,29,4/8/2022,11/11/2022,32,3596.1,2756.81,839.29,0.233388949,359.61,69.0,1.272676691,4.131524638,217,21.7,16.74311927,29,2.9,1032,10,3596.1,1,3,3,133,3596.1,34.81219748,47,1.1132,2,93.7696,123.5863,0.0442,487.0413,1540.2339,29.061,101.1468,0.6038,35,0.744680851,0.6038,1.1132,1.317978321,Diamond,4
CUST731,1909.32,45.46,63.5042,42,26.375,1.87,340.0,1406.39,33.4855,55.4551,16.505,1133,26.9762,40.9184,1.0,1,100,36.935,65.8843,0.0253,340.0,15.99,28.6035,56.776,10.075,9,41,5/13/2022,2/26/2025,42,1909.32,1406.39,502.93,0.263407915,212.1466667,125.8888889,1.783790443,1.516833357,1020,113.3333333,3.217433888,41,4.555555556,194,9,1909.32,3,3,2,332,1909.32,88.12246154,62,1.1842,2,36.6096,72.9066,0.0253,440.8367,2341.7416,30.8124,42.3195,0.5526,52,0.838709677,0.5526,1.1842,1.991461256,Platinum,5
CUST732,16788.42,524.6381,785.9214,32,217.76,17.26,3069.09,10912.08,341.0025,458.5154,160.105,2828,88.375,250.9872,8.0,1,1011,138.5129,356.6089,0.0668,1986.92,37.516,96.4359,223.8108,30.621,16,29,1/31/2022,10/12/2022,32,16788.42,10912.08,5876.34,0.350023409,1049.27625,176.75,2.574553706,2.840024894,254,15.875,22.90196078,29,1.8125,1062,16,16788.42,1,3,4,134,16788.42,252.6949389,44,1.2542,2,269.7986,579.1238,0.0668,2161.8346,6192.4477,104.9567,284.088,0.5424,44,1.0,0.5424,1.2542,2.146504096,Diamond,4
CUST733,4210.95,526.3688,327.3748,8,399.65,232.56,1072.6,2607.0,325.875,204.2761,238.9,15,1.875,1.7269,1.0,1,6,396.75,115.0426,232.56,536.3,399.65,245.325,73.0023,238.9,3,5,1/9/2024,11/12/2024,8,4210.95,2607.0,1603.95,0.380899797,1403.65,5.0,0.289962445,0.921013333,308,102.6666667,3.54368932,5,1.666666667,300,3,4210.95,3,2,3,323,4210.95,41.96960133,13,1.1875,2,391.3479,111.1428,232.56,590.5615,28.1059,1.7566,1.6908,0.5,10,0.769230769,0.5,1.1875,0.283999991,Diamond,4
CUST734,2809.83,36.4913,64.8332,77,12.25,0.63,398.0,1945.53,25.2666,52.7552,7.34,5901,76.6364,48.55,100.0,1,200,16.2815,51.9272,0.0077,229.0,0.1311,12.9374,42.0198,0.08,7,66,3/22/2022,4/24/2025,77,2809.83,1945.53,864.3,0.30759868,401.4042857,843.0,3.189337592,0.633510969,1129,161.2857143,2.261061947,66,9.428571429,137,7,2809.83,3,2,2,322,2809.83,142.5276087,97,1.1917,2,16.45,55.6718,0.0077,309.7811,9530.1061,79.4176,50.1445,0.6417,95,0.979381443,0.6417,1.1917,3.384303951,Platinum,5
CUST735,43619.91,2180.9955,1586.8466,20,1817.415,249.02,6196.95,25639.64,1281.982,858.9274,1051.04,907,45.35,42.4379,30.0,4,125,96.524,97.7217,8.0097,364.5265,84.2633,57.1847,54.8023,49.47,15,4,1/5/2022,6/3/2025,20,43619.91,25639.64,17980.27,0.412203281,2907.994,60.46666667,1.012408313,0.935786108,1245,83.0,4.394060995,4,0.266666667,97,15,43619.91,3,3,4,334,43619.91,6676.516837,36,1.1628,2,111.9849,110.922,8.0097,458.207,1657.097,38.5371,38.6368,0.4651,26,0.722222222,0.4651,1.1628,0.990508542,Platinum,5
CUST736,3102.04,193.8775,181.1462,16,142.605,5.63,585.0,1582.28,98.8925,101.3625,48.71,20716,1294.75,3398.9284,40.0,1,10000,29.9897,65.8893,0.0585,239.0,2.5464,17.9951,41.2089,0.8743,14,12,7/26/2022,3/3/2025,16,3102.04,1582.28,1519.76,0.489922761,221.5742857,1479.714286,2.197064325,2.625161923,951,67.92857143,5.367647059,12,0.857142857,189,14,3102.04,3,3,2,332,3102.04,228.5713684,21,1.2222,2,44.8009,79.4076,0.0585,274.7972,20982.5287,777.1307,2658.9603,0.5926,22,1.047619048,0.5926,1.2222,1.772455464,Platinum,5
CUST737,4337.78,78.8687,143.394,55,28.99,1.78,849.0,3206.39,58.298,113.0368,17.06,1032,18.7636,33.8537,1.0,1,140,63.4891,140.9576,0.0645,849.0,19.04,48.5794,110.8483,12.13,14,53,3/7/2022,4/23/2025,55,4337.78,3206.39,1131.39,0.260822356,309.8414286,73.71428571,2.220185827,1.804222004,1143,81.64285714,4.466783217,53,3.785714286,138,14,4337.78,3,3,3,333,4337.78,436.898705,74,1.2371,2,66.1916,152.9388,0.0645,928.8765,2048.4384,21.1179,36.8402,0.567,71,0.959459459,0.567,1.2371,2.310546958,Platinum,5
CUST738,216.55,54.1375,93.6924,4,8.85,4.32,194.53,191.83,47.9575,85.1161,7.065,26,6.5,4.1231,7.0,2,10,14.0466,23.2452,0.432,48.6325,3.561,12.5631,21.0394,3.0825,4,3,2/11/2022,10/23/2023,4,216.55,191.83,24.72,0.114153775,54.1375,6.5,1.654863099,0.634323077,619,154.75,2.35483871,3,0.75,686,4,216.55,2,2,1,221,216.55,1.26084425,5,1.1667,2,9.5306,19.3171,0.432,48.6325,47.2682,7.878,3.8624,0.6667,5,1.0,0.6667,1.1667,2.026850356,Diamond,4
CUST739,1138.84,94.9033,85.2875,12,62.93,45.33,324.09,27440.82,2286.735,2029.6727,1533.195,538915,44909.5833,38520.4002,33675.0,2136,124649,0.0042,0.0062,0.0011,0.0233,0.0021,0.1027,0.1498,0.0498,1,12,12/5/2022,12/5/2022,12,1138.84,27440.82,-26301.98,-23.09541288,1138.84,538915.0,1.476190476,0.857732301,0,0.0,365.0,12,12.0,1008,1,1138.84,1,1,2,112,1138.84,1.128681863,16,1.2,2,0.0047,0.0067,0.0011,0.0247,921296.261,46064.8131,37336.3662,0.6,16,1.0,0.6,1.2,1.425531915,Diamond,4
CUST74,140124.13,295.6205,399.0695,474,116.95,7.35,2531.68,91492.45,193.022,263.3595,71.2,99016,208.8945,1235.9837,12.0,1,12000,76.1477,109.7263,0.32,410.525,20.5867,50.3502,76.0904,12.97,265,53,1/5/2022,9/8/2025,474,140124.13,91492.45,48631.68,0.347061423,528.7703019,373.645283,1.4409667,5.91678431,1342,5.064150943,72.02159345,53,0.2,0,265,140124.13,5,5,5,555,140124.13,37132894.45,690,1.2132,2,85.7907,120.6369,0.32,477.7265,177929.422,202.8842,1223.8208,0.5405,602,0.872463768,0.5405,1.2132,1.406176893,Platinum,5
CUST740,4855.7,255.5632,280.9592,19,140.98,19.0,1013.05,2723.77,143.3563,163.221,69.38,132,6.9474,6.7204,4.0,1,20,58.2544,74.5513,5.6313,350.735,39.3688,32.1632,42.3747,23.12,9,7,2/10/2022,2/11/2025,19,4855.7,2723.77,2131.93,0.439057191,539.5222222,14.66666667,1.279753976,0.967325906,1097,121.8888889,2.991803279,7,0.777777778,209,9,4855.7,3,3,3,333,4855.7,208.1014286,27,1.1562,2,60.6877,82.5901,5.6313,373.5449,233.8402,7.3075,7.1755,0.5938,23,0.851851852,0.5938,1.1562,1.360903445,Platinum,5
CUST741,1198.89,108.99,57.2885,11,92.07,57.05,231.0,1013.74,92.1582,45.9048,76.85,144,13.0909,14.3907,8.0,1,48,19.054,16.2972,3.3124,57.32,20.2667,16.623,14.6578,18.24,1,11,1/7/2022,2/14/2022,11,1198.89,1013.74,185.15,0.154434519,1198.89,144.0,0.855316469,1.099290347,38,38.0,9.358974359,11,11.0,1302,1,1198.89,1,1,2,112,1198.89,0.92009977,16,1.2727,2,21.1454,18.0906,3.3124,73.4943,261.7687,11.8986,12.0967,0.5,14,0.875,0.5,1.2727,0.855533591,Diamond,4
CUST742,1545.62,118.8938,125.8591,13,79.0,5.31,373.92,974.98,74.9985,72.4227,63.0,369,28.3846,82.0371,1.0,1,300,56.343,62.945,0.2391,190.0,27.69,37.6239,40.995,18.0,2,13,1/17/2022,9/20/2022,13,1545.62,974.98,570.64,0.369198121,772.81,184.5,1.117175159,2.890197501,246,123.0,2.955465587,13,6.5,1084,2,1545.62,1,1,2,112,1545.62,2.849069124,19,1.24,2,73.3927,75.6929,0.2391,251.7951,410.702,16.4281,59.5031,0.52,18,0.947368421,0.52,1.24,1.031340992,Diamond,4
CUST743,21358.93,192.4228,249.6393,111,119.0,1.01,1596.0,15986.01,144.0181,206.6144,79.92,629,5.6667,10.5152,1.0,1,72,114.1225,145.6348,0.2525,849.0,49.99,87.9643,119.8425,36.5,23,83,1/31/2022,12/19/2024,111,21358.93,15986.01,5372.92,0.2515538,928.6491304,27.34782609,1.276126969,1.855612614,1053,45.7826087,7.964895636,83,3.608695652,263,23,21358.93,3,4,4,344,21358.93,1860.815871,167,1.1932,2,116.1823,145.8987,0.2525,849.0,1074.6793,5.1917,10.1135,0.5362,138,0.826347305,0.5362,1.1932,1.2557739,Platinum,5
CUST744,6758.19,116.5205,150.3874,58,56.705,2.79,799.0,5032.4,86.7655,120.6927,35.81,473,8.1552,29.9999,1.0,1,200,107.1585,149.8603,0.1187,799.0,43.3175,80.8157,120.8956,27.7875,17,57,3/3/2022,6/25/2025,58,6758.19,5032.4,1725.79,0.255362752,397.5405882,27.82352941,1.398491954,3.678622229,1210,71.17647059,5.123864575,57,3.352941176,75,17,6758.19,4,3,3,433,6758.19,1511.700395,91,1.1947,2,121.8948,174.8993,0.1187,873.0567,1184.9067,10.4859,34.3697,0.5133,71,0.78021978,0.5133,1.1947,1.434838073,Platinum,5
CUST745,9014.4,69.8791,204.3971,129,19.99,1.16,2099.99,6850.77,53.1067,164.1851,11.62,1791,13.8837,36.9268,1.0,1,200,61.6059,205.6714,0.0338,2099.99,12.6,48.1979,165.0246,7.98,22,119,1/19/2022,6/20/2025,129,9014.4,6850.77,2163.63,0.240019302,409.7454545,81.40909091,3.338501669,2.659723273,1248,56.72727273,6.429143315,119,5.409090909,80,22,9014.4,4,4,3,443,9014.4,2448.355556,193,1.2154,2,53.4467,160.4367,0.0338,2099.99,2927.1285,11.8989,33.8456,0.5244,166,0.860103627,0.5244,1.2154,3.001807408,Platinum,5
CUST746,4375.32,53.3576,113.3527,82,11.825,0.86,449.0,3262.7,39.789,97.2511,7.415,2257,27.5244,68.2726,6.0,1,400,41.9547,115.4146,0.0527,449.0,1.72,34.1298,98.45,0.9375,19,64,4/18/2022,8/20/2024,82,4375.32,3262.7,1112.62,0.254294543,230.28,118.7894737,2.750933745,2.480439174,855,45.0,8.101635514,64,3.368421053,384,19,4375.32,2,3,3,233,4375.32,215.9248831,116,1.1944,2,42.684,122.2549,0.0527,551.7449,4517.9564,31.3747,70.5041,0.5694,101,0.870689655,0.5694,1.1944,2.864185643,Platinum,5
CUST747,4080.9,102.0225,104.4553,40,62.5,2.15,461.98,3225.0,80.625,90.7848,42.25,242,6.05,12.0319,1.0,1,50,78.8362,81.9357,0.2936,249.0,43.985,63.5833,71.4523,31.21,10,38,7/29/2022,1/24/2025,40,4080.9,3225.0,855.9,0.209733147,408.09,24.2,1.039315695,1.988743802,910,91.0,4.006586169,38,3.8,227,10,4080.9,3,3,3,333,4080.9,178.9868421,54,1.1692,2,91.3086,90.7836,0.2936,289.0968,384.9869,5.9229,12.6854,0.6154,49,0.907407407,0.6154,1.1692,0.994250268,Platinum,5
CUST748,2316.26,110.2981,106.4795,21,81.01,24.0,399.0,1598.87,76.1367,88.8369,48.61,82,3.9048,5.7437,2.0,1,25,83.6077,117.8201,2.8168,399.0,37.34,61.3557,95.6261,22.405,9,17,6/23/2022,6/27/2025,21,2316.26,1598.87,717.39,0.309719116,257.3622222,9.111111111,1.409201545,1.47093321,1100,122.2222222,2.983651226,17,1.888888889,73,9,2316.26,4,3,2,432,2316.26,281.7072973,27,1.25,2,84.4412,120.0591,2.8168,464.379,136.6063,3.7946,5.9135,0.5833,29,1.074074074,0.5833,1.25,1.421807127,Platinum,5
CUST749,3783.1,135.1107,115.0179,28,115.22,2.16,399.0,2919.18,104.2564,99.4115,74.0,181,6.4643,8.1717,1.0,1,25,107.9292,114.0465,0.108,399.0,61.9075,83.7441,96.0344,45.41,14,27,10/20/2022,8/20/2025,28,3783.1,2919.18,863.92,0.228362983,270.2214286,12.92857143,1.056678823,1.264127593,1035,73.92857143,4.932432432,27,1.928571429,19,14,3783.1,4,3,3,433,3783.1,2648.17,37,1.119,2,105.2005,112.9496,0.108,399.0,293.5744,6.9899,8.3367,0.6667,32,0.864864865,0.6667,1.119,1.073660296,Platinum,5
CUST75,90219.95,187.9582,441.7454,480,66.785,0.21,6556.0,71570.41,149.105,368.4589,45.075,1283,2.6729,7.061,1.0,1,100,125.2459,247.5571,0.021,2999.0,35.25,99.7795,205.5376,23.39,191,284,1/6/2022,8/14/2025,480,90219.95,71570.41,18649.54,0.20671193,472.3557592,6.717277487,1.976568494,2.641700026,1316,6.890052356,52.93470008,284,1.486910995,25,191,90219.95,4,5,5,455,90219.95,662769.6327,685,1.2198,2,138.5743,260.7866,0.021,2999.0,2524.8683,2.8757,7.7738,0.5467,612,0.893430657,0.5467,1.2198,1.881926158,Gold,3
CUST750,4418.86,92.0596,106.146,48,60.47,10.06,476.0,3042.9,63.3938,76.9738,39.05,447,9.3125,18.4612,1.0,1,100,49.6558,71.42,1.19,373.5,24.47,33.9945,49.0252,14.6083,19,42,4/11/2022,4/7/2025,48,4418.86,3042.9,1375.96,0.311383479,232.5715789,23.52631579,1.438301266,1.982410738,1092,57.47368421,6.344922232,42,2.210526316,154,19,4418.86,3,3,3,333,4418.86,541.6667097,70,1.1463,2,51.0705,72.6458,1.19,392.2467,695.7516,8.4848,16.2519,0.5854,57,0.814285714,0.5854,1.1463,1.422461108,Platinum,5
CUST751,97159.81,698.9914,1891.0154,139,249.0,4.68,17980.0,73868.4,531.4273,1556.1314,169.08,12285,88.3813,331.0984,6.0,1,2000,115.1764,148.4666,0.0872,899.0,42.33,88.5294,122.3463,25.4,60,81,1/17/2022,1/6/2025,139,97159.81,73868.4,23291.41,0.23972268,1619.330167,204.75,1.289036643,3.746249489,1085,18.08333333,20.16574586,81,1.35,245,60,97159.81,3,4,5,345,97159.81,23697.51463,203,1.2192,2,124.6643,179.7074,0.0872,1154.3471,23268.6711,89.4949,320.1558,0.5346,179,0.881773399,0.5346,1.2192,1.441530575,Platinum,5
CUST752,6365.67,106.0945,139.6289,60,59.985,4.48,749.0,4833.15,80.5525,117.2448,36.465,364,6.0667,18.4922,1.0,1,100,98.2122,143.1404,0.1725,749.0,27.84,76.1139,119.3442,18.545,15,51,7/13/2022,8/18/2025,60,6365.67,4833.15,1532.52,0.240747635,424.378,24.26666667,1.457460478,3.048148087,1132,75.46666667,4.832303619,51,3.4,21,15,6365.67,4,3,3,433,6365.67,4340.229545,80,1.1753,2,97.3429,139.4066,0.1725,749.0,537.9084,5.5454,15.4815,0.6186,74,0.925,0.6186,1.1753,1.432118829,Platinum,5
CUST753,14671.14,163.0127,180.1685,90,129.865,1.64,1196.0,10903.68,121.152,140.907,81.74,273,3.0333,5.9198,1.0,1,40,136.3934,144.0857,0.3185,699.0,99.5,103.1252,113.5111,63.82,57,73,1/7/2022,8/9/2024,90,14671.14,10903.68,3767.46,0.256793951,257.3884211,4.789473684,1.05639789,1.951603864,945,16.57894737,21.99260042,73,1.280701754,395,57,14671.14,2,4,4,244,14671.14,2111.755,126,1.2222,2,154.0338,170.2624,0.3185,772.5224,465.2562,2.872,5.2438,0.5556,116,0.920634921,0.5556,1.2222,1.105357396,Platinum,5
CUST754,4524.88,119.0758,233.5762,38,34.35,1.46,1193.75,2299.19,60.505,103.9387,21.465,2380,62.6316,331.6913,1.0,1,2050,66.5781,148.9107,0.1278,783.22,18.855,45.4244,101.7929,11.98,17,33,1/18/2022,6/10/2024,38,4524.88,2299.19,2225.69,0.491878238,266.1694118,140.0,2.236631865,5.295909732,874,51.41176471,7.091428571,33,1.941176471,455,17,4524.88,2,3,3,233,4524.88,168.6907018,56,1.2222,2,64.1955,135.1244,0.1278,783.22,2555.7573,35.4966,241.3407,0.5278,50,0.892857143,0.5278,1.2222,2.104888972,Platinum,5
CUST755,425515.29,1780.3987,4030.1184,239,359.94,2.58,28134.0,338488.88,1416.2715,3218.2286,286.0,1604,6.7113,17.5546,2.0,1,125,398.6068,727.36,1.29,4899.0,199.0,316.1957,580.2493,159.0,64,154,2/24/2022,5/9/2025,239,425515.29,338488.88,87026.41,0.204520054,6648.676406,25.0625,1.824755624,2.615678036,1170,18.28125,19.94876174,154,2.40625,122,64,425515.29,3,4,5,345,425515.29,221406.3298,342,1.2297,2,409.1995,775.4863,1.29,5877.7838,2944.5676,6.6319,17.8156,0.5383,304,0.888888889,0.5383,1.2297,1.895130126,Platinum,5
CUST756,4216.66,113.9638,164.2359,37,63.99,8.49,897.0,2973.16,80.3557,123.6356,35.2,89,2.4054,4.1127,1.0,1,25,82.6094,90.886,2.2283,299.0,23.6,58.4846,69.0473,15.2,15,32,2/1/2022,12/3/2024,37,4216.66,2973.16,1243.5,0.294901652,281.1106667,5.933333333,1.100189567,1.709778,1036,69.06666667,5.279652845,32,2.133333333,279,15,4216.66,3,3,3,333,4216.66,225.8925,61,1.2078,2,80.6019,93.7701,2.2283,347.7318,174.9035,2.2715,3.9574,0.4805,44,0.721311475,0.4805,1.2078,1.16337332,Platinum,5
CUST757,942.31,72.4854,82.0407,13,57.22,9.95,249.0,671.67,51.6669,67.2085,34.33,160,12.3077,26.7033,4.0,1,100,48.4286,90.2562,0.1539,249.0,6.0858,36.9555,72.6143,3.53,9,11,3/24/2022,5/23/2024,13,942.31,671.67,270.64,0.287209093,104.7011111,17.77777778,1.863696246,2.169641769,791,87.88888889,4.147727273,11,1.222222222,473,9,942.31,2,3,2,232,942.31,17.89196203,19,1.2963,2,70.8042,111.5791,0.1539,335.4765,322.2673,11.9358,25.7261,0.4815,19,1.0,0.4815,1.2963,1.575882504,Platinum,5
CUST758,53188.33,648.6382,920.5649,82,433.0,2.0,7500.0,43183.04,526.6224,749.7295,342.485,373,4.5488,6.1927,3.0,1,50,202.6175,162.5234,0.1538,665.0,183.03,165.3995,136.0704,147.18,34,52,2/24/2022,6/9/2025,82,53188.33,43183.04,10005.29,0.188110625,1564.362647,10.97058824,0.802119264,1.361392015,1201,35.32352941,10.32445923,52,1.529411765,91,34,53188.33,4,4,4,444,53188.33,19656.55674,110,1.2254,2,223.0905,167.2604,0.1538,834.9794,571.2916,4.0232,5.2583,0.5775,105,0.954545455,0.5775,1.2254,0.749742369,Platinum,5
CUST759,22253.31,1171.2268,1192.6121,19,758.2,54.62,3929.6,8465.51,445.5532,442.1275,272.09,342,18.0,16.5764,12.0,1,50,60.9676,13.9826,28.8292,93.5621,63.18,23.7561,3.8428,25.6126,15,2,1/6/2022,3/27/2024,19,22253.31,8465.51,13787.8,0.619584233,1483.554,22.8,0.229344767,0.920911111,811,54.06666667,6.742610837,2,0.133333333,530,15,22253.31,2,3,4,234,22253.31,628.6245763,29,1.2162,2,64.3942,15.9397,28.8292,105.3872,690.5766,18.6642,18.2948,0.5135,24,0.827586207,0.5135,1.2162,0.247533163,Diamond,4
CUST76,1415107.84,115.3871,237.1691,12264,51.985,0.05,14912.5,1103497.16,89.9786,199.5439,36.5,95709,7.8041,107.4608,1.0,1,10233,98.3133,142.7093,0.0112,3499.0,39.0,77.3172,118.7409,25.67,5797,2817,1/3/2022,9/8/2025,12264,1415107.84,1103497.16,311610.68,0.22020278,244.1103743,16.51009143,1.451576745,13.76978768,1344,0.231844057,1573.163569,2817,0.485941004,0,5797,1415107.84,5,5,5,555,1415107.84,8203380148.0,17825,1.2205,2,106.8144,157.1317,0.0112,4014.6661,165004.8598,7.2159,102.6084,0.5363,15672,0.879214586,0.5363,1.2205,1.471072252,Bronze,1
CUST760,1410.66,117.555,93.9025,12,94.315,4.68,275.14,939.01,78.2508,69.7535,55.42,477,39.75,30.9813,50.0,1,110,4.0169,3.2324,1.1258,13.6133,3.5995,2.5435,1.8721,2.145,10,11,1/14/2022,7/5/2023,12,1410.66,939.01,471.65,0.334347043,141.066,47.7,0.804700142,0.779403774,537,53.7,6.784386617,11,1.1,796,10,1410.66,2,3,2,232,1410.66,17.69962359,21,1.3,2,3.6441,2.2643,1.1258,13.6133,1508.9881,50.2996,36.4602,0.4,15,0.714285714,0.4,1.3,0.621360555,Diamond,4
CUST761,15180.66,83.4102,117.6169,182,43.05,1.82,864.94,8702.55,47.8162,84.1835,22.385,22342,122.7582,203.9819,50.0,1,1310,21.1535,75.971,0.031,579.0,1.0955,13.8128,57.779,0.5638,73,97,1/14/2022,9/4/2025,182,15180.66,8702.55,6478.11,0.426734411,207.9542466,306.0547945,3.591415132,1.661656003,1329,18.20547945,20.03383459,97,1.328767123,4,73,15180.66,5,4,4,544,15180.66,221637.636,270,1.2373,2,19.281,63.8901,0.031,579.0,47095.3913,133.0378,223.9666,0.5141,239,0.885185185,0.5141,1.2373,3.313629998,Platinum,5
CUST762,3005.17,176.7747,283.0151,17,67.35,9.94,1103.55,2614.94,153.82,238.5907,47.15,6884,404.9412,711.9818,200.0,3,3000,2.0273,3.5179,0.0195,10.9767,0.2743,1.9266,3.0891,0.22,1,15,11/10/2023,12/11/2023,17,3005.17,2614.94,390.23,0.129852887,3005.17,6884.0,1.735263651,1.758235023,31,31.0,11.40625,15,15.0,637,1,3005.17,2,1,2,212,3005.17,4.710297806,22,1.2143,2,2.5054,4.153,0.0195,14.3363,8903.9381,317.9978,564.9784,0.6071,23,1.045454545,0.6071,1.2143,1.657619542,Diamond,4
CUST763,8018.55,200.4638,343.347,40,81.82,1.36,2125.0,6517.58,162.9395,293.2579,57.0,113,2.825,5.5465,1.0,1,25,198.8542,344.2384,0.068,2125.0,81.82,162.0257,293.755,57.0,23,34,5/20/2022,9/8/2025,40,8018.55,6517.58,1500.97,0.18718721,348.6326087,4.913043478,1.731109526,1.963362832,1207,52.47826087,6.949503311,34,1.47826087,0,23,8018.55,5,4,3,543,8018.55,184426.65,56,1.1765,2,204.3207,287.9402,0.068,2125.0,160.9995,2.3676,4.8363,0.5882,47,0.839285714,0.5882,1.1765,1.409256135,Platinum,5
CUST764,25662.97,208.642,469.4619,123,61.44,1.67,2417.12,17288.21,140.5546,379.782,29.83,28119,228.6098,271.9846,132.0,1,2250,2.519,9.2883,0.0293,94.475,0.6667,1.5083,5.436,0.3092,39,49,1/6/2022,6/18/2025,123,25662.97,17288.21,8374.76,0.326336352,658.0248718,721.0,3.687296546,1.189732899,1259,32.28205128,11.29761905,49,1.256410256,82,39,25662.97,4,4,4,444,25662.97,12058.50398,178,1.2489,2,2.2797,7.4032,0.0293,94.475,56176.774,237.0328,251.6537,0.519,167,0.938202247,0.519,1.2489,3.247444839,Platinum,5
CUST765,1191.65,99.3042,142.9112,12,45.71,3.92,489.0,853.37,71.1142,101.8076,28.415,493,41.0833,75.6625,1.0,1,250,79.9822,149.2546,0.0424,489.0,3.92,56.8986,106.1586,2.35,3,12,12/28/2022,12/11/2023,12,1191.65,853.37,338.28,0.283875299,397.2166667,164.3333333,1.866097707,1.841685064,348,116.0,3.137535817,12,4.0,637,3,1191.65,2,2,2,222,1191.65,5.603369906,16,1.2,2,52.8704,119.1568,0.0424,489.0,522.6571,26.1329,60.6327,0.6,14,0.875,0.6,1.2,2.253752572,Diamond,4
CUST766,4669.25,74.1151,66.7529,63,55.58,1.6,411.2,2634.12,41.8114,46.7673,26.74,2042,32.4127,31.5767,20.0,1,100,21.9023,57.2244,0.0602,411.2,2.5088,13.1716,40.8463,1.3688,18,39,1/31/2022,8/29/2023,63,4669.25,2634.12,2035.13,0.435858007,259.4027778,113.4444444,2.612711907,0.974207641,575,31.94444444,11.40625,39,2.166666667,741,18,4669.25,2,3,3,233,4669.25,113.2702156,105,1.2045,2,29.765,88.4921,0.0602,483.6797,4459.1458,33.7814,33.2031,0.4773,78,0.742857143,0.4773,1.2045,2.973025365,Platinum,5
CUST767,85460.14,1055.0635,1325.1022,81,538.38,1.03,5986.52,66931.78,826.3183,1025.4301,444.76,8396,103.6543,230.1646,50.0,10,2000,14.8722,11.59,0.0244,54.07,13.5375,11.4577,7.8309,10.83,53,18,1/4/2022,2/18/2025,81,85460.14,66931.78,18528.36,0.21680704,1612.455472,158.4150943,0.779306357,2.220502189,1141,21.52830189,16.93957968,18,0.339622642,202,53,85460.14,3,4,5,345,85460.14,22312.2533,109,1.2378,2,15.65,11.7215,0.0244,67.3783,16081.5527,112.4584,245.5846,0.5664,111,1.018348624,0.5664,1.2378,0.748977636,Platinum,5
CUST768,8584.25,75.3004,205.1227,114,27.93,0.93,1890.0,4803.51,42.1361,104.7633,15.49,1661,14.5702,67.9591,2.0,1,700,19.9094,22.0514,0.0135,132.6,13.035,11.6777,12.332,8.17,99,29,1/3/2022,8/8/2025,114,8584.25,4803.51,3780.74,0.440427527,86.70959596,16.77777778,1.107587371,4.664253064,1313,13.26262626,27.5,29,0.292929293,31,99,8584.25,4,5,3,453,8584.25,26557.52344,166,1.2243,2,19.327,20.1256,0.0135,132.6,3653.4038,17.072,75.1323,0.5327,148,0.891566265,0.5327,1.2243,1.041320433,Platinum,5
CUST769,816.79,136.1317,114.1135,6,82.0,44.51,287.0,522.42,87.07,70.6773,51.66,9,1.5,0.8367,1.0,1,3,121.6931,123.642,15.9833,287.0,54.6675,77.8133,77.0523,34.44,6,3,1/12/2022,6/23/2022,6,816.79,522.42,294.37,0.360398634,136.1316667,1.5,1.016014877,0.5578,162,27.0,13.43558282,3,0.5,1173,6,816.79,1,2,2,122,816.79,4.17439523,8,1.2727,2,112.4421,114.5224,15.9833,305.5575,17.9214,1.6292,0.9024,0.5455,8,1.0,0.5455,1.2727,1.018501077,Diamond,4
CUST77,380697.34,237.3425,415.0041,1604,117.84,0.04,6359.45,238618.23,148.7645,246.1735,81.9,1613949,1006.2026,2784.9657,400.0,1,50000,15.9036,37.979,0.0049,746.05,0.2355,11.7588,28.8194,0.1612,1088,198,1/4/2022,10/3/2024,1604,380697.34,238618.23,142079.11,0.37320752,349.9056434,1483.409007,2.388075656,2.767798155,1003,0.921875,395.5378486,198,0.181985294,340,1088,380697.34,3,5,5,355,380697.34,1214658.962,2300,1.2232,2,17.147,41.6911,0.0049,800.1735,2931078.747,989.8949,2741.9756,0.5417,2045,0.889130435,0.5417,1.2232,2.431393247,Gold,3
CUST770,61280.31,282.3977,503.1961,217,106.91,0.42,3749.2,33746.59,155.5142,278.2141,60.24,16901,77.8848,296.1954,12.0,1,2600,23.1782,34.4917,0.008,140.9225,7.1633,12.8358,18.4405,3.67,93,75,1/4/2022,8/11/2025,217,61280.31,33746.59,27533.72,0.449307779,658.9280645,181.7311828,1.488109517,3.802993652,1315,14.13978495,25.79407295,75,0.806451613,28,93,61280.31,4,5,5,455,61280.31,196519.6148,309,1.2217,2,22.327,34.4576,0.008,147.1293,32708.2382,82.3885,301.5706,0.5466,278,0.899676375,0.5466,1.2217,1.543315269,Platinum,5
CUST771,3725.28,620.88,752.3631,6,259.68,38.59,1932.93,2544.4,424.0667,525.1838,164.725,37,6.1667,4.7504,5.0,1,15,111.4611,127.6506,25.968,276.14,32.279,75.7372,89.6859,18.83,4,3,1/6/2022,5/26/2022,6,3725.28,2544.4,1180.88,0.316990938,931.32,9.25,1.145247983,0.770330971,140,35.0,10.35460993,3,0.75,1201,4,3725.28,1,2,3,123,3725.28,12.39693844,6,1.25,2,134.2887,145.5229,25.968,367.4812,49.0,6.125,4.051,0.75,8,1.333333333,0.75,1.25,1.083657076,Diamond,4
CUST772,7244.05,658.55,506.0434,11,697.45,220.07,1815.96,4090.52,371.8655,305.2568,376.8,149,13.5455,18.8434,6.0,2,55,82.6224,32.4772,24.9206,120.72,81.56,43.0945,15.572,43.02,9,3,2/9/2022,12/3/2024,11,7244.05,4090.52,3153.53,0.435326923,804.8944444,16.55555556,0.393079843,1.391118822,1028,114.2222222,3.192419825,3,0.333333333,279,9,7244.05,3,3,3,333,7244.05,232.8444643,15,1.25,2,82.9928,35.3202,24.9206,135.7782,326.7389,16.3369,19.8695,0.55,16,1.066666667,0.55,1.25,0.425581496,Platinum,5
CUST773,3784.37,114.6779,28.8431,33,116.98,86.75,260.26,2327.07,70.5173,20.0303,70.19,35,1.0606,0.3482,1.0,1,3,109.4201,12.8635,86.75,121.02,116.98,67.0712,9.05,70.19,33,1,1/21/2022,6/1/2023,33,3784.37,2327.07,1457.3,0.385083911,114.6778788,1.060606061,0.117560668,0.328304733,496,15.03030303,24.23541247,1,0.03030303,830,33,3784.37,2,4,3,243,3784.37,150.2818412,42,1.2075,2,115.8143,17.3857,86.75,169.8479,54.6157,1.0305,0.2782,0.6226,43,1.023809524,0.6226,1.2075,0.150117041,Diamond,4
CUST774,13526.31,31.6775,24.7258,427,24.21,0.21,132.68,8788.01,20.5808,16.484,15.65,3266,7.6487,8.1918,5.0,1,51,5.8607,4.6281,0.21,22.115,6.0,3.8257,3.108,3.13,78,21,1/4/2022,3/20/2024,427,13526.31,8788.01,4738.3,0.350302485,173.4142308,41.87179487,0.789683826,1.07100553,806,10.33333333,35.27881041,21,0.269230769,537,78,13526.31,2,5,4,254,13526.31,1961.063532,615,1.2379,2,6.0097,4.8078,0.21,30.154,6370.5708,7.8941,8.2705,0.5291,557,0.905691057,0.5291,1.2379,0.800006656,Platinum,5
CUST775,44024.99,178.2388,245.1589,247,129.0,0.96,2760.0,31162.63,126.1645,174.9166,85.0,10522,42.5992,238.2353,1.0,1,3000,99.0104,105.7816,0.0354,449.0,57.69,72.9718,84.0308,34.78,132,181,1/13/2022,8/11/2025,247,44024.99,31162.63,12862.36,0.29216043,333.5226515,79.71212121,1.068388775,5.592482957,1306,9.893939394,36.86304514,181,1.371212121,28,132,44024.99,4,5,4,454,44024.99,200389.6097,354,1.2098,2,107.8751,116.0886,0.0354,656.7341,23570.6707,52.6131,293.6438,0.5513,315,0.889830508,0.5513,1.2098,1.076138979,Platinum,5
CUST776,584.14,22.4669,47.2349,26,12.27,3.32,249.0,427.92,16.4585,41.8204,6.93,696,26.7692,35.324,5.0,1,100,11.1164,48.5416,0.0438,249.0,1.46,9.4208,42.7808,0.88,2,25,2/7/2022,3/21/2022,26,584.14,427.92,156.22,0.267435889,292.07,348.0,4.366665467,1.319576229,42,21.0,16.97674419,25,12.5,1267,2,584.14,1,1,1,111,584.14,0.921356467,34,1.2093,2,7.4539,37.7478,0.0438,249.0,1053.694,24.5045,30.2752,0.6047,31,0.911764706,0.6047,1.2093,5.064167751,Diamond,4
CUST777,1252.77,417.59,120.0561,3,364.77,333.0,555.0,348.48,116.16,36.5809,95.04,132,44.0,13.8564,36.0,36,60,9.5442,0.5095,9.25,10.1325,9.25,2.64,0.0,2.64,1,3,1/31/2022,1/31/2022,3,1252.77,348.48,904.29,0.721832419,1252.77,132.0,0.053383207,0.314918182,0,0.0,365.0,3,3.0,1316,1,1252.77,1,1,2,112,1252.77,0.951230068,6,1.0,1,10.0293,0.6399,9.25,10.782,265.3358,44.2226,12.7045,0.5,3,0.5,0.5,1.0,0.063803057,Diamond,4
CUST778,7523.29,45.5957,43.452,165,58.6,0.14,253.61,5458.56,33.0822,30.1547,39.88,84704,513.3576,588.6464,261.0,1,4000,4.6058,18.1306,0.0064,84.54,0.06,2.7953,10.8145,0.0399,14,12,1/5/2022,9/5/2025,165,7523.29,5458.56,2064.73,0.27444509,537.3778571,6050.285714,3.936471406,1.146659561,1339,95.64285714,3.813432836,12,0.857142857,3,14,7523.29,5,3,3,533,7523.29,26331.515,229,1.2264,2,3.8054,16.333,0.0064,93.6539,146513.2711,494.9773,555.7781,0.5574,216,0.943231441,0.5574,1.2264,4.292058653,Platinum,5
CUST779,8891.58,683.9677,627.2852,13,399.0,4.69,2326.28,5566.19,428.1685,409.6095,266.37,2503,192.5385,214.2015,100.0,1,748,29.9377,64.9355,3.11,199.0,3.99,20.4205,47.8119,2.14,9,3,7/6/2022,3/14/2024,13,8891.58,5566.19,3325.39,0.373993149,987.9533333,278.1111111,2.169021,1.112512562,617,68.55555556,5.315533981,3,0.333333333,543,9,8891.58,2,3,3,233,8891.58,147.1033456,18,1.2174,2,18.6487,49.734,3.11,199.0,4688.6039,203.8523,200.9578,0.5652,17,0.944444444,0.5652,1.2174,2.666888309,Diamond,4
CUST78,28689.3,94.6842,89.5573,303,75.78,1.33,599.95,16616.25,54.8391,50.8403,44.8,14731,48.6172,101.3977,10.0,1,700,29.0536,44.8072,0.3596,541.67,11.9817,17.1347,25.6903,5.97,39,52,1/19/2022,10/4/2023,303,28689.3,16616.25,12073.05,0.420820654,735.6230769,377.7179487,1.542225404,2.085634302,623,15.97435897,22.8125,52,1.333333333,705,39,28689.3,2,4,4,244,28689.3,1584.819688,455,1.2128,2,29.4817,51.5121,0.3596,577.2185,29164.7955,50.4581,101.8346,0.5242,381,0.837362637,0.5242,1.2128,1.747256773,Platinum,5
CUST780,139464.75,343.5092,635.6858,406,117.35,0.02,9320.63,131464.46,323.8041,864.2063,65.335,293379,722.6084,1469.0712,501.0,1,24756,1.6777,9.1989,0.005,102.97,0.3203,1.2305,6.1832,0.2476,64,45,1/5/2022,9/5/2025,406,139464.75,131464.46,8000.29,0.057364244,2179.136719,4584.046875,5.48304226,2.033011518,1339,20.921875,17.43283582,45,0.703125,3,64,139464.75,5,4,5,545,139464.75,2231436.0,601,1.2205,2,2.1259,11.5624,0.005,114.5929,633478.9516,821.6329,2031.4253,0.5266,532,0.885191348,0.5266,1.2205,5.438825909,Platinum,5
CUST781,40370.47,395.7889,395.9535,102,260.15,10.04,1817.18,27817.63,272.7219,285.2977,187.21,51566,505.549,451.1029,360.5,20,2113,0.7868,0.5417,0.1004,5.7583,0.86,0.5349,0.3855,0.48,5,3,1/18/2022,9/3/2025,102,40370.47,27817.63,12552.84,0.310941141,8074.094,10313.2,0.688485003,0.892303021,1324,264.8,1.377358491,3,0.6,5,5,40370.47,5,2,4,524,40370.47,33642.05833,144,1.2216,2,0.8819,0.7332,0.1004,6.5587,91197.2986,492.9584,453.3889,0.5514,131,0.909722222,0.5514,1.2216,0.831386779,Platinum,5
CUST782,30913.92,909.2329,1393.0624,34,272.845,19.4,4884.0,30872.44,908.0129,1454.6491,244.585,371663,10931.2647,30534.3517,500.0,12,120000,1.7026,3.0664,0.0327,13.5988,0.4183,1.7377,3.2344,0.4042,33,28,10/25/2024,8/25/2025,34,30913.92,30872.44,41.48,0.00134179,936.7854545,11262.51515,1.80101022,2.793304575,304,9.212121212,39.49180328,28,0.848484848,14,33,30913.92,4,4,4,444,30913.92,68010.624,50,1.2958,2,1.7081,3.2984,0.0327,17.5648,779499.7362,10978.8695,31424.0922,0.4789,50,1.0,0.4789,1.2958,1.931034483,Diamond,4
CUST783,60264.79,1255.5165,1366.2272,48,750.0,5.92,5700.0,28346.62,590.5546,643.9446,340.0,381876,7955.75,7957.3052,4750.0,455,30000,0.1865,0.1865,0.013,0.75,0.17,0.0843,0.0903,0.0792,33,6,1/11/2022,8/6/2025,48,60264.79,28346.62,31918.17,0.529632145,1826.205758,11572.0,1.0,1.000195481,1303,39.48484848,9.23696319,6,0.181818182,33,33,60264.79,4,4,5,445,60264.79,58492.29618,68,1.1807,2,0.2216,0.224,0.013,1.0584,656251.5633,7906.6453,8340.2573,0.5783,57,0.838235294,0.5783,1.1807,1.010830325,Platinum,5
CUST784,19934.97,93.5914,97.0736,213,73.04,0.03,544.32,8486.73,39.8438,39.7792,26.7,74540,349.9531,587.6559,87.0,1,3000,0.8835,1.0079,0.03,7.0543,0.7214,0.3846,0.4855,0.1928,126,20,1/7/2022,9/2/2025,213,19934.97,8486.73,11448.24,0.574279269,158.2140476,591.5873016,1.140803622,1.679241876,1334,10.58730159,34.4494382,20,0.158730159,6,126,19934.97,5,5,4,554,19934.97,358829.46,295,1.2358,2,0.9611,1.1483,0.03,8.8131,133366.5461,345.5092,588.6136,0.5518,271,0.918644068,0.5518,1.2358,1.194776818,Platinum,5
CUST785,40442.09,586.1172,924.6307,69,307.13,3.13,6327.3,18193.1,263.6681,491.7266,133.66,10088,146.2029,150.2605,122.0,2,1000,29.9457,46.9102,0.0313,148.65,4.74,13.3074,21.4187,2.4304,41,16,2/23/2022,5/27/2025,69,40442.09,18193.1,22248.99,0.550144416,986.392439,246.0487805,1.566508714,1.027753211,1189,29.0,12.57563025,16,0.390243902,104,41,40442.09,3,4,4,344,40442.09,15791.67324,99,1.2016,2,33.4375,50.4254,0.0313,179.1964,18661.9357,150.4995,151.1033,0.5565,91,0.919191919,0.5565,1.2016,1.508049346,Platinum,5
CUST786,2694.73,192.4807,90.9352,14,170.07,50.86,400.0,1799.69,128.5493,48.587,123.625,62,4.4286,5.1098,2.0,1,14,93.5788,71.9447,16.4557,229.0,73.985,68.8171,59.4399,52.5625,6,10,6/24/2022,12/29/2023,14,2694.73,1799.69,895.04,0.332144593,449.1216667,10.33333333,0.76881409,1.153818362,553,92.16666667,3.953068592,10,1.666666667,619,6,2694.73,2,2,2,222,2694.73,26.07803226,21,1.25,2,119.1425,89.0371,16.4557,284.0334,112.6203,4.0222,4.777,0.5,19,0.904761905,0.5,1.25,0.747316029,Diamond,4
CUST787,19541.03,219.5621,229.5581,89,146.24,12.45,1647.78,13722.5,154.1854,175.0868,107.0,1071,12.0337,28.4731,2.0,1,192,102.8682,121.6649,1.292,599.0,62.215,75.8953,99.4176,42.0,36,62,1/5/2022,10/4/2024,89,19541.03,13722.5,5818.53,0.297759637,542.8063889,29.75,1.182726051,2.366113498,1003,27.86111111,13.0876494,62,1.722222222,339,36,19541.03,3,4,4,344,19541.03,2069.050235,140,1.1954,2,108.1925,123.6873,1.292,637.6248,1931.3159,11.0995,25.8435,0.5115,111,0.792857143,0.5115,1.1954,1.143215103,Platinum,5
CUST788,2950.05,84.2871,108.2233,35,51.03,2.78,476.09,1346.54,38.4726,62.0511,23.47,1190,34.0,40.2214,40.0,1,200,18.384,75.2906,0.2167,449.0,2.9086,12.9262,60.3426,1.33,16,26,6/1/2022,5/16/2025,35,2950.05,1346.54,1603.51,0.543553499,184.378125,74.375,4.095441688,1.182982353,1080,67.5,5.40240518,26,1.625,115,16,2950.05,3,3,2,332,2950.05,406.9034483,53,1.1846,2,12.6709,55.3635,0.2167,449.0,2054.6814,31.6105,35.7077,0.5385,44,0.830188679,0.5385,1.1846,4.369342351,Platinum,5
CUST789,92.72,23.18,22.5975,4,23.18,3.61,42.75,42.66,10.665,10.3981,10.665,106,26.5,21.362,26.5,8,45,0.7006,0.288,0.4512,0.95,0.7006,0.3223,0.1326,0.3223,3,2,9/9/2022,2/3/2023,4,92.72,42.66,50.06,0.539905091,30.90666667,35.33333333,0.41107622,0.806113208,147,49.0,7.398648649,2,0.666666667,948,3,92.72,1,2,1,121,92.72,0.293108535,9,1.1,2,0.6908,0.2646,0.4512,1.0486,230.6217,23.0622,19.4173,0.4,5,0.555555556,0.4,1.1,0.383034163,Diamond,4
CUST79,2612.81,124.4195,143.3497,21,73.95,1.3,481.39,2514.9,119.7571,194.554,55.12,39244,1868.7619,3194.0423,90.0,1,9750,21.3246,31.5002,0.0115,119.23,0.065,13.8169,19.0766,0.0885,9,17,2/1/2022,3/4/2025,21,2612.81,2514.9,97.91,0.037473065,290.3122222,4360.444444,1.477176594,1.709175631,1127,125.2222222,2.912234043,17,1.888888889,188,9,2612.81,3,3,2,332,2612.81,124.4195238,34,1.2917,2,36.7509,48.3054,0.0115,155.5036,137472.3149,2864.0066,3895.9254,0.4375,29,0.852941176,0.4375,1.2917,1.314400464,Platinum,5
CUST790,1702.94,851.47,1062.8239,2,851.47,99.94,1603.0,1065.44,532.72,658.6275,532.72,231,115.5,160.5132,115.5,2,229,28.485,30.3844,7.0,49.97,28.485,18.93,20.6051,18.93,2,2,9/14/2022,5/1/2023,2,1702.94,1065.44,637.5,0.37435259,851.47,115.5,1.066680709,1.389724675,229,114.5,3.173913043,2,1.0,861,2,1702.94,1,1,2,112,1702.94,3.951136891,2,1.0,1,28.485,30.3844,7.0,49.97,231.0,115.5,160.5132,1.0,2,1.0,1.0,1.0,1.066680709,Diamond,4
CUST791,4562.25,1520.75,941.9834,3,1038.0,918.0,2606.25,3140.59,1046.8633,455.8994,836.19,760,253.3333,219.3931,180.0,80,500,7.7625,4.5145,5.1,12.975,5.2125,5.8908,3.9783,4.08,1,3,9/5/2024,9/5/2024,3,4562.25,3140.59,1421.66,0.311613787,4562.25,760.0,0.5815781,0.866025509,0,0.0,365.0,3,3.0,368,1,4562.25,3,1,3,313,4562.25,12.36382114,7,1.2222,2,9.2439,4.5773,5.1,14.8286,1996.044,221.7827,194.3335,0.3333,4,0.571428571,0.3333,1.2222,0.495169788,Diamond,4
CUST792,12476.92,122.3227,241.612,102,25.335,0.06,1089.0,5555.73,54.4679,106.3374,8.055,5225,51.2255,94.9704,18.0,1,600,8.7178,18.6208,0.0299,72.6,0.7196,4.0527,8.3876,0.2471,83,40,1/6/2022,9/4/2025,102,12476.92,5555.73,6921.19,0.554719434,150.3243373,62.95180723,2.135951731,1.853967262,1337,16.10843373,22.64200299,40,0.481927711,4,83,12476.92,5,5,4,554,12476.92,207116.872,154,1.2103,2,8.6432,18.3987,0.0299,94.894,8746.3229,44.8529,80.3758,0.5231,126,0.818181818,0.5231,1.2103,2.128690763,Platinum,5
CUST793,474.93,47.493,39.4338,10,35.93,6.16,128.89,304.6,30.46,26.6533,22.35,63,6.3,7.7467,2.0,1,25,29.9345,45.034,1.3676,128.89,6.9555,19.4695,29.9539,4.575,2,9,2/10/2022,1/23/2023,10,474.93,304.6,170.33,0.358642326,237.465,31.5,1.504417979,1.229634921,347,173.5,2.097701149,9,4.5,959,2,474.93,1,1,1,111,474.93,0.9894375,13,1.1875,2,28.7221,47.2821,1.3676,139.4009,102.6363,6.4148,6.4363,0.625,12,0.923076923,0.625,1.1875,1.646192305,Diamond,4
CUST794,153.0,76.5,36.0624,2,76.5,51.0,102.0,99.3,49.65,23.4052,49.65,30,15.0,7.0711,15.0,10,20,5.1,0.0,5.1,5.1,5.1,3.31,0.0,3.31,1,1,5/5/2022,6/29/2022,2,153.0,99.3,53.7,0.350980392,153.0,30.0,0.0,0.471406667,55,55.0,6.517857143,1,1.0,1167,1,153.0,1,1,1,111,153.0,0.130993151,2,1.0,1,5.1,0.0,5.1,5.1,30.0,15.0,7.0711,1.0,2,1.0,1.0,1.0,0.0,Diamond,4
CUST795,357.23,35.723,25.8236,10,32.77,9.73,95.09,222.43,22.243,16.46,21.3,239,23.9,46.4434,2.0,1,112,20.4394,27.6939,0.0889,95.09,12.0,13.2729,17.9967,7.8,4,9,8/4/2022,4/17/2023,10,357.23,222.43,134.8,0.377347927,89.3075,59.75,1.354927248,1.943238494,256,64.0,5.680933852,9,2.25,875,4,357.23,1,2,1,121,357.23,1.631187215,16,1.2727,2,21.9264,27.3941,0.0889,105.9295,479.8496,21.8113,43.7193,0.4545,15,0.9375,0.4545,1.2727,1.249366061,Diamond,4
CUST796,1000.29,71.4493,105.1063,14,33.2,0.17,399.0,648.01,46.2864,91.6166,10.34,1711,122.2143,270.1052,15.5,1,1000,31.8306,105.8461,0.034,399.0,1.9823,26.9877,93.4063,0.99,10,11,4/15/2022,8/21/2023,14,1000.29,648.01,352.28,0.352177868,100.029,171.1,3.3252939,2.210094891,493,49.3,7.388663968,11,1.1,749,10,1000.29,2,3,2,232,1000.29,13.3372,23,1.2069,2,16.6071,73.686,0.034,399.0,2427.6366,83.7116,198.7859,0.4828,15,0.652173913,0.4828,1.2069,4.437017902,Diamond,4
CUST797,2685.27,86.6216,108.7752,31,49.36,3.85,520.95,1426.79,46.0255,59.2313,24.84,3090,99.6774,450.8917,10.0,1,2507,23.7451,63.5627,0.2078,294.65,4.93,12.2434,32.1488,2.63,14,11,2/16/2022,6/25/2025,31,2685.27,1426.79,1258.48,0.468660507,191.805,220.7142857,2.676876492,4.523509843,1225,87.5,4.168026101,11,0.785714286,75,14,2685.27,4,3,2,432,2685.27,494.655,47,1.1455,2,16.7493,48.3424,0.2078,294.65,10779.6918,195.9944,629.0109,0.5636,35,0.744680851,0.5636,1.1455,2.886234052,Platinum,5
CUST798,4843.17,110.072,76.167,44,83.525,17.55,349.5,1453.53,33.0348,28.7336,23.975,49542,1125.9545,624.6694,1000.0,1,2300,2.384,13.582,0.0335,90.0,0.0669,1.6321,9.8005,0.0181,14,17,4/6/2022,7/3/2025,44,4843.17,1453.53,3389.64,0.69988045,345.9407143,3538.714286,5.697147651,0.55479098,1184,84.57142857,4.312236287,17,1.214285714,67,14,4843.17,4,3,3,433,4843.17,997.1232353,61,1.2278,2,2.7761,14.9604,0.0335,98.6857,89886.1305,1137.7991,671.411,0.557,56,0.918032787,0.557,1.2278,5.388998955,Platinum,5
CUST799,62682.73,48.1065,46.0615,1303,33.39,1.05,346.5,44419.73,34.0904,31.2614,25.2,10690,8.2041,7.1126,6.0,1,45,7.5814,6.1792,1.05,25.92,7.165,5.5725,5.1251,5.31,166,32,1/4/2022,8/31/2023,1303,62682.73,44419.73,18263.0,0.291356168,377.6068072,64.39759036,0.815047353,0.866956766,604,3.638554217,100.1487603,32,0.192771084,739,166,62682.73,2,5,5,255,62682.73,14061.26105,1886,1.2229,2,8.1635,6.6723,1.05,38.3538,19484.8178,8.0284,7.0706,0.5369,1683,0.892364793,0.5369,1.2229,0.817333252,Diamond,4
CUST8,26250.03,62.7991,51.8654,418,52.22,0.01,351.31,19897.97,47.6028,43.296,38.055,1500,3.5885,18.8981,1.0,1,250,51.3651,40.0604,0.01,284.03,50.45,38.3861,31.3501,33.44,171,58,1/4/2022,9/8/2025,418,26250.03,19897.97,6352.06,0.241982962,153.5089474,8.771929825,0.779914767,5.266295109,1343,7.85380117,46.43973214,58,0.339181287,0,171,26250.03,5,5,4,554,26250.03,4488755.13,596,1.2339,2,55.5404,46.3826,0.01,398.2091,3336.3543,4.2884,23.4701,0.5373,547,0.917785235,0.5373,1.2339,0.835114619,Platinum,5
CUST80,77860.16,156.3457,137.8507,498,114.265,2.84,904.67,51078.98,102.5682,92.7425,76.29,18400,36.9478,194.5685,4.0,1,2000,43.8754,43.2059,0.288,207.0775,30.445,28.403,27.5965,19.57,36,60,1/6/2022,9/6/2023,498,77860.16,51078.98,26781.18,0.343965129,2162.782222,511.1111111,0.98474088,5.266037491,608,16.88888889,21.57635468,60,1.666666667,733,36,77860.16,2,4,5,245,77860.16,3818.754441,719,1.2219,2,46.8001,46.8142,0.288,230.4789,39545.999,42.7987,192.9225,0.539,646,0.898470097,0.539,1.2219,1.000301281,Diamond,4
CUST800,1768.8,147.4,162.4046,12,96.82,11.63,543.6,915.89,76.3242,96.3764,47.4,132,11.0,11.5758,6.5,1,36,31.0898,32.2178,0.463,74.6625,19.3662,15.1796,17.1406,7.5679,5,11,8/23/2023,11/1/2024,12,1768.8,915.89,852.91,0.48219697,353.76,26.4,1.036281996,1.052345455,436,87.2,4.176201373,11,2.2,311,5,1768.8,3,2,2,322,1768.8,28.34615385,16,1.3333,2,37.2893,36.1619,0.463,96.161,212.531,8.8555,9.7524,0.5,17,1.0625,0.5,1.3333,0.969766126,Diamond,4
CUST801,2711.1,150.6167,119.1717,18,93.1,4.18,354.43,1595.7,88.65,71.9069,68.165,744,41.3333,56.6195,12.0,1,200,17.1949,23.7218,0.3686,84.9367,4.6365,10.2445,14.5322,2.8294,8,7,1/10/2022,6/21/2023,18,2711.1,1595.7,1115.4,0.411419719,338.8875,93.0,1.379583481,1.369827718,527,65.875,5.53030303,7,0.875,810,8,2711.1,2,3,2,232,2711.1,26.7432799,24,1.2,2,20.5038,23.5255,0.3686,84.9367,969.485,32.3162,47.2766,0.6,21,0.875,0.6,1.2,1.147372682,Diamond,4
CUST802,6193.45,344.0806,167.3956,18,348.0,35.05,678.95,2802.92,155.7178,96.6894,139.2,672,37.3333,48.9273,20.0,1,150,32.397,52.2134,3.6349,174.97,17.4,20.2599,43.3056,6.35,14,7,1/6/2022,2/8/2023,18,6193.45,2802.92,3390.53,0.547438019,442.3892857,48.0,1.61167392,1.310553849,398,28.42857143,12.80701754,7,0.5,943,14,6193.45,1,3,3,133,6193.45,91.85201271,30,1.2105,2,36.3564,61.9649,3.6349,259.5027,1529.4258,40.248,50.9883,0.4737,25,0.833333333,0.4737,1.2105,1.70437392,Diamond,4
CUST803,2688.71,336.0888,221.4085,8,419.4,0.83,583.5,1418.31,177.2888,124.76,193.1,2880,360.0,655.9617,200.0,20,1970,36.2132,90.852,0.0275,260.78,2.3846,14.7777,34.835,1.2732,7,4,1/5/2022,9/16/2024,8,2688.71,1418.31,1270.4,0.472494244,384.1014286,411.4285714,2.508808943,1.822115833,985,140.7142857,2.59127789,4,0.571428571,357,7,2688.71,3,2,2,322,2688.71,52.5725419,14,1.0667,2,22.2367,66.1813,0.0275,260.78,5740.2334,382.6822,688.3807,0.5333,9,0.642857143,0.5333,1.0667,2.976219493,Platinum,5
CUST804,4986.28,124.657,124.0554,40,99.845,0.48,449.04,2550.94,63.7735,61.6788,56.16,1933,48.325,60.1065,22.5,1,200,23.3172,41.4595,0.0172,163.97,5.5427,13.2306,27.1557,3.0091,16,26,3/9/2022,7/3/2025,40,4986.28,2550.94,2435.34,0.488408192,311.6425,120.8125,1.778065119,1.243797206,1212,75.75,4.814509481,26,1.625,67,16,4986.28,4,3,3,433,4986.28,1173.242353,52,1.2121,2,27.2632,45.7556,0.0172,209.5583,2885.5781,43.7209,52.7147,0.6061,52,1.0,0.6061,1.2121,1.678291617,Platinum,5
CUST805,7578.64,1263.1067,820.0063,6,967.065,515.71,2452.96,5482.12,913.6867,592.1087,688.14,552,92.0,56.1249,77.0,51,196,20.6571,19.5324,4.6262,48.0973,12.3393,14.9267,14.1254,8.735,6,4,1/17/2022,3/12/2025,6,7578.64,5482.12,2096.52,0.276635386,1263.106667,92.0,0.945553829,0.610053261,1150,191.6666667,1.90269331,4,0.666666667,180,6,7578.64,3,2,3,323,7578.64,251.2256354,12,1.2941,2,22.535,22.2325,4.6262,55.0771,1629.6193,95.86,46.8722,0.3529,8,0.666666667,0.3529,1.2941,0.986576437,Platinum,5
CUST806,1793.56,597.8533,461.2345,3,766.17,76.1,951.29,1207.93,402.6433,316.2148,484.33,173,57.6667,57.8821,50.0,4,119,14.8297,7.2671,6.4384,19.0258,19.025,10.29,5.3867,13.4,2,2,3/14/2025,4/16/2025,3,1793.56,1207.93,585.63,0.32651821,896.78,86.5,0.490036885,1.003735258,33,16.5,21.47058824,2,1.0,145,2,1793.56,3,1,2,312,1793.56,24.56931507,4,1.2,2,15.0484,6.6624,6.4384,21.3584,342.7363,68.5473,49.7959,0.6,4,1.0,0.6,1.2,0.442731453,Diamond,4
CUST807,3657.39,192.4942,190.9275,19,149.63,51.89,840.32,2186.53,115.0805,119.535,89.0,1392,73.2632,229.9403,3.0,1,1000,51.0012,32.6409,0.1745,147.06,55.034,28.8109,16.7837,33.84,8,11,1/3/2022,2/28/2023,19,3657.39,2186.53,1470.86,0.402161104,457.17375,174.0,0.640002588,3.138551142,421,52.625,6.91943128,11,1.375,923,8,3657.39,1,3,3,133,3657.39,31.66571429,31,1.1389,2,60.7226,30.7553,0.1745,160.5193,1432.8381,39.8011,168.7577,0.5278,22,0.709677419,0.5278,1.1389,0.506488523,Diamond,4
CUST808,114.6,114.6,0.0,1,114.6,114.6,114.6,69.43,69.43,0.0,69.43,12,12.0,0.0,12.0,12,12,9.55,0.0,9.55,9.55,9.55,5.7858,0.0,5.7858,1,1,1/31/2023,1/31/2023,1,114.6,69.43,45.17,0.394153578,114.6,12.0,0.0,0.0,0,0.0,365.0,1,1.0,951,1,114.6,1,1,1,111,114.6,0.120378151,1,1.0,1,9.55,0.0,9.55,9.55,12.0,12.0,0.0,1.0,1,1.0,1.0,1.0,0.0,Diamond,4
CUST809,15793.86,478.6018,379.6509,33,438.0,5.42,1399.98,12560.08,380.6085,318.2227,350.0,108,3.2727,5.1312,2.0,1,30,215.8721,135.2189,0.542,699.99,230.26,170.0373,115.8758,175.0,11,19,9/6/2022,8/28/2025,33,15793.86,12560.08,3233.78,0.204749187,1435.805455,9.818181818,0.626384327,1.567879732,1087,98.81818182,3.690257353,19,1.727272727,11,11,15793.86,5,3,4,534,15793.86,14477.705,44,1.1698,2,223.4324,128.9981,0.542,699.99,151.7353,2.8629,4.1188,0.6226,42,0.954545455,0.6226,1.1698,0.577347332,Platinum,5
CUST81,456646.71,288.1052,610.8396,1585,135.9,0.56,13052.2,296193.37,186.8728,372.7446,94.95,2468334,1557.3085,2575.5584,500.0,1,36000,2.0369,5.9776,0.0062,95.1,0.2364,1.4407,4.2547,0.1536,632,293,9/3/2024,9/5/2025,1585,456646.71,296193.37,160453.34,0.351373034,722.5422627,3905.591772,2.934655604,1.6538524,367,0.580696203,626.8478261,293,0.463607595,3,632,456646.71,5,5,5,555,456646.71,72150180.18,2288,1.2116,2,2.2266,6.6359,0.0062,123.1343,4307890.591,1484.4558,2393.2258,0.5462,2008,0.877622378,0.5462,1.2116,2.980283841,Gold,3
CUST810,995.31,58.5476,68.8086,17,44.29,3.16,284.43,522.59,30.7406,29.1565,31.0,87,5.1176,11.7786,1.0,1,50,27.8383,32.9594,0.5638,104.82,13.88,16.1202,20.6768,7.08,7,15,2/18/2022,10/27/2022,17,995.31,522.59,472.72,0.474947504,142.1871429,12.42857143,1.183958791,2.301586681,251,35.85714286,10.13888889,15,2.142857143,1047,7,995.31,1,2,2,122,995.31,6.648062977,20,1.2593,2,27.1782,33.7955,0.5638,120.1423,147.579,5.4659,12.9668,0.6296,23,1.15,0.6296,1.2593,1.243478229,Diamond,4
CUST811,1525.5,69.3409,58.973,22,62.73,6.4,231.31,952.48,43.2945,39.2229,36.95,326,14.8182,34.6515,1.0,1,100,58.5992,63.8566,0.122,231.31,38.945,38.1998,42.209,26.74,9,21,5/16/2022,12/23/2024,22,1525.5,952.48,573.02,0.375627663,169.5,36.22222222,1.089717948,2.338441916,952,105.7777778,3.447009444,21,2.333333333,259,9,1525.5,3,3,2,332,1525.5,52.80576923,35,1.2045,2,65.3735,62.6175,0.122,245.9307,620.7993,14.1091,32.5921,0.5,30,0.857142857,0.5,1.2045,0.957842245,Platinum,5
CUST812,328.99,328.99,0.0,1,328.99,328.99,328.99,230.29,230.29,0.0,230.29,1,1.0,0.0,1.0,1,1,328.99,0.0,328.99,328.99,328.99,230.29,0.0,230.29,1,1,6/24/2024,6/24/2024,1,328.99,230.29,98.7,0.300009119,328.99,1.0,0.0,0.0,0,0.0,365.0,1,1.0,441,1,328.99,2,1,1,211,328.99,0.744321267,1,1.0,1,328.99,0.0,328.99,328.99,1.0,1.0,0.0,1.0,1,1.0,1.0,1.0,0.0,Diamond,4
CUST813,203.7,50.925,2.91,4,49.47,49.47,55.29,133.21,33.3025,5.075,35.84,8,2.0,0.0,2.0,2,2,25.4625,1.455,24.735,27.645,24.735,16.6512,2.5375,17.92,2,1,4/25/2022,8/8/2022,4,203.7,133.21,70.49,0.34604811,101.85,4.0,0.057142857,0.0,105,52.5,6.886792453,1,0.5,1127,2,203.7,1,1,1,111,203.7,0.361170213,6,1.1429,2,26.1818,1.39,24.735,27.645,14.7816,2.1117,0.1459,0.5714,4,0.666666667,0.5714,1.1429,0.053090315,Diamond,4
CUST814,5041.3,50.9222,70.2542,99,24.5,1.9,471.37,2225.37,22.4785,29.4298,9.18,7814,78.9293,78.1794,50.0,3,300,2.1154,4.8631,0.0292,39.2808,0.4818,0.9497,1.8432,0.1928,20,46,1/4/2022,10/29/2024,99,5041.3,2225.37,2815.93,0.558572194,252.065,390.7,2.298903281,0.990499092,1029,51.45,7.087378641,46,2.3,314,20,5041.3,3,3,3,333,5041.3,320.0825397,145,1.1944,2,2.3793,5.9824,0.0292,42.8941,14837.0001,82.4278,78.8966,0.55,119,0.820689655,0.55,1.1944,2.514352961,Platinum,5
CUST815,14182.61,66.8991,113.7591,212,24.25,0.34,933.4,5960.1,28.1137,71.3765,8.745,24875,117.3349,113.5607,100.0,10,1000,0.8447,1.7087,0.0067,9.334,0.22,0.3875,1.1577,0.0758,33,73,4/10/2025,9/4/2025,212,14182.61,5960.1,8222.51,0.579760002,429.7760606,753.7878788,2.022848349,0.967833952,147,4.454545455,81.38513514,73,2.212121212,4,33,14182.61,5,4,4,544,14182.61,93605.226,326,1.254,2,0.8922,1.8498,0.0067,13.0171,51462.4016,117.7629,110.7177,0.4851,287,0.880368098,0.4851,1.254,2.07330195,Diamond,4
CUST816,1179.39,235.878,29.7348,5,224.0,200.06,275.59,718.48,143.696,10.4134,140.0,20,4.0,0.0,4.0,4,4,58.9695,7.4337,50.015,68.8975,56.0,35.924,2.6033,35.0,5,1,2/8/2022,4/21/2023,5,1179.39,718.48,460.91,0.390803721,235.878,4.0,0.126060082,0.0,437,87.4,4.166666667,1,0.2,871,5,1179.39,1,2,2,122,1179.39,6.762557339,8,1.1111,2,63.3798,12.6053,50.015,92.2481,34.7036,3.856,0.2356,0.5556,6,0.75,0.5556,1.1111,0.198885134,Diamond,4
CUST817,4507.81,265.1653,308.6986,17,131.25,40.6,984.6,1660.06,97.6506,128.8252,46.42,17708,1041.6471,1148.2984,500.0,100,3000,0.7406,0.9624,0.0312,2.9624,0.3282,0.2387,0.2908,0.1409,8,10,1/20/2022,7/1/2025,17,4507.81,1660.06,2847.75,0.631736919,563.47625,2213.5,1.299486903,1.102387171,1258,157.25,2.319301033,10,1.25,69,8,4507.81,4,3,3,433,4507.81,515.1782857,27,1.2059,2,0.8177,0.9679,0.0312,2.9855,34116.555,1003.4281,1097.7874,0.5,20,0.740740741,0.5,1.2059,1.183685948,Platinum,5
CUST818,4197.32,209.866,148.0878,20,241.995,30.5,537.24,1876.86,93.843,67.4903,110.33,7983,399.15,265.9417,375.0,100,1100,0.5113,0.149,0.305,0.7179,0.4884,0.2341,0.0965,0.2323,16,5,2/12/2024,6/10/2025,20,4197.32,1876.86,2320.46,0.552843243,262.3325,498.9375,0.291414043,0.666270074,484,30.25,12.04123711,5,0.3125,90,16,4197.32,4,3,3,433,4197.32,737.9903297,28,1.2222,2,0.556,0.1532,0.305,0.8246,14788.2072,410.7835,223.3531,0.5556,25,0.892857143,0.5556,1.2222,0.275539568,Diamond,4
CUST819,7667.39,163.136,251.9374,47,18.99,0.04,984.71,6897.89,146.7636,224.7573,13.91,14480,308.0851,998.1778,54.0,3,6048,5.32,8.2489,0.0002,21.3125,0.1556,4.7151,7.3312,0.0906,16,15,1/12/2022,9/3/2025,47,7667.39,6897.89,769.5,0.100360096,479.211875,905.0,1.550545113,3.239941821,1330,83.125,4.387678437,15,0.9375,5,16,7667.39,5,3,3,533,7667.39,20446.37333,66,1.2048,2,6.5452,9.2154,0.0002,23.9589,24502.4604,295.2104,888.2775,0.5663,56,0.848484848,0.5663,1.2048,1.407963087,Platinum,5
CUST82,1005212.18,1170.2121,2438.7894,859,489.3,3.47,20113.92,690272.19,803.5765,1684.8919,321.75,212514,247.397,425.6928,50.0,1,5000,96.0168,146.6488,0.0268,605.6463,23.926,67.4715,102.5744,16.25,407,189,1/4/2022,9/5/2025,859,1005212.18,690272.19,314939.99,0.313306978,2469.808796,522.1474201,1.527324385,1.720686993,1340,3.292383292,110.7792692,189,0.464373464,3,407,1005212.18,5,5,5,555,1005212.18,102280339.3,1242,1.2119,2,100.2575,156.6329,0.0268,736.726,385594.4274,244.6665,407.0201,0.5451,1081,0.87037037,0.5451,1.2119,1.562306062,Gold,3
CUST820,29162.24,70.7821,86.9842,412,41.97,0.06,518.0,25529.52,61.9649,70.7477,37.385,154212,374.301,355.9001,300.0,1,2000,0.1904,0.1997,0.03,1.2768,0.1453,0.1799,0.2052,0.1617,14,10,1/3/2022,9/3/2025,412,29162.24,25529.52,3632.72,0.124569306,2083.017143,11015.14286,1.048844538,0.950839298,1339,95.64285714,3.813432836,10,0.714285714,5,14,29162.24,5,3,4,534,29162.24,68045.22667,615,1.2245,2,0.2157,0.2378,0.03,1.4662,292470.2113,368.8149,349.5185,0.5195,527,0.856910569,0.5195,1.2245,1.102457116,Platinum,5
CUST821,189.33,10.5183,20.973,18,1.125,0.14,69.97,189.2,10.5111,21.1034,0.92,727,40.3889,42.8295,9.5,3,100,0.2096,0.2792,0.0165,0.7142,0.085,0.217,0.2845,0.1025,6,6,1/5/2022,4/16/2024,18,189.33,189.2,0.13,0.000686632,31.555,121.1666667,1.332061069,1.060427494,832,138.6666667,2.629051621,6,1.0,510,6,189.33,2,2,1,221,189.33,2.223052838,22,1.2903,2,0.2019,0.3091,0.0165,1.0335,1521.373,49.0765,45.2969,0.5806,26,1.181818182,0.5806,1.2903,1.530955919,Platinum,5
CUST822,6243.48,86.715,108.0639,72,50.02,0.26,518.0,4799.39,66.6582,90.6954,28.5,47373,657.9583,946.1403,224.0,3,4760,0.6655,1.5278,0.0115,10.59,0.2142,0.4164,1.3326,0.157,27,20,1/5/2022,8/5/2025,72,6243.48,4799.39,1444.09,0.231295688,231.24,1754.555556,2.295717506,1.437994323,1308,48.44444444,7.528647823,20,0.740740741,34,27,6243.48,4,4,3,443,6243.48,4816.398857,104,1.218,2,0.6805,1.6204,0.0115,12.1071,75104.9511,564.6989,838.1287,0.5414,96,0.923076923,0.5414,1.218,2.381190301,Platinum,5
CUST823,276.7,10.6423,14.3044,26,3.705,0.44,50.59,134.16,5.16,7.7485,2.35,546,21.0,20.9647,15.0,1,50,2.6775,6.9439,0.0228,35.99,0.523,1.4529,3.8015,0.1987,7,26,3/25/2022,12/11/2023,26,276.7,134.16,142.54,0.515142754,39.52857143,78.0,2.593426704,0.998319048,626,89.42857143,4.074960128,26,3.714285714,637,7,276.7,2,2,1,221,276.7,3.035893417,38,1.1915,2,3.9443,9.8755,0.0228,47.7117,894.7591,19.0374,20.817,0.5532,34,0.894736842,0.5532,1.1915,2.503739574,Platinum,5
CUST824,3635.62,30.0464,46.5098,121,17.73,2.14,397.85,1681.31,13.8951,23.3186,7.98,13444,111.1074,109.8312,50.0,5,500,0.8545,1.6889,0.0107,11.867,0.3134,0.3711,0.6921,0.1298,4,74,1/12/2022,12/14/2022,121,3635.62,1681.31,1954.31,0.537545178,908.905,3361.0,1.976477472,0.988513816,336,84.0,4.332344214,74,18.5,999,4,3635.62,1,2,3,123,3635.62,14.54248,164,1.2039,2,0.8603,1.6965,0.0107,11.867,25269.7251,122.6686,116.2651,0.5874,154,0.93902439,0.5874,1.2039,1.971986516,Diamond,4
CUST825,154.13,51.3767,38.0601,3,30.69,28.14,95.3,60.91,20.3033,15.4304,11.54,400,133.3333,28.8675,150.0,100,150,0.3766,0.2319,0.1876,0.6353,0.3069,0.1482,0.094,0.1154,1,3,4/5/2023,4/5/2023,3,154.13,60.91,93.22,0.604814118,154.13,400.0,0.615772703,0.216506304,0,0.0,365.0,3,3.0,887,1,154.13,1,1,1,111,154.13,0.17356982,4,1.3333,2,0.461,0.234,0.1876,0.6935,828.483,138.0805,19.3858,0.5,4,1.0,0.5,1.3333,0.507592191,Diamond,4
CUST826,16467.53,2058.4412,1632.9168,8,1857.98,155.8,4233.73,7107.83,888.4788,565.2836,1042.065,2643,330.375,219.4987,389.5,20,549,6.2283,1.7354,3.9818,7.79,6.95,2.8812,0.5601,2.78,5,1,1/24/2022,6/28/2024,8,16467.53,7107.83,9359.7,0.568373035,3293.506,528.6,0.278631408,0.664392584,886,177.2,2.057497182,1,0.2,437,5,16467.53,2,2,4,224,16467.53,187.9855023,16,1.1579,2,6.5907,2.1618,3.9818,11.4128,5208.4018,274.1264,206.5113,0.4211,9,0.5625,0.4211,1.1579,0.328007647,Platinum,5
CUST827,182.2,45.55,35.2105,4,47.91,10.52,75.86,100.19,25.0475,22.8021,25.875,424,106.0,108.5419,106.0,12,200,3.1989,3.6059,0.0526,6.3217,3.2107,1.8783,2.1381,1.8825,2,4,12/13/2022,1/30/2023,4,182.2,100.19,82.01,0.450109769,91.1,212.0,1.127231236,1.023980189,48,24.0,14.89795918,4,2.0,952,2,182.2,1,1,1,111,182.2,0.382371459,6,1.25,2,4.509,3.7583,0.0526,8.7215,691.5782,86.4473,102.5957,0.5,6,1.0,0.5,1.25,0.833510756,Diamond,4
CUST828,219.16,54.79,81.512,4,20.395,2.37,176.0,150.33,37.5825,63.2995,8.99,112,28.0,48.0208,5.0,2,100,22.8109,43.4708,0.2836,88.0,1.48,16.6807,32.88,0.3264,3,4,4/4/2022,1/28/2025,4,219.16,150.33,68.83,0.314062785,73.05333333,37.33333333,1.905702975,1.715028571,1030,343.3333333,1.062075655,4,1.333333333,223,3,219.16,3,2,1,321,219.16,2.935178571,4,1.2,2,18.9868,38.6057,0.2836,88.0,117.0,23.4,42.8404,0.8,5,1.25,0.8,1.2,2.03329155,Platinum,5
CUST829,534.49,534.49,0.0,1,534.49,534.49,534.49,371.14,371.14,0.0,371.14,6,6.0,0.0,6.0,6,6,89.0817,0.0,89.0817,89.0817,89.0817,61.8567,0.0,61.8567,1,1,7/2/2025,7/2/2025,1,534.49,371.14,163.35,0.30561844,534.49,6.0,0.0,0.0,0,0.0,365.0,1,1.0,68,1,534.49,4,1,1,411,534.49,7.746231884,1,1.0,1,89.0817,0.0,89.0817,89.0817,6.0,6.0,0.0,1.0,1,1.0,1.0,1.0,0.0,Diamond,4
CUST83,360602.97,330.2225,593.1802,1092,110.9,0.09,5517.58,246596.12,225.8206,390.1293,58.44,206288,188.9084,1150.8283,12.0,1,18400,27.7028,55.3693,0.0034,345.0,3.3088,19.5579,41.9733,2.185,337,429,1/6/2022,8/25/2025,1092,360602.97,246596.12,114006.85,0.316156159,1070.038487,612.1305638,1.998689663,6.091991145,1327,3.93768546,92.62424699,429,1.272997033,14,337,360602.97,4,5,5,455,360602.97,8101546.726,1564,1.225,2,28.6482,58.5689,0.0034,434.2942,399556.9047,197.9965,1233.1372,0.5411,1416,0.905370844,0.5411,1.225,2.044418148,Gold,3
CUST830,120684.52,296.5222,1106.2348,407,70.72,1.35,14193.13,55747.62,136.972,497.0837,28.28,225656,554.4373,875.3645,200.0,2,5000,4.685,19.1774,0.0177,123.8883,0.2811,2.9315,12.9578,0.1084,174,91,1/5/2022,9/4/2025,407,120684.52,55747.62,64936.9,0.538071494,693.5891954,1296.873563,4.093361793,1.578834072,1338,7.689655172,47.4309186,91,0.522988506,4,174,120684.52,5,5,5,555,120684.52,4199821.296,608,1.2215,2,5.6018,22.0883,0.0177,139.4735,477992.1636,612.0258,966.7027,0.5211,524,0.861842105,0.5211,1.2215,3.94307187,Platinum,5
CUST831,144.02,28.804,24.3927,5,22.5,3.39,69.26,70.2,14.04,8.3408,13.85,7,1.4,0.8944,1.0,1,3,19.5693,9.349,3.39,27.56,22.5,10.668,5.6199,13.5,4,5,6/13/2022,7/25/2022,5,144.02,70.2,73.82,0.512567699,36.005,1.75,0.47773809,0.638857143,42,10.5,33.95348837,5,1.25,1141,4,144.02,1,2,1,121,144.02,0.504448336,7,1.2222,2,22.9564,7.8569,3.39,29.5762,11.2865,1.2541,0.6617,0.5556,6,0.857142857,0.5556,1.2222,0.342253141,Diamond,4
CUST832,287.12,57.424,37.8195,5,41.9,24.44,109.0,205.43,41.086,30.0122,29.28,24,4.8,4.6583,2.0,1,12,34.3746,44.6963,3.4914,109.0,13.25,25.573,35.0127,9.125,5,4,8/18/2022,5/6/2024,5,287.12,205.43,81.69,0.284515185,57.424,4.8,1.30027113,0.970479167,627,125.4,2.906050955,4,0.8,490,5,287.12,2,2,1,221,287.12,2.923828921,6,1.25,2,24.8881,36.5632,3.4914,109.0,48.8075,6.1009,4.9036,0.625,6,1.0,0.625,1.25,1.469103708,Diamond,4
CUST833,3357.83,176.7279,141.2925,19,115.16,64.6,604.0,2148.45,113.0763,99.9201,68.53,4225,222.3684,914.9874,2.0,1,4000,60.8689,74.6305,0.151,283.0,41.865,42.6758,61.5458,23.36,13,15,1/11/2022,9/21/2022,19,3357.83,2148.45,1209.38,0.360167132,258.2946154,325.0,1.226085899,4.114736626,253,19.46153846,18.68110236,15,1.153846154,1083,13,3357.83,1,3,3,133,3357.83,40.26917897,27,1.2059,2,57.1564,60.8733,0.151,283.0,8300.1718,244.1227,953.2124,0.5588,25,0.925925926,0.5588,1.2059,1.065030338,Diamond,4
CUST834,12105.11,864.6507,578.6587,14,758.0,36.89,1835.56,8130.92,580.78,390.7678,503.69,4575,326.7857,289.6391,250.0,25,1000,3.1997,1.3719,0.7363,6.32,3.4964,2.1777,1.0755,2.4318,9,5,3/11/2022,9/14/2022,14,12105.11,8130.92,3974.19,0.328306806,1345.012222,508.3333333,0.428758946,0.886327339,187,20.77777778,17.47340426,5,0.555555556,1090,9,12105.11,1,3,4,134,12105.11,99.85883593,20,1.2,2,3.7687,1.5915,0.7363,8.7197,7071.6881,282.8675,232.5117,0.56,17,0.85,0.56,1.2,0.42229416,Diamond,4
CUST835,992.57,47.2652,39.9958,21,44.09,3.15,155.44,438.05,20.8595,20.9963,16.63,3042,144.8571,290.1273,50.0,2,1000,2.3261,5.1999,0.0407,24.645,1.0898,1.2629,3.6827,0.4366,13,14,2/15/2022,12/4/2024,21,992.57,438.05,554.52,0.558670925,76.35153846,234.0,2.235458493,2.002851776,1023,78.69230769,4.633789063,14,1.076923077,278,13,992.57,3,3,2,332,992.57,46.24878136,34,1.2766,2,1.6875,3.5289,0.0407,24.645,6575.4033,139.9022,271.0416,0.4468,27,0.794117647,0.4468,1.2766,2.0912,Platinum,5
CUST836,1203.05,109.3682,53.1107,11,135.93,28.4,199.0,655.69,59.6082,42.7316,62.53,776,70.5455,36.5824,50.0,1,125,19.2418,59.6196,0.568,199.0,1.3593,15.0079,47.757,0.6253,10,5,4/6/2022,6/21/2023,11,1203.05,655.69,547.36,0.454976934,120.305,77.6,3.098441934,0.518564614,441,44.1,8.257918552,5,0.5,810,10,1203.05,2,3,2,232,1203.05,14.83415536,16,1.2,2,11.2952,44.1821,0.568,199.0,1454.0995,72.705,31.03,0.55,13,0.8125,0.55,1.2,3.911581911,Diamond,4
CUST837,577.64,25.1148,26.9434,23,18.7,0.13,86.35,301.71,13.1178,13.642,10.06,391,17.0,41.0421,4.0,1,200,6.8237,16.3165,0.0217,77.82,1.23,3.4205,8.2188,0.5956,12,19,3/25/2022,3/20/2023,23,577.64,301.71,275.93,0.477685063,48.13666667,32.58333333,2.391151428,2.414241176,360,30.0,12.13296399,19,1.583333333,903,12,577.64,1,3,1,131,577.64,7.667787611,34,1.1282,2,5.1012,12.9614,0.0217,77.82,532.139,13.6446,32.1218,0.5897,26,0.764705882,0.5897,1.1282,2.540853133,Diamond,4
CUST838,254.92,63.73,36.3251,4,64.095,18.88,107.85,107.33,26.8325,14.7793,28.32,212,53.0,36.0925,50.0,12,100,2.935,4.0678,0.1888,8.9875,1.2819,1.2008,1.6133,0.5664,3,4,8/21/2023,5/27/2025,4,254.92,107.33,147.59,0.57896595,84.97333333,70.66666667,1.385962521,0.680990566,645,215.0,1.69504644,4,1.333333333,104,3,254.92,3,2,1,321,254.92,7.283428571,4,1.2,2,4.4444,4.8786,0.1888,10.4817,224.0,44.8,36.2381,0.8,5,1.25,0.8,1.2,1.097695977,Diamond,4
CUST839,6389.88,141.9973,370.4736,45,46.89,2.93,2499.0,4846.56,107.7013,304.8899,27.88,153,3.4,10.1811,1.0,1,50,135.2447,370.7929,0.5462,2499.0,45.13,103.2353,304.7849,24.98,20,38,1/5/2022,4/19/2024,45,6389.88,4846.56,1543.32,0.241525662,319.494,7.65,2.741644589,2.994441176,835,41.75,8.732057416,38,1.9,507,20,6389.88,2,3,3,233,6389.88,251.5700787,62,1.2152,2,117.6637,284.5427,0.5462,2499.0,242.6862,3.072,9.401,0.5696,56,0.903225806,0.5696,1.2152,2.418270886,Platinum,5
CUST84,543290.33,109.6449,390.1203,4955,27.23,0.04,13806.88,364915.07,73.6458,287.2186,15.96,313191,63.2071,191.1966,20.0,1,5000,12.8139,52.1011,0.0004,1165.0,1.5168,9.2488,40.9265,0.91,1760,967,1/4/2022,9/8/2025,4955,543290.33,364915.07,178375.26,0.32832401,308.6876875,177.9494318,4.065983034,3.024922833,1343,0.763068182,477.9761905,967,0.549431818,0,1760,543290.33,5,5,5,555,543290.33,956190980.8,7235,1.213,2,13.0124,54.065,0.0004,1305.4318,579866.2855,63.0769,194.3581,0.539,6302,0.871043538,0.539,1.213,4.154883035,Silver,2
CUST840,2191.03,39.1255,99.0241,56,13.14,1.75,690.0,1665.26,29.7368,107.4625,6.225,11083,197.9107,371.8243,50.0,2,2000,0.8511,2.0274,0.014,9.8571,0.0994,0.5777,1.7934,0.0459,23,33,1/6/2022,12/28/2023,56,2191.03,1665.26,525.77,0.239964765,95.26217391,481.8695652,2.382093761,1.878747839,721,31.34782609,11.62742382,33,1.434782609,620,23,2191.03,2,4,2,242,2191.03,81.14925926,81,1.1,2,1.1459,2.5206,0.014,11.218,15179.883,168.6654,308.5866,0.6222,63,0.777777778,0.6222,1.1,2.199668383,Platinum,5
CUST841,7830.48,163.135,155.0983,48,129.0,4.05,699.0,5992.97,124.8535,123.9366,97.235,57,1.1875,0.641,1.0,1,5,156.7258,158.1866,2.835,699.0,124.0,120.3024,126.0955,85.0,30,44,7/13/2022,7/2/2025,48,7830.48,5992.97,1837.51,0.234661221,261.016,1.9,1.009320737,0.539789474,1085,36.16666667,10.08287293,44,1.466666667,68,30,7830.48,4,4,3,443,7830.48,3404.556522,69,1.1687,2,176.0393,176.8075,2.835,736.3492,97.1026,1.1699,0.5449,0.5783,56,0.811594203,0.5783,1.1687,1.004363798,Platinum,5
CUST842,1497.76,149.776,72.4881,10,137.44,62.5,298.0,1066.81,106.681,66.3061,89.945,15,1.5,0.9718,1.0,1,4,117.517,51.9804,21.53,199.0,125.585,82.887,44.7101,75.5,1,10,12/29/2022,12/29/2022,10,1497.76,1066.81,430.95,0.287729676,1497.76,15.0,0.442322387,0.647866667,0,0.0,365.0,10,10.0,984,1,1497.76,1,1,2,112,1497.76,1.520568528,12,1.1429,2,120.9358,58.2192,21.53,220.0805,23.1415,1.653,1.0762,0.7143,12,1.0,0.7143,1.1429,0.481405837,Diamond,4
CUST843,740.28,148.056,116.868,5,113.59,19.69,299.0,543.68,108.736,95.9315,65.88,11,2.2,2.1679,1.0,1,6,105.3243,115.9116,18.9317,299.0,70.0,80.756,96.73,50.0,3,5,10/10/2022,4/18/2024,5,740.28,543.68,196.6,0.265575188,246.76,3.666666667,1.100520962,0.985409091,556,185.3333333,1.965888689,5,1.666666667,508,3,740.28,2,2,1,221,740.28,4.363143418,6,1.1429,2,113.7751,95.9077,18.9317,299.0,15.3409,2.1916,1.7729,0.7143,6,1.0,0.7143,1.1429,0.842958609,Diamond,4
CUST844,3964.2,440.4667,772.6572,9,64.4,17.87,2091.2,2223.46,247.0511,427.9689,51.12,96,10.6667,11.0,6.0,4,30,22.1595,21.965,4.4675,69.7067,14.6,13.4422,11.9552,10.4333,9,7,1/4/2022,2/14/2024,9,3964.2,2223.46,1740.74,0.43911508,440.4666667,10.66666667,0.991222726,1.031246777,771,85.66666667,4.255181347,7,0.777777778,572,9,3964.2,2,3,3,233,3964.2,62.26492147,11,1.1538,2,28.8804,22.7844,4.4675,69.7067,184.2727,14.1748,12.2119,0.6923,10,0.909090909,0.6923,1.1538,0.788922591,Platinum,5
CUST845,3699.63,154.1512,233.0368,24,13.06,0.38,645.0,2357.11,98.2129,150.9277,8.62,389,16.2083,32.46,4.0,1,100,42.0894,57.2458,0.0124,165.36,6.4125,26.8155,36.049,4.475,12,20,5/21/2024,2/26/2025,24,3699.63,2357.11,1342.52,0.362879531,308.3025,32.41666667,1.360100168,2.00267764,281,23.41666667,15.53191489,20,1.666666667,194,12,3699.63,3,3,3,333,3699.63,227.6695385,40,1.2453,2,54.5519,62.9538,0.0124,219.7021,713.0555,13.4539,29.5093,0.4528,32,0.8,0.4528,1.2453,1.154016634,Diamond,4
CUST846,690.96,76.7733,67.1031,9,62.4,4.45,180.0,498.76,55.4178,56.2984,24.95,1117,124.1111,215.4875,2.0,1,500,53.6445,64.7488,0.0422,149.0,3.104,42.8619,53.4917,1.79,4,9,2/18/2022,2/21/2024,9,690.96,498.76,192.2,0.278163714,172.74,279.25,1.206997922,1.736246798,733,183.25,1.989100817,9,2.25,565,4,690.96,2,2,1,221,690.96,4.883109541,13,1.35,2,61.4825,71.8863,0.0422,191.0505,2141.3986,107.0699,191.8458,0.45,15,1.153846154,0.45,1.35,1.16921563,Diamond,4
CUST847,50.96,25.48,23.5891,2,25.48,8.8,42.16,36.49,18.245,17.7272,18.245,4,2.0,0.0,2.0,2,2,12.74,11.7945,4.4,21.08,12.74,9.1225,8.8636,9.1225,1,2,1/27/2022,1/27/2022,2,50.96,36.49,14.47,0.283948195,50.96,4.0,0.925784929,0.0,0,0.0,365.0,2,2.0,1320,1,50.96,1,1,1,111,50.96,0.038576836,5,1.2857,2,18.1266,9.464,4.4,27.6186,13.4228,1.9175,0.1353,0.2857,3,0.6,0.2857,1.2857,0.522105635,Diamond,4
CUST848,422.43,52.8037,54.0337,8,20.68,12.0,149.0,295.34,36.9175,42.7277,11.895,33,4.125,8.442,1.0,1,25,49.9222,56.5382,0.6524,149.0,20.68,35.5138,43.8962,11.895,6,8,1/17/2022,9/6/2023,8,422.43,295.34,127.09,0.300854579,70.405,5.5,1.132526211,2.046545455,597,99.5,3.662207358,8,1.333333333,733,6,422.43,2,2,1,221,422.43,3.453106267,12,1.2,2,53.8335,67.149,0.6524,187.0605,66.3265,4.4218,8.3662,0.5333,11,0.916666667,0.5333,1.2,1.247345983,Diamond,4
CUST849,2436.11,187.3931,201.799,13,60.62,13.99,598.0,1928.52,148.3477,170.7362,39.4,16,1.2308,0.4385,1.0,1,2,160.4381,167.8947,13.99,449.0,30.31,126.7685,141.5791,19.7,5,12,6/14/2022,8/4/2025,13,2436.11,1928.52,507.59,0.20836087,487.222,3.2,1.046476492,0.356272343,1147,229.4,1.589721254,12,2.4,35,5,2436.11,4,2,2,422,2436.11,338.3486111,19,1.24,2,205.4141,189.7762,13.99,495.3115,27.4552,1.0982,0.3434,0.52,16,0.842105263,0.52,1.24,0.923871341,Platinum,5
CUST85,1916617.54,106.2544,235.6186,18038,46.7,0.05,5052.6,1288474.64,71.4311,157.2884,29.34,21847627,1211.2001,2727.0837,12.0,1,63000,9.8163,32.8854,0.007,526.26,2.5,6.7122,22.8378,1.58,1090,293,12/29/2021,5/4/2023,18038,1916617.54,1288474.64,628142.9,0.327735131,1758.364716,20043.6945,3.350080988,2.251555049,491,0.450458716,808.6382114,293,0.268807339,858,1090,1916617.54,2,5,5,255,1916617.54,2432029.242,26198,1.2212,2,10.4419,34.899,0.007,740.5018,40280517.27,1197.435,2661.2287,0.5362,23200,0.885563783,0.5362,1.2212,3.342207836,Gold,3
CUST850,47.12,23.56,1.4425,2,23.56,22.54,24.58,26.86,13.43,0.8202,13.43,4,2.0,0.0,2.0,2,2,11.78,0.7212,11.27,12.29,11.78,6.715,0.4101,6.715,1,2,6/1/2022,6/1/2022,2,47.12,26.86,20.26,0.429966044,47.12,4.0,0.061222411,0.0,0,0.0,365.0,2,2.0,1195,1,47.12,1,1,1,111,47.12,0.039397993,2,1.5,2,13.9255,2.5157,11.27,16.2331,8.0,2.0,0.0,0.5,4,2.0,0.5,1.5,0.180654196,Diamond,4
CUST851,1753.0,250.4286,128.7391,7,246.64,109.75,458.68,913.97,130.5671,68.8079,142.5,31,4.4286,3.7353,2.0,2,12,105.2631,86.7348,12.5667,229.34,123.32,55.2336,45.4259,71.25,5,4,5/9/2022,9/4/2025,7,1753.0,913.97,839.03,0.478625214,350.6,6.2,0.823981053,0.843449397,1214,242.8,1.502057613,4,0.8,4,5,1753.0,5,2,2,522,1753.0,1753.0,11,1.1538,2,137.6896,91.4981,12.5667,276.0269,46.2215,3.5555,2.9988,0.5385,9,0.818181818,0.5385,1.1538,0.664524409,Platinum,5
CUST852,4511.65,214.8405,229.2976,21,114.24,21.87,949.55,2089.27,99.489,107.7413,54.25,15800,752.381,741.2994,550.0,100,3500,0.4883,0.7384,0.046,2.4324,0.2713,0.2522,0.4432,0.1085,16,7,1/6/2022,5/23/2024,21,4511.65,2089.27,2422.38,0.536916649,281.978125,987.5,1.512185132,0.985271292,868,54.25,6.720368239,7,0.4375,473,16,4511.65,2,3,3,233,4511.65,152.2919831,31,1.2439,2,0.6981,0.9984,0.046,3.5108,28099.0807,685.3434,619.3315,0.5122,28,0.903225806,0.5122,1.2439,1.430167598,Platinum,5
CUST853,12494.2,2082.3667,1940.904,6,1614.475,309.0,4628.0,5785.4,964.2333,954.6739,839.93,3023,503.8333,6.8823,500.0,500,517,4.111,3.8299,0.618,9.256,3.196,1.9005,1.8771,1.6612,4,2,2/4/2022,5/27/2025,6,12494.2,5785.4,6708.8,0.536953146,3123.55,755.75,0.931622476,0.013659875,1208,302.0,1.207609595,2,0.5,104,4,12494.2,3,2,4,324,12494.2,475.9695238,8,1.1111,2,5.1094,4.3734,0.618,10.6668,4488.2499,498.6944,10.869,0.6667,7,0.875,0.6667,1.1111,0.855951775,Platinum,5
CUST854,150.89,150.89,0.0,1,150.89,150.89,150.89,90.52,90.52,0.0,90.52,1,1.0,0.0,1.0,1,1,150.89,0.0,150.89,150.89,150.89,90.52,0.0,90.52,1,1,6/25/2024,6/25/2024,1,150.89,90.52,60.37,0.400092783,150.89,1.0,0.0,0.0,0,0.0,365.0,1,1.0,440,1,150.89,2,1,1,211,150.89,0.342154195,1,1.0,1,150.89,0.0,150.89,150.89,1.0,1.0,0.0,1.0,1,1.0,1.0,1.0,0.0,Diamond,4
CUST855,891.49,445.745,264.069,2,445.745,259.02,632.47,542.72,271.36,191.8805,271.36,6,3.0,1.4142,3.0,2,4,143.8138,20.2286,129.51,158.1175,143.8138,84.8,23.9851,84.8,1,2,4/10/2023,4/10/2023,2,891.49,542.72,348.77,0.391221438,891.49,6.0,0.140658268,0.4714,0,0.0,365.0,2,2.0,882,1,891.49,1,1,2,112,891.49,1.009614949,2,1.0,1,143.8138,20.2286,129.51,158.1175,6.0,3.0,1.4142,1.0,2,1.0,1.0,1.0,0.140658268,Diamond,4
CUST856,5348.1,213.924,248.059,25,150.0,3.99,899.99,3797.54,151.9016,177.3526,94.0,326,13.04,39.7214,2.0,1,200,159.8237,200.662,0.1403,899.99,139.0,123.8937,164.3742,81.0,17,23,1/24/2022,9/24/2024,25,5348.1,3797.54,1550.56,0.289927264,314.5941176,19.17647059,1.255520927,3.046119632,974,57.29411765,6.364102564,23,1.352941176,349,17,5348.1,3,3,3,333,5348.1,259.7648571,40,1.1837,2,140.2239,179.7488,0.1403,899.99,504.7475,10.301,28.9935,0.5102,30,0.75,0.5102,1.1837,1.281869924,Platinum,5
CUST857,444.54,148.18,83.2071,3,169.0,56.54,219.0,329.0,109.6667,70.2987,118.3,202,67.3333,114.8927,1.0,1,200,129.4276,114.6028,0.2827,219.0,169.0,97.9091,89.2998,118.3,3,3,4/8/2022,5/24/2022,3,444.54,329.0,115.54,0.25990912,148.18,67.33333333,0.885458743,1.706328072,46,15.33333333,23.29787234,3,1.0,1203,3,444.54,1,2,1,121,444.54,1.107657807,6,1.25,2,175.8868,114.7146,0.2827,307.6326,423.1624,52.8953,96.2939,0.375,4,0.666666667,0.375,1.25,0.652206988,Diamond,4
CUST858,8136.77,813.677,408.9415,10,873.0,319.7,1440.0,4586.47,458.647,261.7088,448.5,69896,6989.6,3307.2593,7500.0,2422,10000,0.1185,0.0255,0.0883,0.1632,0.1179,0.0638,0.0124,0.0594,9,1,1/6/2022,8/29/2025,10,8136.77,4586.47,3550.3,0.436327929,904.0855556,7766.222222,0.215189873,0.473168608,1331,147.8888889,2.466216216,1,0.111111111,10,9,8136.77,5,3,3,533,8136.77,6657.357273,15,1.1176,2,0.1285,0.0297,0.0883,0.1828,122133.6521,7184.3325,3295.8885,0.5882,12,0.8,0.5882,1.1176,0.231128405,Platinum,5
CUST859,23643.9,369.4359,143.4076,64,370.0,23.73,740.0,9856.69,154.0108,57.3628,134.53,63000,984.375,266.7968,1000.0,100,2000,0.3763,0.1151,0.2017,0.6359,0.37,0.1572,0.0474,0.1311,45,2,1/20/2022,8/27/2025,64,23643.9,9856.69,13787.21,0.583119113,525.42,1400.0,0.305872974,0.27103167,1315,29.22222222,12.48100304,2,0.044444444,12,45,23643.9,5,4,4,544,23643.9,81844.26923,92,1.1712,2,0.391,0.1266,0.2017,0.799,109018.7765,982.1511,284.5601,0.5766,78,0.847826087,0.5766,1.1712,0.323785166,Platinum,5
CUST86,813800.86,1229.3064,6046.8217,662,370.04,6.49,150000.0,608058.02,918.5166,4622.7076,234.98,501652,757.7825,1168.926,500.0,1,10000,6.1654,20.1001,0.014,300.0,1.3657,4.9692,21.5265,0.98,188,58,1/25/2022,9/4/2025,662,813800.86,608058.02,205742.84,0.252817182,4328.727979,2668.361702,3.260145327,1.542561355,1318,7.010638298,52.0242608,58,0.308510638,4,188,813800.86,5,5,5,555,813800.86,30598912.34,943,1.2115,2,6.3377,21.4617,0.014,350.2597,927237.7093,775.2824,1233.8634,0.5535,847,0.898197243,0.5535,1.2115,3.386354671,Platinum,5
CUST860,16146.15,227.4106,545.6979,71,71.06,2.19,3193.13,6801.37,95.7939,241.1148,21.68,9752,137.3521,345.7405,10.0,1,2160,28.8957,47.4159,0.0175,241.4,4.5755,12.8142,21.3313,1.3006,59,37,2/1/2022,8/18/2025,71,16146.15,6801.37,9344.78,0.57876212,273.6635593,165.2881356,1.640932734,2.517183938,1294,21.93220339,16.62934363,37,0.627118644,21,59,16146.15,4,4,4,444,16146.15,43301.03864,106,1.1783,2,27.2691,46.4173,0.0175,241.4,18909.3615,146.5842,336.7622,0.5504,88,0.830188679,0.5504,1.1783,1.702194058,Platinum,5
CUST861,171.89,42.9725,32.3274,4,37.66,9.78,86.79,61.45,15.3625,15.6426,9.485,177,44.25,41.0883,38.0,1,100,3.3572,4.3671,0.43,9.78,1.6094,1.8739,2.8301,0.6912,3,4,4/20/2023,5/11/2023,4,171.89,61.45,110.44,0.642503927,57.29666667,59.0,1.300816156,0.928549153,21,7.0,49.77272727,4,1.333333333,851,3,171.89,2,2,1,221,171.89,0.605246479,6,1.1429,2,2.4398,3.3687,0.43,9.78,404.1428,57.7347,39.4252,0.5714,5,0.833333333,0.5714,1.1429,1.380727929,Diamond,4
CUST862,1340.92,134.092,150.622,10,65.605,25.08,518.24,694.57,69.457,74.2542,41.995,2654,265.4,275.4363,150.0,4,800,5.2613,15.1766,0.1254,48.4475,0.4835,2.6188,7.5139,0.2498,2,7,2/8/2023,2/25/2025,10,1340.92,694.57,646.35,0.482019807,670.46,1327.0,2.884572254,1.03781575,748,374.0,0.974632844,7,3.5,195,2,1340.92,3,1,2,312,1340.92,13.68285714,16,1.1111,2,3.2286,11.2898,0.1254,48.4475,4267.96,237.1089,220.7192,0.5556,11,0.6875,0.5556,1.1111,3.496809763,Platinum,5
CUST863,12075.86,232.2281,169.5248,52,199.0,4.68,661.33,8863.5,170.4519,131.1661,160.1,178,3.4231,13.6817,1.0,1,100,170.9482,112.8915,0.2781,449.0,149.0,126.551,91.1641,119.3325,30,31,1/17/2022,5/5/2023,52,12075.86,8863.5,3212.36,0.266015008,402.5286667,5.933333333,0.660384257,3.996874178,473,15.76666667,23.10126582,31,1.033333333,857,30,12075.86,2,4,4,244,12075.86,422.2328671,81,1.2286,2,185.391,122.2228,0.2781,619.3575,254.0155,2.4192,9.6454,0.4952,71,0.87654321,0.4952,1.2286,0.659270407,Diamond,4
CUST864,26242.21,76.7316,283.8371,342,8.2,0.01,4089.47,11705.78,34.2274,109.74,3.315,13272,38.807,82.3967,16.0,1,1000,3.8921,9.8516,0.01,67.2733,0.5838,1.8577,4.9431,0.2275,48,142,1/6/2022,7/25/2023,342,26242.21,11705.78,14536.43,0.553933148,546.7127083,276.5,2.531178541,2.123243229,565,11.77083333,30.9540636,142,2.958333333,776,48,26242.21,2,4,4,244,26242.21,1621.140386,526,1.2321,2,4.3183,11.2296,0.01,81.4205,30067.945,43.8948,105.1937,0.4993,441,0.838403042,0.4993,1.2321,2.600467777,Platinum,5
CUST865,324.37,46.3386,64.9666,7,17.29,0.6,153.65,186.53,26.6471,38.4182,8.99,374,53.4286,66.1988,20.0,10,150,0.6153,0.3629,0.06,1.0243,0.7825,0.3369,0.2103,0.4071,2,6,6/16/2022,7/7/2022,7,324.37,186.53,137.84,0.42494682,162.185,187.0,0.589793597,1.239014311,21,10.5,33.18181818,6,3.0,1159,2,324.37,1,1,1,111,324.37,0.559258621,8,1.2727,2,0.6044,0.3835,0.06,1.0243,552.8914,50.2629,61.2028,0.6364,10,1.25,0.6364,1.2727,0.634513567,Diamond,4
CUST866,6167.67,154.1918,397.4269,40,47.61,2.49,2502.17,2596.94,64.9235,184.6848,9.64,2910,72.75,61.55,52.5,5,150,12.8507,28.8532,0.0912,125.1085,0.6478,6.136,14.1156,0.2726,20,28,6/22/2022,3/7/2025,40,6167.67,2596.94,3570.73,0.578943102,308.3835,145.5,2.245262904,0.84604811,989,49.45,7.373737374,28,1.4,185,20,6167.67,3,3,3,333,6167.67,663.1903226,54,1.194,2,9.4842,24.1439,0.0912,125.1085,5446.0774,81.2847,63.0096,0.597,50,0.925925926,0.597,1.194,2.545697054,Platinum,5
CUST867,2495.93,44.5702,59.9454,56,24.95,1.79,276.91,984.92,17.5879,23.1136,9.795,7589,135.5179,73.0925,200.0,1,200,1.0902,3.137,0.021,21.99,0.2267,0.4933,1.714,0.0907,3,44,2/2/2024,6/16/2025,56,2495.93,984.92,1511.01,0.605389574,831.9766667,2529.666667,2.877453678,0.539356793,500,166.6666667,2.185628743,44,14.66666667,84,3,2495.93,4,2,2,422,2495.93,88.09164706,76,1.1739,2,1.0194,2.6706,0.021,21.99,13112.0906,142.5227,73.3001,0.6087,67,0.881578947,0.6087,1.1739,2.619776339,Diamond,4
CUST868,112.22,56.11,46.966,2,56.11,22.9,89.32,65.16,32.58,28.3974,32.58,400,200.0,0.0,200.0,200,200,0.2805,0.2348,0.1145,0.4466,0.2805,0.1629,0.142,0.1629,1,2,5/23/2022,5/23/2022,2,112.22,65.16,47.06,0.419354839,112.22,400.0,0.837076649,0.0,0,0.0,365.0,2,2.0,1204,1,112.22,1,1,1,111,112.22,0.093128631,2,1.3333,2,0.351,0.206,0.1145,0.4918,600.0,200.0,0.0,0.6667,3,1.5,0.6667,1.3333,0.586894587,Diamond,4
CUST869,1062.84,13.1215,11.1726,81,9.23,0.58,49.83,390.44,4.8202,4.1444,3.74,2740,33.8272,33.573,25.0,5,250,0.6733,0.7342,0.0232,3.268,0.427,0.258,0.3162,0.1728,30,55,1/20/2022,2/27/2025,81,1062.84,390.44,672.4,0.632644613,35.428,91.33333333,1.090450022,0.992485337,1134,37.8,9.647577093,55,1.833333333,193,30,1062.84,3,4,2,342,1062.84,164.356701,125,1.1883,2,0.6551,0.7748,0.0232,3.6752,6081.4301,39.4898,45.116,0.526,98,0.784,0.526,1.1883,1.182720195,Platinum,5
CUST87,649050.96,1226.9394,6056.0498,529,127.68,0.85,113850.99,642255.851,1214.0942,6046.1196,126.75,19153116,36206.2684,233611.3952,36.0,1,3967950,17.8896,75.1911,0.0036,1486.4,2.1586,16.2183,51.6583,2.0774,17,293,5/22/2023,2/21/2025,529,649050.96,642255.851,6795.109,0.0104693,38179.46824,1126653.882,4.203062114,6.452236188,641,37.70588235,9.665109034,293,17.23529412,199,17,649050.96,3,3,5,335,649050.96,55169.3316,797,1.227,2,19.256,79.409,0.0036,1651.5878,48684246.18,47220.4134,284345.052,0.5131,681,0.854454203,0.5131,1.227,4.123857499,Gold,3
CUST870,760.99,380.495,212.9876,2,380.495,229.89,531.1,354.71,177.355,139.7172,177.355,1300,650.0,494.9747,650.0,300,1000,4.8634,6.1267,0.5311,9.1956,4.8634,1.7093,2.0267,1.7093,2,2,7/21/2022,7/21/2022,2,760.99,354.71,406.28,0.533883494,380.495,650.0,1.259756549,0.761499538,0,0.0,730.0,2,1.0,1145,2,760.99,1,1,2,112,760.99,1.328080279,2,1.0,1,4.8634,6.1267,0.5311,9.1956,1300.0,650.0,494.9747,1.0,2,1.0,1.0,1.0,1.259756549,Diamond,4
CUST871,759.77,39.9879,43.045,19,25.7,10.96,188.34,329.08,17.32,18.1829,10.1,1776,93.4737,87.4416,32.0,4,200,1.515,1.7377,0.0548,5.8856,0.8567,0.7321,1.0377,0.328,1,18,4/4/2023,4/4/2023,19,759.77,329.08,430.69,0.566868921,759.77,1776.0,1.1469967,0.93546741,0,0.0,365.0,18,18.0,888,1,759.77,1,1,2,112,759.77,0.854634421,29,1.2368,2,1.9485,2.1555,0.0548,8.123,3241.3182,85.2978,80.5891,0.5,25,0.862068966,0.5,1.2368,1.106235566,Diamond,4
CUST872,7.1,7.1,0.0,1,7.1,7.1,7.1,2.84,2.84,0.0,2.84,25,25.0,0.0,25.0,25,25,0.284,0.0,0.284,0.284,0.284,0.1136,0.0,0.1136,1,1,8/17/2023,8/17/2023,1,7.1,2.84,4.26,0.6,7.1,25.0,0.0,0.0,0,0.0,365.0,1,1.0,753,1,7.1,2,1,1,211,7.1,0.009416446,2,1.5,2,0.3233,0.0311,0.284,0.3599,103.5267,25.8817,1.0181,0.25,2,1.0,0.25,1.5,0.096195484,Diamond,4
CUST873,6586.21,731.8011,667.4435,9,680.0,128.63,2300.0,3361.87,373.5411,290.4776,381.0,6680,742.2222,415.6642,965.0,147,1340,0.9394,0.5334,0.42,2.3,0.875,0.4793,0.2065,0.4852,6,2,1/13/2022,4/16/2025,9,6586.21,3361.87,3224.34,0.489559246,1097.701667,1113.333333,0.56780924,0.560026634,1189,198.1666667,1.840336134,2,0.333333333,145,6,6586.21,3,2,3,323,6586.21,270.6661644,14,1.2222,2,1.2006,0.7223,0.42,2.5641,15308.21,850.4561,375.3864,0.5,11,0.785714286,0.5,1.2222,0.601615859,Platinum,5
CUST874,9931.98,254.6662,409.6359,39,118.85,1.79,2018.56,5520.14,141.5421,227.7763,58.2,6192,158.7692,256.5347,50.0,1,1260,21.1656,55.7835,0.0775,258.0,1.6328,13.3535,35.1488,0.5317,17,33,3/9/2022,8/22/2025,39,9931.98,5520.14,4411.84,0.444205486,584.2341176,364.2352941,2.635573761,1.615771195,1262,74.23529412,4.91290578,33,1.941176471,17,17,9931.98,4,3,3,433,9931.98,9380.203333,56,1.2,2,22.7203,54.1145,0.0775,258.0,11554.0781,165.0583,271.2594,0.5571,51,0.910714286,0.5571,1.2,2.381768727,Platinum,5
CUST875,206.45,22.9389,27.5449,9,22.35,2.51,89.08,100.69,11.1878,11.9324,11.14,75,8.3333,9.5,4.0,1,24,11.8083,29.0235,0.81,89.08,1.8625,4.9468,11.5433,0.9712,4,8,5/9/2023,1/30/2024,9,206.45,100.69,105.76,0.512279002,51.6125,18.75,2.457889789,1.14000456,266,66.5,5.468164794,8,2.0,587,4,206.45,2,2,1,221,206.45,1.404421769,13,1.3158,2,11.6304,29.2935,0.81,99.952,173.3043,9.1213,10.5737,0.4737,13,1.0,0.4737,1.3158,2.518700991,Diamond,4
CUST876,113.52,22.704,12.2081,5,27.89,5.09,33.5,45.88,9.176,5.1375,10.14,508,101.6,222.7135,2.0,1,500,10.6347,11.4796,0.067,27.89,7.56,4.6514,4.7641,4.05,3,5,3/20/2023,3/1/2024,5,113.52,45.88,67.64,0.595842142,37.84,169.3333333,1.079447469,2.192062008,347,115.6666667,3.146551724,5,1.666666667,556,3,113.52,2,2,1,221,113.52,0.611418312,8,1.3333,2,12.152,12.4433,0.067,31.8724,1019.3584,84.9465,193.8725,0.4167,7,0.875,0.4167,1.3333,1.023971363,Diamond,4
CUST877,270.59,38.6557,47.3728,7,21.79,6.75,136.0,198.41,28.3443,44.6113,10.64,66,9.4286,5.6231,6.0,4,20,4.5875,5.5625,0.7333,16.29,1.8158,2.9412,3.6572,0.895,5,7,2/25/2022,2/16/2023,7,270.59,198.41,72.18,0.266750434,54.118,13.2,1.21253406,0.596387587,356,71.2,5.112044818,7,1.4,935,5,270.59,1,2,1,121,270.59,1.445459402,8,1.2,2,3.6482,4.8115,0.7333,16.29,102.0229,10.2023,4.7573,0.7,9,1.125,0.7,1.2,1.31886958,Diamond,4
CUST878,1640.98,78.1419,80.1701,21,60.88,2.16,308.67,503.23,23.9633,24.1678,15.05,1217,57.9524,105.1858,36.0,1,500,7.2966,21.2004,0.075,99.0,1.8569,5.3675,21.1656,0.3583,8,20,2/9/2022,3/26/2025,21,1640.98,503.23,1137.75,0.69333569,205.1225,152.125,2.905517638,1.815037859,1141,142.625,2.556917688,20,2.5,166,8,1640.98,3,3,2,332,1640.98,78.60982036,34,1.2609,2,7.5289,24.5918,0.075,139.1277,3848.3838,83.6605,148.059,0.4565,29,0.852941176,0.4565,1.2609,3.266320445,Platinum,5
CUST879,1078.87,269.7175,289.963,4,193.905,9.94,681.12,575.34,143.835,146.2374,113.985,180,45.0,41.2634,39.0,2,100,5.4313,0.92,4.97,6.8112,4.9719,3.0916,0.6277,3.4053,3,1,10/17/2022,8/27/2024,4,1078.87,575.34,503.53,0.466719809,359.6233333,60.0,0.169388544,0.916964444,680,226.6666667,1.607929515,1,0.333333333,377,3,1078.87,2,2,2,222,1078.87,8.562460317,6,1.4,2,6.0163,0.9907,4.97,7.2708,438.3107,43.8311,37.8394,0.4,6,1.0,0.4,1.4,0.164669315,Diamond,4
CUST88,87937.07,118.5136,289.572,742,55.54,4.48,7292.31,63411.54,85.4603,205.2599,47.655,158212,213.2237,2328.6904,15.0,1,48000,54.6899,271.6471,0.0763,7292.31,7.8,37.9105,193.538,5.81,192,65,6/28/2023,9/4/2025,742,87937.07,63411.54,24525.53,0.278898649,458.0055729,824.0208333,4.967043275,10.9213488,799,4.161458333,87.6,65,0.338541667,4,192,87937.07,5,5,5,555,87937.07,3376783.488,1108,1.2197,2,53.1604,201.2193,0.0763,7292.31,349743.7038,246.2984,2605.3628,0.5225,949,0.856498195,0.5225,1.2197,3.785135176,Platinum,5
CUST880,83.71,41.855,11.0521,2,41.855,34.04,49.67,53.87,26.935,16.4261,26.935,16,8.0,5.6569,8.0,4,12,6.3246,3.0906,4.1392,8.51,6.3246,3.5212,0.4366,3.5212,1,2,5/25/2022,5/25/2022,2,83.71,53.87,29.84,0.356468761,83.71,16.0,0.488663315,0.7071125,0,0.0,365.0,2,2.0,1202,1,83.71,1,1,1,111,83.71,0.069584372,3,1.0,1,5.7185,2.4245,4.1392,8.51,30.2075,10.0692,5.3707,0.6667,2,0.666666667,0.6667,1.0,0.423974819,Diamond,4
CUST881,1774.63,253.5186,593.301,7,24.68,1.78,1596.8,815.78,116.54,272.9541,11.35,1058,151.1429,172.8886,100.0,24,500,0.9629,1.1824,0.0178,3.1936,0.407,0.4432,0.544,0.1872,2,6,8/15/2022,8/24/2022,7,1774.63,815.78,958.85,0.540309811,887.315,529.0,1.227957213,1.143875101,9,4.5,73.0,6,3.0,1111,2,1774.63,1,1,2,112,1774.63,3.191780576,9,1.1,2,0.7908,1.0488,0.0178,3.1936,1264.6028,126.4603,147.566,0.7,7,0.777777778,0.7,1.1,1.326251897,Diamond,4
CUST882,12146.25,639.2763,991.1089,19,233.94,16.26,2962.08,6370.09,335.2679,502.9582,107.63,21830,1148.9474,748.6565,1122.0,78,2430,0.3843,0.3999,0.0702,1.2342,0.2085,0.2085,0.2125,0.0959,5,3,3/14/2022,3/3/2023,19,12146.25,6370.09,5776.16,0.47555089,2429.25,4366.0,1.040593286,0.651602066,354,70.8,5.14084507,3,0.6,920,5,12146.25,1,2,4,124,12146.25,65.94055375,28,1.2222,2,0.3401,0.3594,0.0702,1.2342,40710.9358,1130.8593,707.7587,0.5278,24,0.857142857,0.5278,1.2222,1.056748015,Diamond,4
CUST883,9397.56,117.4695,140.7757,80,72.46,1.98,871.98,4451.43,55.6429,69.3809,33.79,27509,343.8625,607.7453,100.0,2,4000,1.782,4.4011,0.0326,20.412,0.5334,0.949,2.6804,0.2367,23,31,3/11/2022,1/15/2024,80,9397.56,4451.43,4946.13,0.526320662,408.5895652,1196.043478,2.469753086,1.767407903,675,29.34782609,12.41863905,31,1.347826087,602,23,9397.56,2,4,3,243,9397.56,358.4475622,119,1.1959,2,1.3826,3.6161,0.0326,20.412,49645.5253,335.4427,544.6567,0.5405,100,0.840336134,0.5405,1.1959,2.615434688,Platinum,5
CUST884,34.22,17.11,4.8649,2,17.11,13.67,20.55,10.41,5.205,4.2639,5.205,45,22.5,10.6066,22.5,15,30,0.9128,0.6465,0.4557,1.37,0.9128,0.3105,0.3359,0.3105,1,2,10/8/2024,10/8/2024,2,34.22,10.41,23.81,0.695791935,34.22,45.0,0.708260298,0.471404444,0,0.0,365.0,2,2.0,335,1,34.22,3,1,1,311,34.22,0.101845238,2,1.0,1,0.9128,0.6465,0.4557,1.37,45.0,22.5,10.6066,1.0,2,1.0,1.0,1.0,0.708260298,Diamond,4
CUST885,152.88,38.22,32.7539,4,35.835,8.0,73.21,66.61,16.6525,14.8842,16.81,48,12.0,0.0,12.0,12,12,3.185,2.7295,0.6667,6.1008,2.9862,1.3877,1.2403,1.4008,2,4,9/12/2022,7/17/2023,4,152.88,66.61,86.27,0.564298796,76.44,24.0,0.856985871,0.0,308,154.0,2.362459547,4,2.0,784,2,152.88,2,1,1,211,152.88,0.389503185,6,1.25,2,3.4231,2.8429,0.6667,6.6704,95.1663,11.8958,0.3737,0.5,5,0.833333333,0.5,1.25,0.830504513,Diamond,4
CUST886,8692.25,170.4363,170.4608,51,87.45,10.14,600.0,3723.72,73.0141,73.3208,37.59,38756,759.9216,449.1207,742.0,42,1500,0.2341,0.1676,0.0407,0.4217,0.2987,0.1,0.0713,0.16,13,5,3/23/2022,5/29/2024,51,8692.25,3723.72,4968.53,0.57160459,668.6346154,2981.230769,0.715933362,0.591009257,798,61.38461538,5.938673342,5,0.384615385,467,13,8692.25,2,3,3,233,8692.25,241.4513889,80,1.2157,2,0.2567,0.1814,0.0407,0.6078,74198.0236,727.4316,440.121,0.5,65,0.8125,0.5,1.2157,0.706661473,Platinum,5
CUST887,111.08,37.0267,5.3513,3,36.26,32.1,42.72,39.72,13.24,3.6564,12.84,600,200.0,0.0,200.0,200,200,0.1851,0.0268,0.1605,0.2136,0.1813,0.0662,0.0183,0.0642,2,3,5/26/2023,6/9/2023,3,111.08,39.72,71.36,0.642419878,55.54,300.0,0.144786602,0.0,14,7.0,48.66666667,3,1.5,822,2,111.08,2,1,1,211,111.08,0.269939247,3,1.25,2,0.1995,0.036,0.1605,0.2424,800.0,200.0,0.0,0.75,4,1.333333333,0.75,1.25,0.180451128,Diamond,4
CUST888,2953.33,246.1108,578.8158,12,47.25,7.85,2069.1,1843.62,153.635,358.4486,30.155,9665,805.4167,350.5555,1000.0,100,1000,0.6117,0.9757,0.0226,2.512,0.1034,0.4526,0.7858,0.0697,4,9,5/12/2022,4/13/2023,12,2953.33,1843.62,1109.71,0.375748731,738.3325,2416.25,1.595062939,0.435247369,336,84.0,4.332344214,9,2.25,879,4,2953.33,1,2,2,122,2953.33,13.42422727,20,1.1304,2,0.6642,1.0017,0.0226,2.7478,17107.8167,743.8181,373.2512,0.5217,14,0.7,0.5217,1.1304,1.508130081,Diamond,4
CUST889,137.84,137.84,0.0,1,137.84,137.84,137.84,44.41,44.41,0.0,44.41,800,800.0,0.0,800.0,800,800,0.1723,0.0,0.1723,0.1723,0.1723,0.0555,0.0,0.0555,1,1,11/14/2023,11/14/2023,1,137.84,44.41,93.43,0.677814858,137.84,800.0,0.0,0.0,0,0.0,365.0,1,1.0,664,1,137.84,2,1,1,211,137.84,0.207278195,2,1.5,2,0.2023,0.0321,0.1723,0.2478,3509.2272,877.3068,89.2662,0.25,2,1.0,0.25,1.5,0.158675235,Diamond,4
CUST89,127969.12,23.4376,45.8012,5460,11.82,0.8,1250.77,69958.24,12.8129,16.3401,7.0,24584,4.5026,46.3107,2.0,1,3320,7.7405,8.8936,0.0276,56.21,5.55,4.5797,5.6782,3.27,297,80,4/19/2024,9/8/2025,5460,127969.12,69958.24,58010.88,0.453319363,430.8724579,82.77441077,1.148969705,10.28532404,507,1.707070707,213.3956693,80,0.269360269,0,297,127969.12,5,5,5,555,127969.12,38006828.64,7943,1.2198,2,8.3413,9.7107,0.0276,82.5717,42428.1402,4.1674,34.0279,0.5363,7017,0.883419363,0.5363,1.2198,1.164171052,Platinum,5
CUST890,154.0,154.0,0.0,1,154.0,154.0,154.0,53.9,53.9,0.0,53.9,1100,1100.0,0.0,1100.0,1100,1100,0.14,0.0,0.14,0.14,0.14,0.049,0.0,0.049,1,1,11/14/2022,11/14/2022,1,154.0,53.9,100.1,0.65,154.0,1100.0,0.0,0.0,0,0.0,365.0,1,1.0,1029,1,154.0,1,1,1,111,154.0,0.149514563,1,1.0,1,0.14,0.0,0.14,0.14,1100.0,1100.0,0.0,1.0,1,1.0,1.0,1.0,0.0,Diamond,4
CUST891,3296.83,183.1572,188.5893,18,125.025,12.05,756.87,2162.25,120.125,129.0225,71.84,3140,174.4444,324.6825,30.0,1,1000,59.0489,118.0643,0.1375,429.0,6.7916,45.983,101.0845,4.075,13,13,1/3/2022,11/2/2022,18,3296.83,2162.25,1134.58,0.344142707,253.6023077,241.5384615,1.999432674,1.861237735,303,23.30769231,15.60855263,13,1.0,1041,13,3296.83,1,3,3,133,3296.83,41.13127639,24,1.25,2,46.2645,93.7562,0.1375,429.0,5288.7442,165.2733,322.1954,0.5625,24,1.0,0.5625,1.25,2.026525738,Diamond,4
CUST892,10733.93,1192.6589,1378.0239,9,564.0,114.03,4180.0,8305.13,922.7922,1104.1287,519.06,21175,2352.7778,1844.0972,2000.0,400,5000,1.4891,2.322,0.0543,6.5385,0.1601,1.1213,1.6287,0.1038,5,8,1/26/2022,8/26/2022,9,10733.93,8305.13,2428.8,0.226273136,2146.786,4235.0,1.55933114,0.783795733,212,42.4,8.568075117,8,1.6,1109,5,10733.93,1,2,3,123,10733.93,48.35103604,13,1.1875,2,1.8952,2.3027,0.0543,6.5385,38832.8148,2427.0509,1913.4336,0.5625,11,0.846153846,0.5625,1.1875,1.215016885,Diamond,4
CUST893,59.84,14.96,11.5154,4,14.925,2.76,27.23,11.97,2.9925,2.306,2.985,8,2.0,1.4142,1.5,1,4,13.4538,13.1014,0.69,27.23,12.9475,2.6919,2.6225,2.59,1,4,5/24/2024,5/24/2024,4,59.84,11.97,47.87,0.799966578,59.84,8.0,0.973806657,0.7071,0,0.0,365.0,4,4.0,472,1,59.84,2,1,1,211,59.84,0.126511628,7,1.125,2,11.8781,15.2565,0.69,38.9535,21.2575,2.6572,1.5855,0.5,5,0.714285714,0.5,1.125,1.284422593,Diamond,4
CUST894,345.37,19.1872,14.89,18,13.245,2.25,52.66,252.03,14.0017,16.2331,5.3,440,24.4444,23.3143,16.0,1,60,9.6778,14.9687,0.0375,39.15,0.7833,9.3089,15.1736,0.3135,1,18,12/18/2023,12/18/2023,18,345.37,252.03,93.34,0.27026088,345.37,440.0,1.54670483,0.953768552,0,0.0,365.0,18,18.0,630,1,345.37,2,1,1,211,345.37,0.547337559,21,1.2222,2,10.9788,15.3923,0.0375,46.5937,506.481,18.7586,21.2182,0.6667,22,1.047619048,0.6667,1.2222,1.40200204,Diamond,4
CUST895,3832.27,166.6204,57.3418,23,157.06,88.99,313.12,1691.31,73.5352,13.947,80.1,350,15.2174,14.3399,10.0,10,60,14.2302,5.3461,2.5426,24.987,15.706,6.8229,2.502,8.01,23,2,1/24/2022,6/25/2025,23,3832.27,1691.31,2140.96,0.558666274,166.6204348,15.2173913,0.375686919,0.942335747,1248,54.26086957,6.721377102,2,0.086956522,75,23,3832.27,4,4,3,443,3832.27,1159.765921,34,1.2917,2,14.186,5.4751,2.5426,24.987,824.1498,17.1698,16.3395,0.4792,32,0.941176471,0.4792,1.2917,0.385950938,Platinum,5
CUST896,7229.5,289.18,231.4353,25,242.6,39.5,774.0,3196.42,127.8568,98.7507,104.08,12500,500.0,485.6267,300.0,100,2000,1.4793,1.1774,0.0395,4.0476,1.8364,0.6524,0.493,0.9241,10,8,6/17/2022,9/4/2025,25,7229.5,3196.42,4033.08,0.557864306,722.95,1250.0,0.795916988,0.9712534,1175,117.5,3.103741497,8,0.8,4,10,7229.5,5,3,3,533,7229.5,14459.0,34,1.2444,2,1.6018,1.1365,0.0395,4.0476,22398.2927,497.7398,541.7855,0.5556,33,0.970588235,0.5556,1.2444,0.709514296,Platinum,5
CUST897,6392.18,206.1994,128.4859,31,213.02,6.46,565.43,3076.89,99.2545,57.3855,98.73,1894,61.0968,65.0074,36.0,1,200,30.1522,42.9998,0.0323,103.6067,4.8954,14.7739,20.9448,2.5642,20,9,8/9/2022,7/9/2025,31,6392.18,3076.89,3315.29,0.518647785,319.609,94.7,1.426091628,1.064006626,1065,53.25,6.848030019,9,0.45,61,20,6392.18,4,3,3,433,6392.18,2061.993548,53,1.2535,2,35.4216,48.9664,0.0323,130.9718,4866.1938,68.5379,67.2137,0.4366,40,0.754716981,0.4366,1.2535,1.382388147,Platinum,5
CUST898,1679.31,119.9507,107.4977,14,126.26,3.23,243.24,720.72,51.48,45.9289,52.885,3512,250.8571,276.1053,102.5,2,1000,17.4947,59.3771,0.0323,223.67,2.1302,8.0343,27.5383,0.9014,8,3,8/24/2022,8/27/2025,14,1679.31,720.72,958.59,0.570823731,209.91375,439.0,3.394005042,1.100647739,1099,137.375,2.654545455,3,0.375,12,8,1679.31,5,3,2,532,1679.31,1033.421538,18,1.1818,2,37.1158,92.396,0.0323,312.4471,5716.2599,259.83,294.3526,0.6364,18,1.0,0.6364,1.1818,2.489398046,Platinum,5
CUST899,490.14,163.38,129.2802,3,208.0,17.7,264.44,224.01,74.67,55.974,104.92,700,233.3333,230.9401,100.0,100,500,1.5866,1.3727,0.0354,2.6444,2.08,0.7198,0.6063,1.0492,2,2,2/21/2022,3/29/2023,3,490.14,224.01,266.13,0.542967315,245.07,350.0,0.865183411,0.989743427,401,200.5,1.815920398,2,1.0,894,2,490.14,1,1,1,111,490.14,1.095284916,3,1.0,1,1.5866,1.3727,0.0354,2.6444,700.0,233.3333,230.9401,1.0,3,1.0,1.0,1.0,0.865183411,Diamond,4
CUST9,5982605.91,257.5158,3647.3452,23232,105.99,0.02,391287.98,3456576.788,148.7852,562.6714,70.815,65823501,2833.3119,7805.3009,500.0,1,140000,5.4423,15.42,0.0005,630.0,0.2234,3.8198,10.9517,0.174,4348,2268,1/3/2022,9/8/2025,23232,5982605.91,3456576.788,2526029.122,0.422228902,1375.944322,15138.79968,2.833360895,2.754832922,1344,0.309107636,1179.94052,2268,0.521619135,0,4348,5982605.91,5,5,5,555,5982605.91,26012370497.0,33827,1.2212,2,5.7912,16.1147,0.0005,630.0,125566436.2,2891.0376,8162.917,0.5349,29764,0.879888846,0.5349,1.2212,2.782618456,Bronze,1
CUST90,20374.56,61.3692,70.6371,332,32.97,2.44,600.22,12879.22,38.7928,44.5718,22.845,18726,56.4036,109.7531,43.0,1,1000,14.6789,26.2675,0.2542,192.06,1.678,8.8642,17.4773,1.1206,154,30,1/5/2022,9/2/2025,332,20374.56,12879.22,7495.34,0.367877392,132.3023377,121.5974026,1.789473326,1.945852747,1336,8.675324675,42.04188482,30,0.194805195,6,154,20374.56,5,5,4,554,20374.56,448240.32,479,1.2336,2,15.929,28.6322,0.2542,210.8563,35463.1253,56.741,101.3835,0.5312,434,0.90605428,0.5312,1.2336,1.797488857,Platinum,5
CUST900,21422.89,1190.1606,1371.4176,18,337.2,80.64,3731.76,9935.31,551.9617,614.1271,161.2,73053,4058.5,3040.2272,4000.0,200,8000,1.0384,1.2974,0.0354,3.1098,0.0448,0.4932,0.6125,0.0202,14,2,4/26/2022,4/5/2024,18,21422.89,9935.31,11487.58,0.536229239,1530.206429,5218.071429,1.249422188,0.749101195,710,50.71428571,7.187060478,2,0.142857143,521,14,21422.89,2,3,4,234,21422.89,574.5602682,30,1.2105,2,1.0969,1.425,0.0354,3.7462,151022.4726,3974.2756,2944.9123,0.4737,22,0.733333333,0.4737,1.2105,1.29911569,Diamond,4
CUST901,1846.79,923.395,1196.2762,2,923.395,77.5,1769.29,1272.71,636.355,828.6938,636.355,3760,1880.0,876.8124,1880.0,1260,2500,0.7176,0.971,0.031,1.4042,0.7176,0.4951,0.6717,0.4951,1,2,8/29/2022,9/7/2022,2,1846.79,1272.71,574.08,0.310852885,1846.79,3760.0,1.353121516,0.466389574,9,9.0,36.5,2,2.0,1097,1,1846.79,1,1,2,112,1846.79,1.681958106,2,1.0,1,0.7176,0.971,0.031,1.4042,3760.0,1880.0,876.8124,1.0,2,1.0,1.0,1.0,1.353121516,Diamond,4
CUST902,4826.8,603.35,497.2238,8,620.42,102.4,1096.36,2147.4,268.425,232.871,240.51,5600,700.0,320.7135,700.0,400,1000,1.4018,1.3509,0.1024,2.7409,1.3552,0.6319,0.6238,0.5621,5,2,3/10/2022,9/3/2025,8,4826.8,2147.4,2679.4,0.555108975,965.36,1120.0,0.963689542,0.458162143,1273,254.6,1.432496075,2,0.4,5,5,4826.8,5,2,3,523,4826.8,4022.333333,11,1.2667,2,1.8378,1.4921,0.1024,3.9862,9745.0139,649.6676,293.2874,0.5333,11,1.0,0.5333,1.2667,0.811894657,Platinum,5
CUST903,27679.8,2306.65,410.8716,12,2515.56,1500.0,2716.32,13062.0,1088.5,89.5976,1132.0,4800,400.0,0.0,400.0,400,400,5.7666,1.0272,3.75,6.7908,6.2889,2.7212,0.224,2.83,11,1,4/1/2022,8/13/2025,12,27679.8,13062.0,14617.8,0.528103527,2516.345455,436.3636364,0.178129227,0.0,1230,111.8181818,3.261575955,1,0.090909091,26,11,27679.8,4,3,4,434,27679.8,11276.95556,18,1.1818,2,5.9713,1.1374,3.75,8.2766,8930.7101,405.9414,28.17,0.5455,15,0.833333333,0.5455,1.1818,0.190477785,Platinum,5
CUST904,1489.08,248.18,177.8622,6,229.77,41.54,540.0,936.24,156.04,120.6169,119.24,29,4.8333,4.1191,3.0,1,10,98.843,93.6442,4.154,270.0,91.875,71.6483,71.394,60.905,3,5,2/14/2022,4/23/2024,6,1489.08,936.24,552.84,0.371262793,496.36,9.666666667,0.947403458,0.852233464,799,266.3333333,1.36875,5,1.666666667,503,3,1489.08,2,2,2,222,1489.08,8.863571429,10,1.2308,2,108.7982,90.1762,4.154,295.0842,57.4561,4.4197,4.1873,0.4615,8,0.8,0.4615,1.2308,0.82883908,Platinum,5
CUST905,2604.84,868.28,196.1036,3,875.64,668.6,1060.6,966.69,322.23,215.9078,400.61,2800,933.3333,923.7604,400.0,400,2000,1.725,1.2263,0.3343,2.6515,2.1891,0.7535,0.6283,1.0015,2,2,6/26/2023,8/1/2024,3,2604.84,966.69,1638.15,0.628886995,1302.42,1400.0,0.710898551,0.989743321,402,201.0,1.811414392,2,1.0,403,2,2604.84,2,1,2,212,2604.84,12.89524752,4,1.2,2,1.7643,1.345,0.3343,3.2755,4948.7765,989.7553,812.4256,0.6,4,1.0,0.6,1.2,0.762342005,Diamond,4
CUST906,2169.18,542.295,333.4694,4,593.695,160.0,821.79,1114.47,278.6175,119.7687,292.41,2800,700.0,867.9478,300.0,200,2000,1.8466,1.2537,0.08,2.7393,2.2836,0.9329,0.5828,1.1697,3,2,4/21/2022,10/30/2024,4,2169.18,1114.47,1054.71,0.48622521,723.06,933.3333333,0.678923427,1.239925429,923,307.6666667,1.185064935,2,0.666666667,313,3,2169.18,3,2,2,322,2169.18,20.72464968,7,1.0,1,1.6378,1.1208,0.08,2.7393,5008.1226,715.4461,807.9146,0.5714,4,0.571428571,0.5714,1.0,0.684332641,Platinum,5
CUST907,256.8,85.6,72.6901,3,117.46,2.42,136.92,184.43,61.4767,54.2705,76.56,13,4.3333,4.9329,2.0,1,10,65.2973,68.5753,0.242,136.92,58.73,48.3387,53.9499,38.28,3,3,6/7/2022,11/22/2022,3,256.8,184.43,72.37,0.281814642,85.6,4.333333333,1.050201157,1.138370295,168,56.0,6.479289941,3,1.0,1021,3,256.8,1,2,1,121,256.8,0.753816047,3,1.25,2,91.3149,76.4376,0.242,169.3678,14.0,3.5,4.3589,0.75,4,1.333333333,0.75,1.25,0.837076972,Diamond,4
CUST908,5301.9,757.4143,1026.1974,7,406.6,96.6,2979.2,1677.7,239.6714,203.1302,195.82,117000,16714.2857,16918.5725,16000.0,1000,49000,0.0545,0.0336,0.0214,0.0966,0.0608,0.0232,0.0149,0.0137,4,4,5/15/2024,7/11/2025,7,5301.9,1677.7,3624.2,0.683566269,1325.475,29250.0,0.616513761,1.012222287,422,105.5,3.451536643,4,1.0,59,4,5301.9,4,2,3,423,5301.9,353.46,8,1.3846,2,0.0626,0.0414,0.0214,0.1299,168652.211,12973.247,14429.1317,0.5385,11,1.375,0.5385,1.3846,0.661341853,Diamond,4
CUST909,2493.52,1246.76,1128.203,2,1246.76,449.0,2044.52,1722.94,861.47,661.1024,861.47,2,1.0,0.0,1.0,1,1,1246.76,1128.203,449.0,2044.52,1246.76,861.47,661.1024,861.47,2,2,1/13/2022,1/13/2022,2,2493.52,1722.94,770.58,0.309033014,1246.76,1.0,0.904907921,0.0,0,0.0,730.0,2,1.0,1334,2,2493.52,1,1,2,112,2493.52,3.735610487,2,1.3333,2,1790.4283,1234.1583,449.0,2877.7649,3.0,1.0,0.0,0.6667,3,1.5,0.6667,1.3333,0.689308977,Diamond,4
CUST91,422269.51,154.1692,294.727,2739,84.8,0.28,5351.66,265251.27,96.8424,198.7609,47.9,689023,251.5601,1448.2012,6.0,1,17500,57.3653,147.1306,0.0168,4273.6823,29.2,35.4073,76.8945,19.855,383,90,1/4/2022,9/3/2025,2739,422269.51,265251.27,157018.24,0.37184366,1102.531358,1799.015666,2.564801369,5.756879569,1338,3.493472585,104.4025392,90,0.234986945,5,383,422269.51,5,5,5,555,422269.51,26954870.39,3942,1.2214,2,61.8884,145.055,0.0168,4311.6716,1285995.102,253.9986,1419.3443,0.541,3511,0.890664637,0.541,1.2214,2.343815642,Platinum,5
CUST910,781.02,260.34,278.5095,3,184.1,27.89,569.03,560.0,186.6667,199.6931,132.0,6,2.0,0.0,2.0,2,2,130.17,139.2547,13.945,284.515,92.05,93.3333,99.8465,66.0,1,3,8/10/2023,8/10/2023,3,781.02,560.0,221.02,0.282988912,781.02,6.0,1.069791042,0.0,0,0.0,365.0,3,3.0,760,1,781.02,2,1,2,212,781.02,1.02630749,4,1.2,2,215.2463,154.5833,13.945,378.3247,10.2828,2.0566,0.1265,0.6,4,1.0,0.6,1.2,0.718169372,Diamond,4
CUST911,354.4,70.88,31.7507,5,91.03,18.45,91.04,192.19,38.438,17.9928,49.72,12,2.4,0.8944,2.0,2,4,34.5175,17.7972,4.6125,45.52,45.515,18.7955,9.8842,24.86,5,3,1/28/2022,2/22/2024,5,354.4,192.19,162.21,0.45770316,70.88,2.4,0.515599334,0.372666667,755,151.0,2.414021164,3,0.6,564,5,354.4,2,2,1,221,354.4,3.136283186,6,1.0,1,29.6066,19.9523,4.6125,45.52,15.7453,2.6242,0.9704,0.8333,5,0.833333333,0.8333,1.0,0.673913925,Diamond,4
CUST912,456.0,456.0,0.0,1,456.0,456.0,456.0,296.4,296.4,0.0,296.4,12,12.0,0.0,12.0,12,12,38.0,0.0,38.0,38.0,38.0,24.7,0.0,24.7,1,1,5/1/2025,5/1/2025,1,456.0,296.4,159.6,0.35,456.0,12.0,0.0,0.0,0,0.0,365.0,1,1.0,130,1,456.0,3,1,1,311,456.0,3.480916031,1,1.0,1,38.0,0.0,38.0,38.0,12.0,12.0,0.0,1.0,1,1.0,1.0,1.0,0.0,Diamond,4
CUST913,238.31,79.4367,86.5543,3,33.96,25.1,179.25,131.18,43.7267,50.2256,19.02,12,4.0,3.6056,3.0,1,8,32.2825,28.3435,3.1375,59.75,33.96,18.0633,16.2761,19.02,1,3,9/28/2022,2/3/2023,3,238.31,131.18,107.13,0.449540514,238.31,12.0,0.877983428,0.9014,128,128.0,2.829457364,3,3.0,948,1,238.31,1,1,1,111,238.31,0.251116965,4,1.0,1,40.4185,28.2904,3.1375,64.8266,14.741,3.6852,3.0105,0.75,3,0.75,0.75,1.0,0.69993691,Diamond,4
CUST914,2556.18,852.06,1259.4945,3,246.11,10.07,2300.0,1451.3,483.7667,718.4591,135.36,254,84.6667,102.4955,50.0,4,200,24.4096,32.6377,0.2014,61.5275,11.5,13.5029,17.9036,6.55,3,3,3/21/2022,11/3/2022,3,2556.18,1451.3,1104.88,0.432238731,852.06,84.66666667,1.33708459,1.210576295,227,75.66666667,4.802631579,3,1.0,1040,3,2556.18,1,2,2,122,2556.18,7.366512968,6,1.4,2,25.6932,29.5415,0.2014,70.9426,981.6528,98.1653,93.0295,0.3,5,0.833333333,0.3,1.4,1.14977893,Diamond,4
CUST915,23953.8,887.1778,443.353,27,905.78,94.48,1455.6,12634.98,467.9622,229.6793,579.7,200,7.4074,3.0288,10.0,1,10,114.9275,30.1318,47.24,145.56,120.45,60.4689,15.6173,63.24,19,5,4/14/2022,9/2/2025,27,23953.8,12634.98,11318.82,0.472527115,1260.726316,10.52631579,0.26218094,0.408888409,1237,65.10526316,5.60177706,5,0.263157895,6,19,23953.8,5,3,4,534,23953.8,65017.45714,38,1.1915,2,126.7932,34.8996,47.24,213.8941,342.9402,7.2966,3.1088,0.5745,34,0.894736842,0.5745,1.1915,0.275248199,Platinum,5
CUST916,104015.63,1253.2004,777.5622,83,1810.44,1.53,2907.7,50743.24,611.3643,376.3928,832.8,14433,173.8916,112.4626,240.0,1,480,7.9529,10.0543,0.3517,91.24,7.5435,3.8983,4.8007,3.47,37,10,1/17/2022,9/2/2025,83,104015.63,50743.24,53272.39,0.512157548,2811.233243,390.0810811,1.264230658,0.646739693,1324,35.78378378,10.19245283,10,0.27027027,6,37,104015.63,5,4,5,545,104015.63,549796.9014,119,1.2468,2,8.0019,7.8557,0.3517,91.24,28542.3638,180.6479,110.7951,0.5253,108,0.907563025,0.5253,1.2468,0.981729339,Platinum,5
CUST917,896.78,179.356,44.5626,5,199.28,99.64,199.29,502.2,100.44,24.9545,111.6,9,1.8,0.4472,2.0,1,2,99.642,0.0027,99.64,99.645,99.64,55.8,0.0,55.8,5,1,8/17/2022,5/6/2024,5,896.78,502.2,394.58,0.439996432,179.356,1.8,2.71e-05,0.248444444,628,125.6,2.901430843,1,0.2,490,5,896.78,2,2,2,222,896.78,9.132179226,6,1.1429,2,104.9696,11.9884,99.64,131.8094,12.9973,1.8568,0.3778,0.7143,6,1.0,0.7143,1.1429,0.114208304,Diamond,4
CUST918,202.14,101.07,81.6001,2,101.07,43.37,158.77,116.6,58.3,46.2448,58.3,52,26.0,33.9411,26.0,2,50,12.4302,13.0883,3.1754,21.685,12.4302,7.31,7.764,7.31,1,2,4/14/2022,4/14/2022,2,202.14,116.6,85.54,0.423172059,202.14,52.0,1.052943637,1.305426923,0,0.0,365.0,2,2.0,1243,1,202.14,1,1,1,111,202.14,0.162491961,3,1.25,2,13.534,11.2493,3.1754,24.7241,104.2442,26.0611,27.6425,0.5,3,1.0,0.5,1.25,0.831188119,Diamond,4
CUST919,553.17,110.634,34.0784,5,116.0,54.89,137.94,328.38,65.676,17.5847,73.32,9,1.8,0.4472,2.0,1,2,60.806,7.6489,53.2,68.97,58.0,36.296,1.6377,36.66,4,2,1/18/2022,11/7/2022,5,553.17,328.38,224.79,0.40636694,138.2925,2.25,0.125791863,0.248444444,293,73.25,4.965986395,2,0.5,1036,4,553.17,1,2,1,121,553.17,2.133731919,7,1.3,2,66.7502,11.6924,53.2,92.9648,17.2458,1.7246,0.5766,0.5,6,0.857142857,0.5,1.3,0.175166516,Diamond,4
CUST92,144402.15,171.2956,355.7288,843,40.78,0.37,4062.38,76532.95,90.7864,203.4429,20.92,364686,432.605,1564.6301,25.0,1,18055,28.3074,72.2565,0.011,1440.8,0.5612,16.0885,50.7917,0.1643,258,205,1/10/2022,9/4/2025,843,144402.15,76532.95,67869.2,0.470001312,559.6982558,1413.511628,2.55256576,3.616763791,1333,5.166666667,70.5922039,205,0.794573643,4,258,144402.15,5,5,5,555,144402.15,7451150.94,1220,1.2093,2,31.6297,85.61,0.011,1540.5856,656581.4941,425.5227,1543.3903,0.5463,1048,0.859016393,0.5463,1.2093,2.706633322,Gold,3
CUST920,248.78,82.9267,77.2617,3,60.21,19.57,169.0,192.02,64.0067,65.9578,40.94,3,1.0,0.0,1.0,1,1,82.9267,77.2617,19.57,169.0,60.21,64.0067,65.9578,40.94,1,3,8/29/2022,8/29/2022,3,248.78,192.02,56.76,0.228153389,248.78,3.0,0.931686658,0.0,0,0.0,365.0,3,3.0,1106,1,248.78,1,1,1,111,248.78,0.224733514,4,1.2,2,70.8384,61.429,19.57,169.0,5.05,1.01,0.0223,0.6,4,1.0,0.6,1.2,0.867170913,Diamond,4
CUST921,669.07,223.0233,78.1129,3,201.4,158.0,309.67,383.05,127.6833,58.0142,95.7,5,1.6667,0.5774,2.0,1,2,163.1233,127.3761,79.0,309.67,100.7,96.2833,85.1913,47.85,3,2,3/7/2022,3/20/2024,3,669.07,383.05,286.02,0.427488903,223.0233333,1.666666667,0.780857793,0.346433071,744,248.0,1.469798658,2,0.666666667,537,3,669.07,2,2,1,221,669.07,3.730873606,4,1.2,2,201.6159,161.3356,79.0,433.3587,7.6274,1.5255,0.5032,0.6,4,1.0,0.6,1.2,0.800212682,Diamond,4
CUST922,1210.38,172.9114,75.53,7,116.4,108.95,276.08,606.73,86.6757,31.5347,64.02,121,17.2857,38.6899,2.0,2,105,51.7779,22.4469,2.1302,69.02,58.2,27.1398,11.5711,32.01,4,3,1/21/2022,2/3/2025,7,1210.38,606.73,603.65,0.498727672,302.595,30.25,0.433522796,2.238260527,1109,277.25,1.315315315,3,0.75,217,4,1210.38,3,2,2,322,1210.38,22.20880734,9,1.3571,2,57.2431,24.4398,2.1302,80.2385,244.2523,17.4466,37.1022,0.5,10,1.111111111,0.5,1.3571,0.426947527,Platinum,5
CUST923,116.97,116.97,0.0,1,116.97,116.97,116.97,70.18,70.18,0.0,70.18,2,2.0,0.0,2.0,2,2,58.485,0.0,58.485,58.485,58.485,35.09,0.0,35.09,1,1,1/3/2025,1/3/2025,1,116.97,70.18,46.79,0.400017098,116.97,2.0,0.0,0.0,0,0.0,365.0,1,1.0,248,1,116.97,3,1,1,311,116.97,0.469759036,3,1.4,2,64.1145,3.6166,58.485,67.698,10.9182,2.1836,0.1098,0.2,1,0.333333333,0.2,1.4,0.056408457,Diamond,4
CUST924,394.8,394.8,0.0,1,394.8,394.8,394.8,236.88,236.88,0.0,236.88,6,6.0,0.0,6.0,6,6,65.8,0.0,65.8,65.8,65.8,39.48,0.0,39.48,1,1,3/23/2022,3/23/2022,1,394.8,236.88,157.92,0.4,394.8,6.0,0.0,0.0,0,0.0,365.0,1,1.0,1265,1,394.8,1,1,1,111,394.8,0.311848341,1,1.0,1,65.8,0.0,65.8,65.8,6.0,6.0,0.0,1.0,1,1.0,1.0,1.0,0.0,Diamond,4
CUST925,1436.0,1436.0,0.0,1,1436.0,1436.0,1436.0,1142.12,1142.12,0.0,1142.12,4,4.0,0.0,4.0,4,4,359.0,0.0,359.0,359.0,359.0,285.53,0.0,285.53,1,1,10/16/2023,10/16/2023,1,1436.0,1142.12,293.88,0.204651811,1436.0,4.0,0.0,0.0,0,0.0,365.0,1,1.0,693,1,1436.0,2,1,2,212,1436.0,2.069164265,1,1.0,1,359.0,0.0,359.0,359.0,4.0,4.0,0.0,1.0,1,1.0,1.0,1.0,0.0,Diamond,4
CUST926,7729.94,429.4411,615.4323,18,183.055,21.0,2545.25,7043.03,391.2794,559.2053,164.75,767,42.6111,59.8332,20.0,1,200,23.5012,27.5382,3.861,126.874,18.6126,21.3965,25.0143,16.9243,13,13,3/12/2025,8/28/2025,18,7729.94,7043.03,686.91,0.088863562,594.6107692,59.0,1.171778462,1.404169336,169,13.0,27.91176471,13,1.0,11,13,7729.94,5,3,3,533,7729.94,8374.101667,26,1.2121,2,21.6846,21.3928,3.861,126.874,1025.4227,31.0734,46.2726,0.5455,23,0.884615385,0.5455,1.2121,0.986543446,Diamond,4
CUST927,205.25,205.25,0.0,1,205.25,205.25,205.25,129.01,129.01,0.0,129.01,2,2.0,0.0,2.0,2,2,102.625,0.0,102.625,102.625,102.625,64.505,0.0,64.505,1,1,4/26/2022,4/26/2022,1,205.25,129.01,76.24,0.371449452,205.25,2.0,0.0,0.0,0,0.0,365.0,1,1.0,1231,1,205.25,1,1,1,111,205.25,0.166599026,1,1.5,2,121.186,26.2492,102.625,139.747,4.0,2.0,0.0,0.5,2,2.0,0.5,1.5,0.216602578,Diamond,4
CUST928,164921.51,796.7223,834.249,207,507.0,17.15,5589.78,128323.85,619.922,679.5256,389.24,1621,7.8309,15.6346,3.0,1,100,270.4957,221.5255,1.715,999.0,220.267,209.8517,180.8092,181.36,107,86,1/12/2022,8/22/2024,207,164921.51,128323.85,36597.66,0.221909562,1541.322523,15.14953271,0.818961263,1.996526581,953,8.906542056,40.93815514,86,0.803738318,382,107,164921.51,2,5,5,255,164921.51,46074.67773,293,1.2187,2,303.8389,246.0701,1.715,1273.4362,2531.0346,6.7494,13.7629,0.552,264,0.901023891,0.552,1.2187,0.809870296,Platinum,5
CUST929,10478.53,121.8434,256.867,86,61.99,3.57,2259.0,8193.19,95.2697,206.8902,43.4,126,1.4651,2.6243,1.0,1,25,116.892,257.1091,3.57,2259.0,42.49,91.58,206.9436,32.955,11,77,1/25/2022,4/28/2025,86,10478.53,8193.19,2285.34,0.218097386,952.5936364,11.45454545,2.199544024,1.791208791,1189,108.0909091,3.37394958,77,7.0,133,11,10478.53,3,3,3,333,10478.53,860.1778358,129,1.1988,2,106.6736,202.0634,3.57,2259.0,221.11,1.3734,1.9813,0.5342,105,0.813953488,0.5342,1.1988,1.894221251,Platinum,5
CUST93,718504.55,317.5009,249.0839,2263,266.25,0.33,1797.6,582489.42,257.397,198.9048,211.54,1704893,753.3774,2390.5763,30.0,1,33000,21.3378,28.6374,0.0092,402.9,13.695,19.6849,29.9621,8.4742,1519,75,1/5/2022,2/21/2025,2263,718504.55,582489.42,136015.13,0.189303088,473.0115537,1122.378539,1.342097123,3.173145757,1143,0.752468729,484.645979,75,0.049374589,199,1519,718504.55,3,5,5,355,718504.55,5457042.057,3260,1.2133,2,23.0594,30.904,0.0092,402.9,3120444.197,753.0029,2307.7926,0.5461,2872,0.880981595,0.5461,1.2133,1.340190985,Silver,2
CUST930,436.45,62.35,66.7958,7,28.18,12.84,199.0,322.46,46.0657,55.5864,18.88,18,2.5714,3.7353,1.0,1,11,55.7309,70.5018,2.1364,199.0,24.97,41.2229,57.6005,18.88,4,7,2/24/2022,8/19/2025,7,436.45,322.46,113.99,0.261175392,109.1125,4.5,1.265039682,1.452632807,1272,318.0,1.146897093,7,1.75,20,4,436.45,4,2,1,421,436.45,83.13333333,8,1.2727,2,97.0129,97.1731,2.1364,223.7321,22.3423,2.0311,2.9894,0.6364,9,1.125,0.6364,1.2727,1.001651327,Platinum,5
CUST931,3347.59,223.1727,250.5251,15,199.0,19.97,1047.0,2606.41,173.7607,207.8276,163.15,24,1.6,0.9856,1.0,1,4,152.31,116.7188,9.99,349.0,119.0,117.0473,95.1979,95.0,6,15,2/2/2022,8/9/2022,15,3347.59,2606.41,741.18,0.221407042,557.9316667,4.0,0.766323945,0.616,188,31.33333333,11.58730159,15,2.5,1126,6,3347.59,1,2,3,123,3347.59,17.82212955,21,1.1923,2,153.2201,116.9989,9.99,391.9954,37.1742,1.4298,0.8544,0.5769,20,0.952380952,0.5769,1.1923,0.763600207,Diamond,4
CUST932,159.13,79.565,98.1959,2,79.565,10.13,149.0,125.04,62.52,79.8182,62.52,9,4.5,4.9497,4.5,1,8,75.1331,104.4635,1.2663,149.0,75.1331,59.86,83.58,59.86,1,2,4/28/2025,4/28/2025,2,159.13,125.04,34.09,0.214227361,159.13,9.0,1.390379207,1.099933333,0,0.0,365.0,2,2.0,133,1,159.13,3,1,1,311,159.13,1.187537313,3,1.25,2,120.9337,80.2202,1.2663,167.8459,10.7881,2.697,3.5357,0.5,2,0.666666667,0.5,1.25,0.663340326,Diamond,4
CUST933,311.19,44.4557,37.5617,7,39.5,4.45,122.74,146.58,20.94,16.8267,17.83,205,29.2857,35.2217,14.0,1,100,2.9072,1.9877,0.79,5.912,1.9184,1.5381,1.1844,0.8779,3,7,2/15/2023,2/19/2024,7,311.19,146.58,164.61,0.52896944,103.73,68.33333333,0.683716291,1.202692782,369,123.0,2.959459459,7,2.333333333,567,3,311.19,2,2,1,221,311.19,1.643609155,9,1.3077,2,2.7596,1.9237,0.79,5.912,435.4636,33.4972,34.246,0.5385,11,1.222222222,0.5385,1.3077,0.697093782,Diamond,4
CUST934,218.0,218.0,0.0,1,218.0,218.0,218.0,153.0,153.0,0.0,153.0,2,2.0,0.0,2.0,2,2,109.0,0.0,109.0,109.0,109.0,76.5,0.0,76.5,1,1,6/17/2022,6/17/2022,1,218.0,153.0,65.0,0.298165138,218.0,2.0,0.0,0.0,0,0.0,365.0,1,1.0,1179,1,218.0,1,1,1,111,218.0,0.184745763,1,1.5,2,121.5336,17.7252,109.0,134.0673,4.0,2.0,0.0,0.5,2,2.0,0.5,1.5,0.145846087,Diamond,4
CUST935,5236.18,130.9045,151.4578,40,99.495,0.89,739.0,4117.17,102.9292,125.9149,77.0,53,1.325,0.9167,1.0,1,6,129.6468,152.4529,0.445,739.0,99.495,102.1666,126.5025,77.0,24,38,4/4/2022,2/7/2025,40,5236.18,4117.17,1119.01,0.213707321,218.1741667,2.208333333,1.175909471,0.691849057,1040,43.33333333,8.414985591,38,1.583333333,213,24,5236.18,3,4,3,343,5236.18,587.2351402,57,1.1493,2,125.5411,143.802,0.445,739.0,86.3417,1.2887,0.9384,0.597,47,0.824561404,0.597,1.1493,1.145457543,Platinum,5
CUST936,2056.49,228.4989,155.1527,9,190.0,31.67,449.0,1750.35,194.4833,141.2771,165.2,9,1.0,0.0,1.0,1,1,228.4989,155.1527,31.67,449.0,190.0,194.4833,141.2771,165.2,5,9,1/13/2022,5/29/2024,9,2056.49,1750.35,306.14,0.1488653,411.298,1.8,0.67900852,0.0,867,173.4,2.102534562,9,1.8,467,5,2056.49,2,2,2,222,2056.49,21.97104701,13,1.2353,2,255.3385,168.4608,31.67,581.4146,16.9,0.9941,0.073,0.5294,12,0.923076923,0.5294,1.2353,0.659754796,Platinum,5
CUST937,1219.13,87.0807,138.1691,14,19.4,2.33,449.0,952.22,68.0157,115.4179,10.545,847,60.5,212.9362,2.0,1,800,75.1213,142.3561,0.0712,449.0,5.444,61.1777,118.1788,2.428,7,13,1/27/2022,4/5/2023,14,1219.13,952.22,266.91,0.218934814,174.1614286,121.0,1.89501646,3.519606612,433,61.85714286,5.887096774,13,1.857142857,887,7,1219.13,1,2,2,122,1219.13,9.610259009,17,1.2609,2,103.1627,170.841,0.0712,516.2087,1682.3363,73.1451,229.4616,0.6087,20,1.176470588,0.6087,1.2609,1.656034594,Diamond,4
CUST938,1862.06,116.3788,106.6172,16,74.495,13.16,299.0,1382.72,86.42,83.1556,55.27,26,1.625,2.2472,1.0,1,10,114.8266,108.1889,1.316,299.0,74.495,85.5888,83.9901,55.27,6,15,5/22/2025,9/3/2025,16,1862.06,1382.72,479.34,0.257424573,310.3433333,4.333333333,0.942193708,1.382892308,104,17.33333333,20.85714286,15,2.5,5,6,1862.06,5,2,2,522,1862.06,1862.06,27,1.2703,2,104.9327,105.1536,1.316,359.6758,72.3555,1.9556,2.6749,0.4324,22,0.814814815,0.4324,1.2703,1.002105159,Diamond,4
CUST939,1256.39,251.278,268.6053,5,141.16,17.46,649.99,1038.54,207.708,237.4426,97.4,6,1.2,0.4472,1.0,1,2,246.4,273.3812,17.46,649.99,141.16,205.044,240.0425,97.4,3,5,4/21/2022,3/31/2023,5,1256.39,1038.54,217.85,0.173393612,418.7966667,2.0,1.109501623,0.372666667,344,114.6666667,3.173913043,5,1.666666667,892,3,1256.39,1,2,2,122,1256.39,4.220795073,8,1.1111,2,148.5542,225.4923,17.46,649.99,13.3133,1.4793,0.5511,0.5556,6,0.75,0.5556,1.1111,1.517912654,Diamond,4
CUST94,227138.23,217.774,401.304,1043,105.71,0.21,5800.0,170623.17,163.5888,318.44,66.4,56916,54.5695,297.6286,2.0,1,4000,125.2643,243.2347,0.014,5800.0,39.97,99.33,211.9217,23.39,429,590,1/11/2022,9/5/2025,1043,227138.23,170623.17,56515.06,0.248813509,529.4597436,132.6713287,1.941771917,5.454119975,1333,3.107226107,117.38006,590,1.375291375,3,429,227138.23,5,5,5,555,227138.23,24360575.17,1510,1.2111,2,128.2393,257.8865,0.014,6581.2573,112750.822,58.9085,320.0795,0.5449,1318,0.872847682,0.5449,1.2111,2.010978694,Gold,3
CUST940,1171.65,195.275,297.9892,6,106.095,5.93,790.0,896.77,149.4617,271.7581,29.07,113,18.8333,24.3919,5.5,1,50,42.0928,60.1059,1.2638,149.0,10.155,35.5205,53.0097,6.665,4,5,1/31/2022,9/17/2024,6,1171.65,896.77,274.88,0.234609312,292.9125,28.25,1.427937795,1.295147425,960,240.0,1.51925078,5,1.25,356,4,1171.65,3,2,2,322,1171.65,13.12773109,9,1.3571,2,57.2106,63.6589,1.2638,161.2929,186.6481,13.332,20.1861,0.4286,9,1.0,0.4286,1.3571,1.11271163,Platinum,5
CUST941,194.73,38.946,53.0082,5,9.99,4.77,129.0,146.27,29.254,42.7166,7.0,9,1.8,1.7889,1.0,1,5,38.1828,53.6469,0.954,129.0,9.99,28.7964,43.0807,7.0,2,5,8/3/2022,8/9/2022,5,194.73,146.27,48.46,0.248857392,97.365,4.5,1.405001729,0.993833333,6,3.0,104.2857143,5,2.5,1126,2,194.73,1,1,1,111,194.73,0.345572316,6,1.25,2,48.9445,59.7988,0.954,152.0999,16.1991,2.0249,1.8376,0.625,7,1.166666667,0.625,1.25,1.221767512,Diamond,4
CUST942,2236.53,223.653,170.7596,10,213.5,20.39,549.0,1833.43,183.343,148.0094,159.015,21,2.1,2.8067,1.0,1,10,199.0404,186.7349,8.014,549.0,164.0,165.294,160.4233,126.515,7,7,10/12/2022,8/18/2025,10,2236.53,1833.43,403.1,0.18023456,319.5042857,3.0,0.938175868,1.33652381,1041,148.7142857,2.452015355,7,1.0,21,7,2236.53,4,2,2,422,2236.53,711.6231818,17,1.15,2,246.3258,216.6755,8.014,626.3813,32.1372,1.6069,2.0117,0.5,11,0.647058824,0.5,1.15,0.879629742,Platinum,5
CUST943,961.0,240.25,116.5029,4,221.5,119.0,399.0,823.59,205.8975,109.706,193.67,4,1.0,0.0,1.0,1,1,240.25,116.5029,119.0,399.0,221.5,205.8975,109.706,193.67,1,4,3/15/2023,3/15/2023,4,961.0,823.59,137.41,0.142986472,961.0,4.0,0.484923621,0.0,0,0.0,365.0,4,4.0,908,1,961.0,1,1,2,112,961.0,1.057205721,7,1.125,2,264.2712,101.1937,119.0,427.2481,8.0494,1.0062,0.1105,0.5,4,0.571428571,0.5,1.125,0.38291611,Diamond,4
CUST944,349.0,349.0,0.0,1,349.0,349.0,349.0,307.75,307.75,0.0,307.75,1,1.0,0.0,1.0,1,1,349.0,0.0,349.0,349.0,349.0,307.75,0.0,307.75,1,1,1/11/2022,1/11/2022,1,349.0,307.75,41.25,0.118194842,349.0,1.0,0.0,0.0,0,0.0,365.0,1,1.0,1336,1,349.0,1,1,1,111,349.0,0.261032162,1,1.0,1,349.0,0.0,349.0,349.0,1.0,1.0,0.0,1.0,1,1.0,1.0,1.0,0.0,Diamond,4
CUST945,4254.38,184.973,119.4201,23,179.0,37.39,499.0,3282.66,142.7243,103.6483,122.4,24,1.0435,0.2085,1.0,1,2,179.7991,119.596,37.39,499.0,149.0,138.5852,103.5587,100.0,18,19,6/29/2022,9/8/2025,23,4254.38,3282.66,971.72,0.228404609,236.3544444,1.333333333,0.66516462,0.199808337,1167,64.83333333,5.625,19,1.055555556,0,18,4254.38,5,3,3,533,4254.38,76578.84,34,1.2273,2,174.1523,103.9188,37.39,499.0,47.1594,1.0718,0.2212,0.5227,29,0.852941176,0.5227,1.2273,0.596712188,Platinum,5
CUST946,1058.06,176.3433,131.8513,6,144.5,44.37,417.0,682.05,113.675,78.9961,107.5,34,5.6667,9.5009,2.0,1,25,103.02,78.1268,1.7748,219.0,107.0,70.4433,60.8059,70.4,3,5,8/27/2024,1/23/2025,6,1058.06,682.05,376.01,0.355376822,352.6866667,11.33333333,0.758365366,1.676619549,149,49.66666667,7.3,5,1.666666667,228,3,1058.06,3,2,2,322,1058.06,13.86104803,10,1.2308,2,102.8949,75.0868,1.7748,248.8717,70.7288,5.4407,8.7059,0.4615,8,0.8,0.4615,1.2308,0.729742679,Diamond,4
CUST947,698.0,349.0,141.4214,2,349.0,249.0,449.0,593.0,296.5,137.8858,296.5,2,1.0,0.0,1.0,1,1,349.0,141.4214,249.0,449.0,349.0,296.5,137.8858,296.5,1,2,1/12/2022,1/19/2022,2,698.0,593.0,105.0,0.150429799,698.0,2.0,0.405218911,0.0,7,7.0,45.625,2,2.0,1328,1,698.0,1,1,1,111,698.0,0.525206922,2,1.0,1,349.0,141.4214,249.0,449.0,2.0,1.0,0.0,1.0,2,1.0,1.0,1.0,0.405218911,Diamond,4
CUST948,876.99,175.398,96.4623,5,219.0,39.99,260.0,624.74,124.948,69.0526,165.2,6,1.2,0.4472,1.0,1,2,149.398,84.7694,39.99,249.0,130.0,107.198,63.337,88.75,2,5,1/6/2022,3/7/2022,5,876.99,624.74,252.25,0.287631558,438.495,3.0,0.567406525,0.372666667,60,30.0,11.96721311,5,2.5,1281,2,876.99,1,1,2,112,876.99,1.368159126,8,1.2,2,173.4721,94.5508,39.99,313.6445,12.2084,1.2208,0.4365,0.5,6,0.75,0.5,1.2,0.545049031,Diamond,4
CUST949,699.0,699.0,0.0,1,699.0,699.0,699.0,559.25,559.25,0.0,559.25,1,1.0,0.0,1.0,1,1,699.0,0.0,699.0,699.0,699.0,559.25,0.0,559.25,1,1,1/17/2022,1/17/2022,1,699.0,559.25,139.75,0.199928469,699.0,1.0,0.0,0.0,0,0.0,365.0,1,1.0,1330,1,699.0,1,1,1,111,699.0,0.525169046,1,1.0,1,699.0,0.0,699.0,699.0,1.0,1.0,0.0,1.0,1,1.0,1.0,1.0,0.0,Diamond,4
CUST95,20494.06,59.5758,48.3285,344,50.61,4.11,547.5,12149.69,35.3189,29.8194,32.04,3761,10.9331,11.5192,8.5,1,60,27.9707,26.1844,2.5175,116.365,11.47,16.1897,14.6913,6.8525,55,26,1/4/2022,6/26/2023,344,20494.06,12149.69,8344.37,0.407160416,372.6192727,68.38181818,0.936136743,1.053607851,538,9.781818182,37.24489796,26,0.472727273,805,55,20494.06,2,4,4,244,20494.06,1398.47804,522,1.2232,2,30.3267,27.5661,2.5175,118.8615,7071.2268,10.5227,11.0396,0.5119,442,0.846743295,0.5119,1.2232,0.908971303,Diamond,4
CUST950,37.0,37.0,0.0,1,37.0,37.0,37.0,24.06,24.06,0.0,24.06,1,1.0,0.0,1.0,1,1,37.0,0.0,37.0,37.0,37.0,24.06,0.0,24.06,1,1,6/13/2023,6/13/2023,1,37.0,24.06,12.94,0.34972973,37.0,1.0,0.0,0.0,0,0.0,365.0,1,1.0,818,1,37.0,2,1,1,211,37.0,0.045177045,1,1.5,2,43.5157,9.2145,37.0,50.0313,2.0,1.0,0.0,0.5,2,2.0,0.5,1.5,0.211751161,Diamond,4
CUST951,5620.72,936.7867,966.4044,6,851.85,11.89,2089.65,5247.55,874.5917,897.8105,843.45,71,11.8333,2.2286,11.0,10,15,69.8042,70.1286,1.189,148.66,63.255,65.09,65.0358,62.415,3,6,11/29/2023,4/15/2025,6,5620.72,5247.55,373.17,0.06639185,1873.573333,23.66666667,1.004647285,0.188332925,503,167.6666667,2.172619048,6,2.0,146,3,5620.72,3,2,3,323,5620.72,114.7085714,9,1.1,2,56.0421,63.8873,1.189,148.66,114.422,11.4422,2.8484,0.6,7,0.777777778,0.6,1.1,1.139987616,Diamond,4
CUST952,439.87,219.935,29.6066,2,219.935,199.0,240.87,314.72,157.36,17.8757,157.36,37,18.5,24.7487,18.5,1,36,102.8454,135.9831,6.6908,199.0,102.8454,87.01,117.3656,87.01,2,2,1/24/2022,5/4/2022,2,439.87,314.72,125.15,0.28451588,219.935,18.5,1.322208869,1.337767568,100,50.0,7.227722772,2,1.0,1223,2,439.87,1,1,1,111,439.87,0.71874183,3,1.25,2,121.2635,135.0974,6.6908,271.7906,68.2068,17.0517,18.6852,0.5,3,1.0,0.5,1.25,1.114081319,Diamond,4
CUST953,260.28,37.1829,44.9701,7,17.02,1.14,119.89,168.87,24.1243,29.4183,9.36,992,141.7143,172.0084,100.0,1,500,24.0249,45.8935,0.0127,119.89,0.0851,13.6993,26.1574,0.0468,5,7,1/20/2022,4/13/2022,7,260.28,168.87,91.41,0.351198709,52.056,198.4,1.910247285,1.213768829,83,16.6,21.72619048,7,1.4,1244,5,260.28,1,2,1,121,260.28,1.045301205,10,1.2308,2,16.874,36.0179,0.0127,119.89,1817.7055,139.8235,168.4664,0.5385,8,0.8,0.5385,1.2308,2.134520564,Diamond,4
CUST954,2003.0,250.375,141.6161,8,199.5,179.0,599.0,1696.15,212.0188,135.1748,169.8,9,1.125,0.3536,1.0,1,2,237.875,150.8125,100.0,599.0,199.0,201.3937,142.1119,166.3,6,8,6/13/2022,7/18/2025,8,2003.0,1696.15,306.85,0.153195207,333.8333333,1.5,0.633998949,0.314311111,1131,188.5,1.934628975,8,1.333333333,52,6,2003.0,4,2,2,422,2003.0,226.754717,11,1.2143,2,225.4886,114.1263,100.0,599.0,16.3359,1.1668,0.3564,0.5714,10,0.909090909,0.5714,1.2143,0.506128913,Platinum,5
CUST955,388.98,129.66,34.0694,3,109.99,109.99,169.0,294.5,98.1667,36.7483,76.95,3,1.0,0.0,1.0,1,1,129.66,34.0694,109.99,169.0,109.99,98.1667,36.7483,76.95,2,2,4/20/2022,5/18/2022,3,388.98,294.5,94.48,0.242891665,194.49,1.5,0.262759525,0.0,28,14.0,25.17241379,2,1.0,1209,2,388.98,1,1,1,111,388.98,0.642942149,8,1.3333,2,157.5394,37.8559,109.99,195.3888,11.9587,0.9966,0.1148,0.25,4,0.5,0.25,1.3333,0.240294809,Diamond,4
CUST956,328.34,109.4467,161.6218,3,19.56,12.75,296.03,168.41,56.1367,84.7806,9.4,151,50.3333,49.5008,50.0,1,100,5.3672,6.5215,0.3912,12.75,2.9603,2.246,2.4873,1.54,2,3,3/28/2022,4/19/2024,3,328.34,168.41,159.93,0.487086557,164.17,75.5,1.215065584,0.983460254,753,376.5,0.968169761,3,1.5,507,2,328.34,2,1,1,211,328.34,1.292677165,3,1.25,2,4.8166,5.4374,0.3912,12.75,251.0,62.75,47.4368,0.75,4,1.333333333,0.75,1.25,1.128887597,Diamond,4
CUST957,360.83,120.2767,104.9165,3,149.0,3.99,207.84,324.75,108.25,99.5819,122.4,4,1.3333,0.5774,1.0,1,2,85.6367,74.2138,3.99,149.0,103.92,74.9167,63.8348,100.0,1,3,9/30/2024,9/30/2024,3,360.83,324.75,36.08,0.099991686,360.83,4.0,0.866612095,0.433060827,0,0.0,365.0,3,3.0,343,1,360.83,3,1,1,311,360.83,1.048924419,6,1.1429,2,118.558,56.4199,3.99,169.9255,9.1946,1.3135,0.4218,0.4286,3,0.5,0.4286,1.1429,0.475884377,Diamond,4
CUST958,909.3,60.62,59.3483,15,39.2,4.7,213.95,751.02,50.068,48.7831,35.6,111,7.4,5.054,10.0,1,12,34.0167,66.1178,2.35,213.95,3.92,25.902,53.1177,3.56,4,9,3/20/2024,12/6/2024,15,909.3,751.02,158.28,0.174067964,227.325,27.75,1.943686483,0.682972973,261,65.25,5.572519084,9,2.25,276,4,909.3,3,2,2,322,909.3,13.13068592,24,1.1724,2,31.3185,63.2499,2.35,213.95,217.0543,7.4846,4.8339,0.5172,19,0.791666667,0.5172,1.1724,2.019569903,Diamond,4
CUST959,185.68,61.8933,32.0231,3,76.28,25.2,84.2,96.82,32.2733,17.9852,38.51,281,93.6667,100.2015,80.0,1,200,8.8582,14.1549,0.421,25.2,0.9535,4.2376,6.7236,0.4814,3,3,1/7/2022,3/6/2023,3,185.68,96.82,88.86,0.478565274,61.89333333,93.66666667,1.597943149,1.069766523,423,141.0,2.58254717,3,1.0,917,3,185.68,1,2,1,121,185.68,0.606797386,5,1.1667,2,18.6518,13.9739,0.421,28.6616,283.9886,47.3314,81.1941,0.5,3,0.6,0.5,1.1667,0.749198469,Diamond,4
CUST96,2764.85,81.3191,44.8662,34,94.195,9.97,147.88,1815.48,53.3965,29.8024,64.08,1308,38.4706,64.3095,24.0,1,300,10.1211,11.0089,2.8925,33.615,4.1078,6.6248,7.3003,2.67,10,12,1/13/2022,8/16/2022,34,2764.85,1815.48,949.37,0.34337125,276.485,130.8,1.087717738,1.671653159,215,21.5,16.89814815,12,1.2,1119,10,2764.85,1,3,2,132,2764.85,24.68616071,47,1.2034,2,12.7773,13.5543,2.8925,41.9742,1869.5386,31.6871,55.0589,0.5763,42,0.893617021,0.5763,1.2034,1.060810969,Diamond,4
CUST960,94.73,94.73,0.0,1,94.73,94.73,94.73,52.1,52.1,0.0,52.1,1,1.0,0.0,1.0,1,1,94.73,0.0,94.73,94.73,94.73,52.1,0.0,52.1,1,1,2/16/2024,2/16/2024,1,94.73,52.1,42.63,0.450015834,94.73,1.0,0.0,0.0,0,0.0,365.0,1,1.0,570,1,94.73,2,1,1,211,94.73,0.165901926,1,1.0,1,94.73,0.0,94.73,94.73,1.0,1.0,0.0,1.0,1,1.0,1.0,1.0,0.0,Diamond,4
CUST961,302.32,302.32,0.0,1,302.32,302.32,302.32,205.13,205.13,0.0,205.13,1,1.0,0.0,1.0,1,1,302.32,0.0,302.32,302.32,302.32,205.13,0.0,205.13,1,1,2/15/2022,2/15/2022,1,302.32,205.13,97.19,0.32148055,302.32,1.0,0.0,0.0,0,0.0,365.0,1,1.0,1301,1,302.32,1,1,1,111,302.32,0.232196621,2,1.3333,2,328.7019,22.8599,302.32,342.6489,2.9195,0.9732,0.0465,0.3333,2,1.0,0.3333,1.3333,0.069545993,Diamond,4
CUST962,449.56,34.5815,29.9002,13,36.17,5.8,110.0,464.66,35.7431,51.3827,23.4,4832,371.6923,663.1256,100.0,51,2500,0.1656,0.1134,0.044,0.3617,0.1137,0.127,0.0612,0.0966,3,3,2/3/2022,12/2/2022,13,449.56,464.66,-15.1,-0.033588398,149.8533333,1610.666667,0.684782609,1.784071395,302,100.6666667,3.613861386,3,1.0,1011,3,449.56,1,2,1,121,449.56,1.332687747,20,1.2308,2,0.1754,0.1215,0.044,0.4152,12002.2256,461.6241,737.3486,0.5,15,0.75,0.5,1.2308,0.692702395,Diamond,4
CUST963,115.55,2.6872,1.8363,43,2.29,0.46,10.79,116.44,2.7079,3.8717,2.31,2980,69.3023,40.4808,100.0,4,100,0.0731,0.0676,0.0229,0.2475,0.0229,0.0527,0.0493,0.028,5,5,2/15/2022,8/20/2025,43,115.55,116.44,-0.89,-0.007702293,23.11,596.0,0.924760602,0.584119142,1282,256.4,1.422447389,5,1.0,19,5,115.55,4,2,1,421,115.55,28.8875,64,1.1795,2,0.0729,0.0686,0.0229,0.2637,5532.6231,70.9311,40.1414,0.5513,50,0.78125,0.5513,1.1795,0.941015089,Platinum,5
CUST964,9.68,0.6453,1.3699,15,0.09,0.05,4.0,6.94,0.4627,0.9548,0.11,272,18.1333,33.8608,4.0,2,100,0.0261,0.0057,0.0225,0.04,0.025,0.0225,0.006,0.02,3,2,4/13/2022,8/25/2025,15,9.68,6.94,2.74,0.283057851,3.226666667,90.66666667,0.218390805,1.867326962,1230,410.0,0.889520715,2,0.666666667,14,3,9.68,4,2,1,421,9.68,1.936,22,1.2667,2,0.0284,0.0079,0.0225,0.0582,579.0568,19.3019,32.8295,0.5,21,0.954545455,0.5,1.2667,0.278169014,Platinum,5
CUST965,31.93,10.6433,1.8302,3,11.7,8.53,11.7,20.74,6.9133,1.1893,7.6,2160,720.0,484.9742,1000.0,160,1000,0.0256,0.024,0.0117,0.0533,0.0117,0.0166,0.0156,0.0076,2,2,9/8/2022,10/12/2022,3,31.93,20.74,11.19,0.350454118,15.965,1080.0,0.9375,0.673575278,34,17.0,20.85714286,2,1.0,1062,2,31.93,1,1,1,111,31.93,0.060075259,3,1.0,1,0.0256,0.024,0.0117,0.0533,2160.0,720.0,484.9742,1.0,3,1.0,1.0,1.0,0.9375,Diamond,4
CUST966,116.83,58.415,81.4375,2,58.415,0.83,116.0,46.83,23.415,32.4916,23.415,1100,550.0,636.3961,550.0,100,1000,0.0622,0.0762,0.0083,0.116,0.0622,0.0254,0.0297,0.0254,1,2,3/20/2025,3/20/2025,2,116.83,46.83,70.0,0.599161174,116.83,1100.0,1.225080386,1.157083818,0,0.0,365.0,2,2.0,172,1,116.83,3,1,1,311,116.83,0.675317919,5,1.375,2,0.0716,0.0685,0.0083,0.1662,4609.4,576.175,513.1099,0.25,3,0.6,0.25,1.375,0.956703911,Diamond,4
CUST967,3445.35,56.4811,28.9963,61,50.72,4.05,150.05,3694.29,60.5621,44.8198,55.57,27053,443.4918,672.9678,210.0,15,3705,0.2134,0.0927,0.0405,0.3835,0.2415,0.2054,0.0933,0.2646,7,6,1/5/2022,7/14/2025,61,3445.35,3694.29,-248.94,-0.072253907,492.1928571,3864.714286,0.434395501,1.517430086,1286,183.7142857,1.985236985,6,0.857142857,56,7,3445.35,4,2,3,423,3445.35,423.1131579,86,1.211,2,0.2257,0.0958,0.0405,0.4156,54946.5702,504.097,824.9216,0.5596,77,0.895348837,0.5596,1.211,0.424457244,Platinum,5
CUST968,20591.45,98.0545,204.4444,210,41.025,6.0,2367.09,9131.57,43.4837,115.3923,18.31,100930,480.619,376.3128,400.0,20,3000,0.186,0.2431,0.0088,2.88,0.14,0.0839,0.1595,0.0564,72,12,1/7/2022,9/2/2025,210,20591.45,9131.57,11459.88,0.556535844,285.9923611,1401.805556,1.306989247,0.782975288,1334,18.52777778,19.68539326,12,0.166666667,6,72,20591.45,5,4,4,544,20591.45,211797.7714,309,1.2333,2,0.1901,0.2702,0.0088,3.9251,192793.3816,478.3955,355.9867,0.5211,271,0.877022654,0.5211,1.2333,1.42135718,Platinum,5
CUST969,1867.98,169.8164,126.2085,11,156.5,22.76,416.1,726.59,66.0536,76.3109,40.0,10320,938.1818,298.6911,1000.0,500,1500,0.2062,0.1731,0.0205,0.48,0.1565,0.0881,0.1434,0.04,11,5,2/8/2022,5/6/2025,11,1867.98,726.59,1141.39,0.611029026,169.8163636,938.1818182,0.839476237,0.318372303,1183,107.5454545,3.391047297,5,0.454545455,125,11,1867.98,3,3,2,332,1867.98,163.077619,14,1.1765,2,0.2285,0.1856,0.0205,0.5595,15690.8211,922.9895,292.4433,0.6471,13,0.928571429,0.6471,1.1765,0.812253829,Platinum,5
CUST97,285943.46,406.7475,627.3788,703,147.22,14.41,5923.71,208496.36,296.5809,484.8819,92.4,6384,9.0811,13.3836,4.0,1,200,221.9388,297.1657,0.2573,1067.52,57.15,163.3725,230.8009,33.72,304,80,1/7/2022,9/5/2025,703,285943.46,208496.36,77447.1,0.2708476,940.6034868,21.0,1.338953351,1.473786215,1337,4.398026316,82.92974589,80,0.263157895,3,304,285943.46,5,5,5,555,285943.46,21731702.96,989,1.2043,2,236.824,320.5519,0.2573,1369.8559,11345.1622,9.1272,14.1127,0.5656,889,0.898887765,0.5656,1.2043,1.353544827,Platinum,5
CUST970,35024.09,530.668,926.8489,66,305.28,22.78,6337.49,31984.0,484.6061,697.5121,333.6,40034,606.5758,578.9602,495.0,100,3127,0.7372,0.5336,0.0151,2.0345,0.96,0.7213,0.5123,1.0632,9,7,1/7/2022,9/5/2025,66,35024.09,31984.0,3040.09,0.086799971,3891.565556,4448.222222,0.723819859,0.954472961,1337,148.5555556,2.455156951,7,0.777777778,3,9,35024.09,5,3,4,534,35024.09,78804.2025,98,1.2033,2,0.8085,0.5426,0.0151,2.3613,73576.0275,598.1791,553.2278,0.5366,84,0.857142857,0.5366,1.2033,0.671119357,Platinum,5
CUST971,270.19,45.0317,7.3317,6,44.205,38.39,52.5,123.04,20.5067,1.4658,20.655,2400,400.0,808.3316,70.0,70,2050,0.5283,0.2659,0.0244,0.75,0.5484,0.2522,0.1196,0.2951,3,2,6/20/2022,4/21/2025,6,270.19,123.04,147.15,0.544616751,90.06333333,800.0,0.503312512,2.020829,1036,345.3333333,1.055930569,2,0.666666667,140,3,270.19,3,2,1,321,270.19,5.748723404,9,1.25,2,0.6583,0.2313,0.0244,0.8533,2842.5839,236.882,571.0111,0.5,8,0.888888889,0.5,1.25,0.351359563,Platinum,5
CUST972,1202.29,18.2165,18.3943,66,11.38,1.28,113.8,799.17,12.1086,10.1015,11.56,12800,193.9394,147.6782,200.0,100,1000,0.0856,0.0356,0.0128,0.1138,0.1077,0.06,0.0162,0.0674,2,2,1/5/2022,8/20/2025,66,1202.29,799.17,403.12,0.335293482,601.145,6400.0,0.41588785,0.761465695,1323,661.5,0.551359517,2,1.0,19,2,1202.29,4,1,2,412,1202.29,120.229,98,1.2519,2,0.0855,0.0405,0.0128,0.1668,23607.3247,180.2086,120.8256,0.5038,90,0.918367347,0.5038,1.2519,0.473684211,Platinum,5
CUST973,2112.33,1056.165,460.9983,2,1056.165,730.19,1382.14,1161.0,580.5,273.6503,580.5,15,7.5,3.5355,7.5,5,10,142.126,5.5324,138.214,146.038,142.126,77.4,0.0,77.4,2,1,1/24/2022,3/7/2022,2,2112.33,1161.0,951.33,0.450369971,1056.165,7.5,0.038926023,0.4714,42,21.0,16.97674419,1,0.5,1281,2,2112.33,1,1,2,112,2112.33,3.295366615,2,1.3333,2,161.4994,33.783,138.214,200.2462,25.0,8.3333,2.8868,0.6667,3,1.5,0.6667,1.3333,0.20918344,Diamond,4
CUST974,9012.09,1802.418,2263.1669,5,248.8,248.8,5224.8,5356.8,1071.36,1351.1685,149.28,176,35.2,17.8802,48.0,11,48,108.1589,141.3434,5.1833,276.4445,5.1833,63.978,83.4549,3.11,2,4,6/8/2022,12/22/2022,5,9012.09,5356.8,3655.29,0.405598479,4506.045,88.0,1.306812477,0.507960227,197,98.5,3.686868687,4,2.0,991,2,9012.09,1,1,3,113,9012.09,18.16953629,8,1.3333,2,151.9989,157.5883,5.1833,405.7646,387.0299,32.2525,16.4921,0.4167,8,1.0,0.4167,1.3333,1.036772635,Diamond,4
CUST975,1096.07,42.1565,67.9175,26,20.81,3.0,355.78,465.96,17.9215,39.9627,6.165,1420,54.6154,33.9412,50.0,5,100,3.5798,13.8191,0.0569,71.156,0.375,1.9124,8.0434,0.0999,9,21,10/28/2022,9/2/2025,26,1096.07,465.96,630.11,0.574881166,121.7855556,157.7777778,3.860299458,0.621458416,1040,115.5555556,3.155619597,21,2.333333333,6,9,1096.07,5,3,2,532,1096.07,1409.232857,38,1.1739,2,4.062,15.5109,0.0569,80.3761,2652.6798,57.667,32.5998,0.5652,32,0.842105263,0.5652,1.1739,3.818537666,Platinum,5
CUST976,12.05,12.05,0.0,1,12.05,12.05,12.05,4.81,4.81,0.0,4.81,100,100.0,0.0,100.0,100,100,0.1205,0.0,0.1205,0.1205,0.1205,0.0481,0.0,0.0481,1,1,5/5/2023,5/5/2023,1,12.05,4.81,7.24,0.600829876,12.05,100.0,0.0,0.0,0,0.0,365.0,1,1.0,857,1,12.05,2,1,1,211,12.05,0.014044289,2,1.3333,2,0.1303,0.0086,0.1205,0.1362,279.6477,93.2159,5.8752,0.3333,1,0.5,0.3333,1.3333,0.066001535,Diamond,4
CUST977,1406.55,87.9094,74.4564,16,50.2,26.07,266.1,596.93,37.3081,40.1289,20.835,3934,245.875,155.0062,250.0,24,500,0.5396,0.5542,0.0963,1.9746,0.2993,0.2408,0.2732,0.1099,9,12,1/7/2022,8/22/2025,16,1406.55,596.93,809.62,0.575606982,156.2833333,437.1111111,1.027057079,0.630426843,1323,147.0,2.481117825,12,1.333333333,17,9,1406.55,4,3,2,432,1406.55,703.275,19,1.1364,2,0.542,0.4975,0.0963,1.9746,5251.5635,238.7074,138.1771,0.7273,17,0.894736842,0.7273,1.1364,0.917896679,Platinum,5
CUST978,1624.71,812.355,1064.6836,2,812.355,59.51,1565.2,750.94,375.47,487.239,375.47,2246,1123.0,1240.2653,1123.0,246,2000,0.5123,0.3823,0.2419,0.7826,0.5123,0.2429,0.1656,0.2429,1,1,7/5/2022,7/29/2022,2,1624.71,750.94,873.77,0.537800592,1624.71,2246.0,0.746242436,1.10442146,24,24.0,14.6,1,1.0,1137,1,1624.71,1,1,2,112,1624.71,1.427688928,3,1.0,1,0.4268,0.3083,0.2419,0.7826,2519.9998,839.9999,1004.6871,0.6667,2,0.666666667,0.6667,1.0,0.72235239,Diamond,4
CUST979,843.39,36.6691,62.7835,23,8.8,1.14,238.5,357.44,15.5409,27.6789,3.88,27010,1174.3478,1596.3163,510.0,50,5500,0.1048,0.3141,0.0023,1.516,0.0291,0.0424,0.1282,0.0088,12,20,5/16/2022,7/16/2025,23,843.39,357.44,485.95,0.57618658,70.2825,2250.833333,2.997137405,1.359321574,1157,96.41666667,3.78238342,20,1.666666667,54,12,843.39,4,3,2,432,843.39,184.0123636,34,1.2609,2,0.1243,0.3339,0.0023,1.7348,53803.0955,1169.6325,1590.8909,0.5,30,0.882352941,0.5,1.2609,2.686242961,Platinum,5
CUST980,88.14,29.38,7.7769,3,33.87,20.4,33.87,29.16,9.72,3.2018,9.2,180,60.0,0.0,60.0,60,60,0.4897,0.1296,0.34,0.5645,0.5645,0.162,0.0534,0.1533,3,1,2/22/2024,9/10/2024,3,88.14,29.16,58.98,0.669162696,29.38,60.0,0.264651828,0.0,201,67.0,5.420792079,1,0.333333333,363,3,88.14,3,2,1,321,88.14,0.726428571,4,1.3333,2,0.4732,0.1149,0.34,0.5998,366.0083,61.0014,1.5513,0.5,4,1.0,0.5,1.3333,0.242814877,Diamond,4
CUST981,4408.6,220.43,176.1182,20,164.165,27.29,725.32,1323.52,66.176,51.3979,60.015,849,42.45,23.0457,50.0,10,100,5.3268,2.363,2.5218,9.2184,5.0916,1.5065,0.7689,1.345,14,3,10/31/2022,3/4/2025,20,4408.6,1323.52,3085.08,0.69978678,314.9,60.64285714,0.443605917,0.542890459,855,61.07142857,5.969626168,3,0.214285714,188,14,4408.6,3,3,3,333,4408.6,326.562963,30,1.1892,2,5.68,2.4748,2.5218,10.4974,1413.8413,38.2119,23.5346,0.5405,25,0.833333333,0.5405,1.1892,0.435704225,Platinum,5
CUST982,3434.85,228.99,155.7286,15,208.13,10.77,494.67,1727.04,115.136,99.2615,80.8,554,36.9333,39.7914,24.0,2,168,23.6678,62.3457,0.4488,247.335,5.4129,13.4169,37.6414,1.5825,12,10,8/23/2022,6/5/2024,15,3434.85,1727.04,1707.81,0.497200751,286.2375,46.16666667,2.634199207,1.077385449,652,54.33333333,6.707503828,10,0.833333333,460,12,3434.85,2,3,3,233,3434.85,89.41041215,20,1.2593,2,28.6289,77.8374,0.4488,340.4509,856.3585,31.717,30.6396,0.5556,19,0.95,0.5556,1.2593,2.718840053,Platinum,5
CUST983,0.58,0.58,0.0,1,0.58,0.58,0.58,0.53,0.53,0.0,0.53,5,5.0,0.0,5.0,5,5,0.116,0.0,0.116,0.116,0.116,0.106,0.0,0.106,1,1,8/17/2022,8/17/2022,1,0.58,0.53,0.05,0.086206897,0.58,5.0,0.0,0.0,0,0.0,365.0,1,1.0,1118,1,0.58,1,1,1,111,0.58,0.00051832,1,1.5,2,0.1295,0.0191,0.116,0.143,10.0,5.0,0.0,0.5,2,2.0,0.5,1.5,0.147490347,Diamond,4
CUST984,25992.3,1732.82,2422.56,15,547.2,273.7,8200.0,14751.07,983.4047,1446.4561,241.32,207593,13839.5333,8457.1544,12000.0,4000,40000,0.1523,0.1956,0.0322,0.6,0.0456,0.0869,0.1184,0.0201,7,2,10/24/2022,7/28/2025,15,25992.3,14751.07,11241.23,0.432483082,3713.185714,29656.14286,1.284307288,0.611086676,1008,144.0,2.532210109,2,0.285714286,42,7,25992.3,4,2,4,424,25992.3,4231.304651,20,1.2,2,0.1362,0.1949,0.0322,0.6865,343548.6366,13741.9455,8805.4334,0.6,19,0.95,0.6,1.2,1.430983847,Platinum,5
CUST985,1436.05,130.55,115.854,11,114.55,47.15,443.8,716.24,65.1127,68.4957,32.17,8200,745.4545,568.0909,500.0,100,2000,0.2079,0.1536,0.0943,0.6189,0.1875,0.1052,0.096,0.1154,11,6,3/9/2022,3/27/2024,11,1436.05,716.24,719.81,0.501242993,130.55,745.4545455,0.738816739,0.762073205,749,68.09090909,5.353333333,6,0.545454545,530,11,1436.05,2,3,2,232,1436.05,29.74868173,12,1.25,2,0.2627,0.1951,0.0943,0.7808,10298.352,643.647,499.345,0.6875,15,1.25,0.6875,1.25,0.74267225,Diamond,4
CUST986,74.38,74.38,0.0,1,74.38,74.38,74.38,59.5,59.5,0.0,59.5,25,25.0,0.0,25.0,25,25,2.9752,0.0,2.9752,2.9752,2.9752,2.38,0.0,2.38,1,1,4/5/2023,4/5/2023,1,74.38,59.5,14.88,0.200053778,74.38,25.0,0.0,0.0,0,0.0,365.0,1,1.0,887,1,74.38,1,1,1,111,74.38,0.083761261,3,1.0,1,3.2058,0.2096,2.9752,3.3846,67.5278,22.5093,2.19,0.3333,1,0.333333333,0.3333,1.0,0.065381496,Diamond,4
CUST987,12590.49,1798.6414,687.7829,7,1537.55,1072.69,3075.11,6967.95,995.4214,391.5424,902.28,440,62.8571,20.788,55.0,55,110,28.7089,7.194,19.5035,43.4458,27.9555,15.6943,1.9606,16.4051,7,1,6/28/2022,5/8/2024,7,12590.49,6967.95,5622.54,0.446570388,1798.641429,62.85714286,0.250584314,0.330718407,680,97.14285714,3.751835536,1,0.142857143,488,7,12590.49,2,2,4,224,12590.49,180.2319632,10,1.3333,2,32.453,7.2507,19.5035,49.0684,927.0177,61.8012,20.0897,0.4667,11,1.1,0.4667,1.3333,0.223421563,Diamond,4
CUST988,26.49,26.49,0.0,1,26.49,26.49,26.49,8.62,8.62,0.0,8.62,100,100.0,0.0,100.0,100,100,0.2649,0.0,0.2649,0.2649,0.2649,0.0862,0.0,0.0862,1,1,8/3/2022,8/3/2022,1,26.49,8.62,17.87,0.674594186,26.49,100.0,0.0,0.0,0,0.0,365.0,1,1.0,1132,1,26.49,1,1,1,111,26.49,0.023380406,1,1.0,1,0.2649,0.0,0.2649,0.2649,100.0,100.0,0.0,1.0,1,1.0,1.0,1.0,0.0,Diamond,4
CUST989,151.76,50.5867,0.5901,3,50.39,50.12,51.25,135.49,45.1633,21.4448,40.87,469,156.3333,48.7887,184.0,100,185,0.3524,0.1386,0.2724,0.5125,0.2724,0.2849,0.0781,0.2619,2,2,6/3/2022,7/21/2023,3,151.76,135.49,16.27,0.107208751,75.88,234.5,0.393303065,0.312081303,413,206.5,1.763285024,2,1.0,780,2,151.76,2,1,1,211,151.76,0.388629962,4,1.2,2,0.3996,0.1311,0.2724,0.553,765.3598,153.072,43.0308,0.6,4,1.0,0.6,1.2,0.328078078,Diamond,4
CUST99,717465.24,218.9397,1343.7053,3277,59.66,0.09,60760.82,580447.2399,177.1276,1223.0698,44.36,1802669,550.0973,5686.8851,24.0,1,223846,9.949,22.0524,0.001,353.7,2.2238,7.216,15.8912,1.65,512,959,1/3/2022,8/12/2025,3277,717465.24,580447.2399,137018.0001,0.190975106,1401.299297,3520.837891,2.216544376,10.33796221,1317,2.572265625,141.7905918,959,1.873046875,27,512,717465.24,4,5,5,455,717465.24,13119364.39,4810,1.2221,2,10.6809,23.4966,0.001,374.3224,3939031.075,637.0744,6204.7917,0.53,4210,0.875259875,0.53,1.2221,2.199870797,Gold,3
CUST990,1477.88,147.788,154.0895,10,98.445,12.97,533.95,581.36,58.136,43.5834,53.66,4030,403.0,144.1057,500.0,138,530,0.3286,0.2858,0.094,1.0679,0.2629,0.1327,0.0698,0.1317,8,3,3/31/2022,6/6/2024,10,1477.88,581.36,896.52,0.606625707,184.735,503.75,0.869750456,0.357582382,798,99.75,3.65456821,3,0.375,459,8,1477.88,2,3,2,232,1477.88,25.70226087,14,1.125,2,0.3504,0.3173,0.094,1.1566,6129.5409,383.0963,148.9839,0.625,12,0.857142857,0.625,1.125,0.90553653,Platinum,5
CUST991,450.34,225.17,189.9713,2,225.17,90.84,359.5,180.12,90.06,75.9857,90.06,40,20.0,0.0,20.0,20,20,11.2585,9.4986,4.542,17.975,11.2585,4.503,3.7993,4.503,1,2,2/19/2024,2/19/2024,2,450.34,180.12,270.22,0.600035529,450.34,40.0,0.843682551,0.0,0,0.0,365.0,2,2.0,567,1,450.34,2,1,1,211,450.34,0.792852113,4,1.2,2,13.6329,8.17,4.542,20.4821,97.8862,19.5772,0.6498,0.4,2,0.5,0.4,1.2,0.599285552,Diamond,4
CUST992,312.0,156.0,132.3704,2,156.0,62.4,249.6,216.0,108.0,91.641,108.0,2000,1000.0,848.5281,1000.0,400,1600,0.156,0.0,0.156,0.156,0.156,0.108,0.0,0.108,1,1,1/25/2022,1/28/2022,2,312.0,216.0,96.0,0.307692308,312.0,2000.0,0.0,0.8485281,3,3.0,91.25,1,1.0,1319,1,312.0,1,1,1,111,312.0,0.236363636,4,1.3333,2,0.17,0.0149,0.156,0.1961,4476.6643,746.1107,563.8959,0.3333,3,0.75,0.3333,1.3333,0.087647059,Diamond,4
CUST993,382284.29,1304.7245,1838.7008,293,707.2,39.27,12000.0,281825.22,961.8608,1409.5343,526.5,30361,103.6212,123.4318,50.0,1,500,22.5941,31.6856,4.5792,151.8156,10.7196,15.4866,19.8565,7.45,38,17,1/13/2022,9/4/2025,293,382284.29,281825.22,100459.07,0.262786289,10060.11289,798.9736842,1.402383808,1.191182885,1330,35.0,10.42073629,17,0.447368421,4,38,382284.29,5,4,5,545,382284.29,2905360.604,431,1.2276,2,24.7521,34.8851,4.5792,205.2753,56343.4991,100.974,123.5144,0.5251,380,0.881670534,0.5251,1.2276,1.409379406,Platinum,5
CUST994,1130.0,188.3333,25.6172,6,193.805,145.78,209.0,916.7,152.7833,20.0496,161.39,6,1.0,0.0,1.0,1,1,188.3333,25.6172,145.78,209.0,193.805,152.7833,20.0496,161.39,1,1,1/4/2022,1/6/2022,6,1130.0,916.7,213.3,0.188761062,1130.0,6.0,0.136020555,0.0,2,2.0,121.6666667,1,1.0,1341,1,1130.0,1,1,2,112,1130.0,0.842026826,10,1.1667,2,209.3198,37.5628,145.78,301.4337,11.9674,0.9973,0.0277,0.5,7,0.7,0.5,1.1667,0.179451729,Diamond,4
CUST995,190.42,95.21,13.4916,2,95.21,85.67,104.75,116.59,58.295,9.2136,58.295,130,65.0,84.8528,65.0,5,125,8.986,11.523,0.838,17.134,8.986,5.4372,6.9562,5.4372,1,2,8/26/2025,8/26/2025,2,190.42,116.59,73.83,0.387721878,190.42,130.0,1.282328066,1.305427692,0,0.0,365.0,2,2.0,13,1,190.42,5,1,1,511,190.42,13.60142857,2,1.3333,2,12.7038,10.3854,0.838,20.1394,135.0,45.0,69.282,0.6667,3,1.5,0.6667,1.3333,0.817503424,Diamond,4
CUST996,331.12,165.56,0.0,2,165.56,165.56,165.56,205.54,102.77,0.0,102.77,2,1.0,0.0,1.0,1,1,165.56,0.0,165.56,165.56,165.56,102.77,0.0,102.77,1,1,2/16/2023,3/23/2023,2,331.12,205.54,125.58,0.379258275,331.12,2.0,0.0,0.0,35,35.0,10.13888889,1,1.0,900,1,331.12,1,1,1,111,331.12,0.367502775,3,1.5,2,176.4378,10.4616,165.56,190.8153,6.0693,1.0116,0.0179,0.3333,4,1.333333333,0.3333,1.5,0.059293417,Diamond,4
CUST997,21036.8,333.9175,618.2238,63,152.52,6.44,3542.0,15707.51,249.3256,463.4545,112.2,1793,28.4603,62.92,12.0,1,275,16.6052,8.4074,5.93,35.6,13.22,11.9246,5.9475,9.35,20,28,1/31/2022,3/13/2025,63,21036.8,15707.51,5329.29,0.25333178,1051.84,89.65,0.506311276,2.210798902,1137,56.85,6.414762742,28,1.4,179,20,21036.8,3,3,4,334,21036.8,2337.422222,95,1.1949,2,18.1565,9.523,5.93,49.0634,3385.2966,28.689,63.9384,0.5339,78,0.821052632,0.5339,1.1949,0.52449536,Platinum,5
CUST998,364.34,364.34,0.0,1,364.34,364.34,364.34,298.34,298.34,0.0,298.34,11,11.0,0.0,11.0,11,11,33.1218,0.0,33.1218,33.1218,33.1218,27.1218,0.0,27.1218,1,1,1/21/2022,1/21/2022,1,364.34,298.34,66.0,0.181149476,364.34,11.0,0.0,0.0,0,0.0,365.0,1,1.0,1326,1,364.34,1,1,1,111,364.34,0.274559156,1,1.0,1,33.1218,0.0,33.1218,33.1218,11.0,11.0,0.0,1.0,1,1.0,1.0,1.0,0.0,Diamond,4
CUST999,280.75,280.75,0.0,1,280.75,280.75,280.75,112.25,112.25,0.0,112.25,2500,2500.0,0.0,2500.0,2500,2500,0.1123,0.0,0.1123,0.1123,0.1123,0.0449,0.0,0.0449,1,1,1/5/2024,1/5/2024,1,280.75,112.25,168.5,0.600178094,280.75,2500.0,0.0,0.0,0,0.0,365.0,1,1.0,612,1,280.75,2,1,1,211,280.75,0.457993475,1,1.0,1,0.1123,0.0,0.1123,0.1123,2500.0,2500.0,0.0,1.0,1,1.0,1.0,1.0,0.0,Diamond,4
